patient_id,alzheimer,gene,variant_id,category,type,reference_position_1based,ref,alt
P0001,1,PSEN1,BG_P0001_PSEN1_SNP1,background,SNP,300,G,C
P0001,1,PSEN1,BG_P0001_PSEN1_SNP2,background,SNP,508,T,C
P0001,1,PSEN1,BG_P0001_PSEN1_SNP3,background,SNP,600,A,G
P0001,1,PSEN2,SYN_PSEN2_R2,risk_hotspot,DEL,407,GC,-
P0001,1,APOE,BG_P0001_APOE_SNP1,background,SNP,481,C,G
P0001,1,TREM2,BG_P0001_TREM2_SNP1,background,SNP,376,C,T
P0002,1,APP,SYN_APP_R1,risk_hotspot,SNP,217,G,C
P0002,1,APP,BG_P0002_APP_INS,background,INS,434,-,CG
P0002,1,PSEN1,BG_P0002_PSEN1_SNP1,background,SNP,429,G,A
P0002,1,PSEN2,SYN_PSEN2_R2,risk_hotspot,DEL,407,GC,-
P0002,1,PSEN2,BG_P0002_PSEN2_SNP1,background,SNP,645,T,G
P0002,1,APOE,SYN_APOE_H1A,risk_hotspot,SNP,205,T,G
P0002,1,APOE,SYN_APOE_H1B,risk_hotspot,SNP,311,C,T
P0002,1,APOE,BG_P0002_APOE_SNP1,background,SNP,159,C,T
P0002,1,APOE,BG_P0002_APOE_SNP2,background,SNP,288,C,A
P0003,1,PSEN1,SYN_PSEN1_R3,risk_hotspot,INS,611,-,GCT
P0003,1,PSEN1,BG_P0003_PSEN1_SNP1,background,SNP,575,G,T
P0003,1,PSEN1,BG_P0003_PSEN1_SNP2,background,SNP,323,C,A
P0003,1,PSEN1,BG_P0003_PSEN1_SNP3,background,SNP,211,G,T
P0003,1,PSEN2,SYN_PSEN2_R1,risk_hotspot,SNP,166,T,C
P0003,1,PSEN2,BG_P0003_PSEN2_SNP1,background,SNP,359,C,T
P0003,1,PSEN2,BG_P0003_PSEN2_SNP2,background,SNP,304,G,A
P0003,1,TREM2,SYN_TREM2_R2,risk_hotspot,SNP,529,C,A
P0003,1,TREM2,BG_P0003_TREM2_SNP1,background,SNP,677,G,T
P0004,1,PSEN1,BG_P0004_PSEN1_SNP1,background,SNP,86,A,G
P0004,1,PSEN1,BG_P0004_PSEN1_SNP2,background,SNP,547,T,C
P0004,1,APOE,SYN_APOE_H1A,risk_hotspot,SNP,205,T,G
P0004,1,APOE,SYN_APOE_H1B,risk_hotspot,SNP,311,C,T
P0004,1,APOE,BG_P0004_APOE_SNP1,background,SNP,187,A,C
P0004,1,TREM2,SYN_TREM2_R2,risk_hotspot,SNP,529,C,A
P0004,1,TREM2,SYN_TREM2_R3,risk_hotspot,INS,604,-,AT
P0005,0,APP,BG_P0005_APP_SNP1,background,SNP,525,G,T
P0005,0,PSEN2,BG_P0005_PSEN2_SNP1,background,SNP,692,C,G
P0005,0,PSEN2,BG_P0005_PSEN2_SNP2,background,SNP,656,C,G
P0005,0,APOE,SYN_APOE_H1A,risk_hotspot,SNP,205,T,G
P0005,0,APOE,SYN_APOE_H1B,risk_hotspot,SNP,311,C,T
P0005,0,TREM2,SYN_TREM2_R1,risk_hotspot,SNP,251,C,A
P0005,0,TREM2,BG_P0005_TREM2_DEL,background,DEL,693,G,-
P0006,0,APP,BG_P0006_APP_SNP1,background,SNP,190,C,T
P0006,0,APOE,BG_P0006_APOE_SNP1,background,SNP,490,A,T
P0006,0,TREM2,BG_P0006_TREM2_SNP1,background,SNP,59,T,G
P0007,0,APP,BG_P0007_APP_SNP1,background,SNP,716,G,A
P0007,0,APP,BG_P0007_APP_SNP2,background,SNP,594,A,T
P0007,0,PSEN1,BG_P0007_PSEN1_SNP1,background,SNP,115,C,T
P0007,0,APOE,BG_P0007_APOE_INS,background,INS,301,-,A
P0007,0,TREM2,BG_P0007_TREM2_SNP1,background,SNP,407,G,A
P0008,1,APP,SYN_APP_R1,risk_hotspot,SNP,217,G,C
P0008,1,APP,BG_P0008_APP_SNP1,background,SNP,638,T,A
P0008,1,PSEN1,SYN_PSEN1_R2,risk_hotspot,SNP,374,C,G
P0008,1,PSEN1,BG_P0008_PSEN1_INS,background,INS,229,-,CC
P0008,1,APOE,BG_P0008_APOE_SNP1,background,SNP,367,G,T
P0009,0,PSEN1,BG_P0009_PSEN1_SNP1,background,SNP,262,C,G
P0009,0,PSEN1,BG_P0009_PSEN1_INS,background,INS,547,-,T
P0009,0,PSEN2,SYN_PSEN2_R1,risk_hotspot,SNP,166,T,C
P0009,0,PSEN2,BG_P0009_PSEN2_SNP1,background,SNP,428,G,C
P0009,0,APOE,SYN_APOE_H1A,risk_hotspot,SNP,205,T,G
P0009,0,APOE,SYN_APOE_H1B,risk_hotspot,SNP,311,C,T
P0009,0,TREM2,BG_P0009_TREM2_SNP1,background,SNP,86,A,G
P0009,0,TREM2,BG_P0009_TREM2_DEL,background,DEL,475,CA,-
P0010,1,APP,SYN_APP_R2,risk_hotspot,SNP,452,C,G
P0010,1,APP,BG_P0010_APP_SNP1,background,SNP,225,T,G
P0010,1,APP,BG_P0010_APP_SNP2,background,SNP,831,C,T
P0010,1,TREM2,SYN_TREM2_R1,risk_hotspot,SNP,251,C,A
P0010,1,TREM2,BG_P0010_TREM2_SNP1,background,SNP,260,C,A
P0011,1,PSEN1,BG_P0011_PSEN1_SNP1,background,SNP,562,G,A
P0011,1,PSEN1,BG_P0011_PSEN1_SNP2,background,SNP,98,C,T
P0011,1,PSEN2,SYN_PSEN2_R1,risk_hotspot,SNP,166,T,C
P0011,1,TREM2,BG_P0011_TREM2_SNP1,background,SNP,535,A,T
P0012,0,APP,BG_P0012_APP_SNP1,background,SNP,111,G,A
P0012,0,APP,BG_P0012_APP_SNP2,background,SNP,280,G,A
P0012,0,PSEN1,BG_P0012_PSEN1_SNP1,background,SNP,399,C,A
P0012,0,APOE,BG_P0012_APOE_SNP1,background,SNP,343,C,A
P0012,0,APOE,BG_P0012_APOE_SNP2,background,SNP,162,C,T
P0012,0,TREM2,BG_P0012_TREM2_SNP1,background,SNP,68,A,C
P0013,0,PSEN2,BG_P0013_PSEN2_INS,background,INS,461,-,ATT
P0014,0,APP,BG_P0014_APP_SNP1,background,SNP,201,A,T
P0015,1,APP,SYN_APP_R1,risk_hotspot,SNP,217,G,C
P0015,1,PSEN2,BG_P0015_PSEN2_SNP1,background,SNP,332,A,T
P0015,1,PSEN2,BG_P0015_PSEN2_SNP2,background,SNP,106,T,G
P0015,1,APOE,SYN_APOE_H1A,risk_hotspot,SNP,205,T,G
P0015,1,APOE,SYN_APOE_H1B,risk_hotspot,SNP,311,C,T
P0015,1,TREM2,SYN_TREM2_R1,risk_hotspot,SNP,251,C,A
P0016,1,APP,BG_P0016_APP_SNP1,background,SNP,257,T,A
P0016,1,PSEN2,BG_P0016_PSEN2_SNP1,background,SNP,138,T,G
P0016,1,PSEN2,BG_P0016_PSEN2_SNP2,background,SNP,675,T,C
P0016,1,TREM2,SYN_TREM2_R1,risk_hotspot,SNP,251,C,A
P0016,1,TREM2,BG_P0016_TREM2_SNP1,background,SNP,85,G,C
P0016,1,TREM2,BG_P0016_TREM2_SNP2,background,SNP,584,T,C
P0017,0,APP,BG_P0017_APP_SNP1,background,SNP,128,C,A
P0017,0,PSEN1,BG_P0017_PSEN1_SNP1,background,SNP,268,G,C
P0017,0,PSEN1,BG_P0017_PSEN1_SNP2,background,SNP,64,A,T
P0017,0,PSEN2,BG_P0017_PSEN2_SNP1,background,SNP,460,C,G
P0017,0,APOE,BG_P0017_APOE_SNP1,background,SNP,555,C,G
P0017,0,TREM2,BG_P0017_TREM2_SNP1,background,SNP,332,C,T
P0017,0,TREM2,BG_P0017_TREM2_SNP2,background,SNP,259,T,A
P0018,1,APP,SYN_APP_R3,risk_hotspot,DEL,688,TCC,-
P0018,1,APP,BG_P0018_APP_SNP1,background,SNP,68,A,T
P0018,1,PSEN1,SYN_PSEN1_R1,risk_hotspot,SNP,133,C,A
P0018,1,PSEN2,SYN_PSEN2_R2,risk_hotspot,DEL,407,GC,-
P0019,1,APP,BG_P0019_APP_DEL,background,DEL,201,AGG,-
P0019,1,PSEN1,BG_P0019_PSEN1_SNP1,background,SNP,127,A,T
P0020,0,PSEN1,BG_P0020_PSEN1_SNP1,background,SNP,203,C,T
P0020,0,PSEN2,BG_P0020_PSEN2_SNP1,background,SNP,531,C,A
P0020,0,TREM2,BG_P0020_TREM2_SNP1,background,SNP,431,T,C
P0020,0,TREM2,BG_P0020_TREM2_SNP2,background,SNP,458,C,A
P0020,0,TREM2,BG_P0020_TREM2_SNP3,background,SNP,474,T,G
P0021,0,PSEN1,SYN_PSEN1_R3,risk_hotspot,INS,611,-,GCT
P0022,0,PSEN1,SYN_PSEN1_R1,risk_hotspot,SNP,133,C,A
P0022,0,PSEN1,BG_P0022_PSEN1_SNP1,background,SNP,329,A,G
P0022,0,APOE,SYN_APOE_H1A,risk_hotspot,SNP,205,T,G
P0022,0,APOE,SYN_APOE_H1B,risk_hotspot,SNP,311,C,T
P0023,0,PSEN1,BG_P0023_PSEN1_SNP1,background,SNP,721,G,C
P0023,0,PSEN2,BG_P0023_PSEN2_SNP1,background,SNP,123,A,C
P0023,0,TREM2,BG_P0023_TREM2_SNP1,background,SNP,449,G,T
P0023,0,TREM2,BG_P0023_TREM2_INS,background,INS,441,-,T
P0024,0,APP,BG_P0024_APP_SNP1,background,SNP,551,G,A
P0024,0,APP,BG_P0024_APP_SNP2,background,SNP,586,G,A
P0024,0,PSEN1,BG_P0024_PSEN1_DEL,background,DEL,543,CGC,-
P0024,0,PSEN2,BG_P0024_PSEN2_SNP1,background,SNP,60,C,G
P0024,0,PSEN2,BG_P0024_PSEN2_DEL,background,DEL,146,C,-
P0024,0,TREM2,BG_P0024_TREM2_INS,background,INS,263,-,TTA
P0025,1,APP,BG_P0025_APP_SNP1,background,SNP,114,A,G
P0025,1,APOE,BG_P0025_APOE_SNP1,background,SNP,455,C,A
P0025,1,APOE,BG_P0025_APOE_SNP2,background,SNP,353,C,T
P0025,1,TREM2,BG_P0025_TREM2_SNP1,background,SNP,80,T,C
P0026,1,APP,SYN_APP_R1,risk_hotspot,SNP,217,G,C
P0026,1,PSEN1,SYN_PSEN1_R3,risk_hotspot,INS,611,-,GCT
P0026,1,PSEN1,BG_P0026_PSEN1_SNP1,background,SNP,545,C,A
P0026,1,PSEN1,BG_P0026_PSEN1_DEL,background,DEL,500,ACT,-
P0026,1,PSEN2,BG_P0026_PSEN2_SNP1,background,SNP,131,A,C
P0027,0,APP,BG_P0027_APP_SNP1,background,SNP,718,G,C
P0027,0,PSEN2,BG_P0027_PSEN2_SNP1,background,SNP,99,G,A
P0027,0,PSEN2,BG_P0027_PSEN2_SNP2,background,SNP,102,C,A
P0027,0,TREM2,BG_P0027_TREM2_SNP1,background,SNP,98,T,C
P0028,0,APP,BG_P0028_APP_SNP1,background,SNP,867,T,G
P0028,0,PSEN1,SYN_PSEN1_R3,risk_hotspot,INS,611,-,GCT
P0028,0,PSEN1,BG_P0028_PSEN1_SNP1,background,SNP,329,A,T
P0029,0,APP,BG_P0029_APP_SNP1,background,SNP,175,G,T
P0029,0,APP,BG_P0029_APP_DEL,background,DEL,554,TC,-
P0029,0,PSEN2,BG_P0029_PSEN2_SNP1,background,SNP,317,C,G
P0029,0,APOE,SYN_APOE_H1A,risk_hotspot,SNP,205,T,G
P0029,0,APOE,SYN_APOE_H1B,risk_hotspot,SNP,311,C,T
P0030,0,PSEN1,BG_P0030_PSEN1_SNP1,background,SNP,83,A,C
P0030,0,PSEN2,BG_P0030_PSEN2_SNP1,background,SNP,111,G,C
P0030,0,PSEN2,BG_P0030_PSEN2_INS,background,INS,320,-,AC
P0031,0,APP,BG_P0031_APP_SNP1,background,SNP,658,G,T
P0031,0,PSEN1,BG_P0031_PSEN1_SNP1,background,SNP,428,A,T
P0031,0,PSEN1,BG_P0031_PSEN1_SNP2,background,SNP,64,A,C
P0031,0,PSEN1,BG_P0031_PSEN1_SNP3,background,SNP,338,C,A
P0031,0,PSEN1,BG_P0031_PSEN1_SNP4,background,SNP,70,C,A
P0031,0,TREM2,BG_P0031_TREM2_SNP1,background,SNP,33,A,G
P0032,0,PSEN2,BG_P0032_PSEN2_SNP1,background,SNP,207,T,A
P0033,1,APP,BG_P0033_APP_DEL,background,DEL,309,GCC,-
P0033,1,PSEN1,SYN_PSEN1_R2,risk_hotspot,SNP,374,C,G
P0033,1,PSEN1,BG_P0033_PSEN1_SNP1,background,SNP,585,A,C
P0033,1,PSEN1,BG_P0033_PSEN1_INS,background,INS,510,-,CCT
P0033,1,PSEN2,BG_P0033_PSEN2_SNP1,background,SNP,224,C,A
P0033,1,PSEN2,BG_P0033_PSEN2_SNP2,background,SNP,353,C,G
P0033,1,PSEN2,BG_P0033_PSEN2_SNP3,background,SNP,282,C,A
P0033,1,APOE,SYN_APOE_H1A,risk_hotspot,SNP,205,T,G
P0033,1,APOE,SYN_APOE_H1B,risk_hotspot,SNP,311,C,T
P0033,1,TREM2,BG_P0033_TREM2_SNP1,background,SNP,72,G,T
P0034,0,PSEN2,SYN_PSEN2_R1,risk_hotspot,SNP,166,T,C
P0034,0,TREM2,BG_P0034_TREM2_SNP1,background,SNP,365,T,A
P0035,1,APP,SYN_APP_R3,risk_hotspot,DEL,688,TCC,-
P0035,1,PSEN1,BG_P0035_PSEN1_SNP1,background,SNP,730,A,T
P0035,1,APOE,BG_P0035_APOE_SNP1,background,SNP,435,C,T
P0036,0,APP,BG_P0036_APP_SNP1,background,SNP,734,T,G
P0036,0,PSEN1,BG_P0036_PSEN1_SNP1,background,SNP,698,T,C
P0036,0,PSEN2,BG_P0036_PSEN2_SNP1,background,SNP,70,A,G
P0036,0,PSEN2,BG_P0036_PSEN2_SNP2,background,SNP,300,A,C
P0036,0,TREM2,BG_P0036_TREM2_SNP1,background,SNP,584,T,G
P0036,0,TREM2,BG_P0036_TREM2_SNP2,background,SNP,633,T,A
P0037,0,PSEN1,BG_P0037_PSEN1_SNP1,background,SNP,746,C,G
P0037,0,PSEN2,BG_P0037_PSEN2_SNP1,background,SNP,293,A,G
P0037,0,PSEN2,BG_P0037_PSEN2_SNP2,background,SNP,30,C,A
P0037,0,TREM2,BG_P0037_TREM2_SNP1,background,SNP,91,G,T
P0037,0,TREM2,BG_P0037_TREM2_SNP2,background,SNP,388,C,A
P0038,1,APP,BG_P0038_APP_SNP1,background,SNP,793,A,G
P0038,1,PSEN2,BG_P0038_PSEN2_SNP1,background,SNP,278,C,T
P0038,1,PSEN2,BG_P0038_PSEN2_SNP2,background,SNP,279,T,G
P0038,1,TREM2,SYN_TREM2_R1,risk_hotspot,SNP,251,C,A
P0039,0,PSEN1,BG_P0039_PSEN1_SNP1,background,SNP,39,G,C
P0039,0,APOE,SYN_APOE_H1A,risk_hotspot,SNP,205,T,G
P0039,0,APOE,SYN_APOE_H1B,risk_hotspot,SNP,311,C,T
P0039,0,APOE,BG_P0039_APOE_SNP1,background,SNP,65,C,G
P0040,0,APP,SYN_APP_R2,risk_hotspot,SNP,452,C,G
P0040,0,APP,BG_P0040_APP_SNP1,background,SNP,39,G,T
P0040,0,PSEN2,BG_P0040_PSEN2_SNP1,background,SNP,283,G,A
P0040,0,PSEN2,BG_P0040_PSEN2_SNP2,background,SNP,551,C,T
P0040,0,APOE,SYN_APOE_H1A,risk_hotspot,SNP,205,T,G
P0040,0,APOE,SYN_APOE_H1B,risk_hotspot,SNP,311,C,T
P0040,0,APOE,BG_P0040_APOE_SNP1,background,SNP,394,G,A
P0040,0,TREM2,BG_P0040_TREM2_SNP1,background,SNP,399,G,C
P0041,1,PSEN2,BG_P0041_PSEN2_SNP1,background,SNP,455,T,A
P0041,1,PSEN2,BG_P0041_PSEN2_SNP2,background,SNP,124,G,T
P0041,1,APOE,SYN_APOE_H1A,risk_hotspot,SNP,205,T,G
P0041,1,APOE,SYN_APOE_H1B,risk_hotspot,SNP,311,C,T
P0042,1,APP,SYN_APP_R1,risk_hotspot,SNP,217,G,C
P0042,1,APP,BG_P0042_APP_SNP1,background,SNP,413,G,T
P0042,1,PSEN1,SYN_PSEN1_R1,risk_hotspot,SNP,133,C,A
P0042,1,PSEN1,SYN_PSEN1_R2,risk_hotspot,SNP,374,C,G
P0042,1,PSEN2,SYN_PSEN2_R1,risk_hotspot,SNP,166,T,C
P0042,1,APOE,SYN_APOE_H1A,risk_hotspot,SNP,205,T,G
P0042,1,APOE,SYN_APOE_H1B,risk_hotspot,SNP,311,C,T
P0042,1,TREM2,SYN_TREM2_R1,risk_hotspot,SNP,251,C,A
P0043,0,APOE,SYN_APOE_H1A,risk_hotspot,SNP,205,T,G
P0043,0,APOE,SYN_APOE_H1B,risk_hotspot,SNP,311,C,T
P0043,0,TREM2,BG_P0043_TREM2_SNP1,background,SNP,577,G,A
P0044,0,PSEN1,BG_P0044_PSEN1_SNP1,background,SNP,457,A,C
P0044,0,PSEN2,BG_P0044_PSEN2_SNP1,background,SNP,77,G,C
P0044,0,PSEN2,BG_P0044_PSEN2_SNP2,background,SNP,36,G,A
P0044,0,PSEN2,BG_P0044_PSEN2_SNP3,background,SNP,654,T,A
P0044,0,APOE,SYN_APOE_H1A,risk_hotspot,SNP,205,T,G
P0044,0,APOE,SYN_APOE_H1B,risk_hotspot,SNP,311,C,T
P0044,0,APOE,BG_P0044_APOE_SNP1,background,SNP,419,C,T
P0044,0,APOE,BG_P0044_APOE_SNP2,background,SNP,335,C,G
P0044,0,APOE,BG_P0044_APOE_SNP3,background,SNP,176,A,T
P0045,0,APP,BG_P0045_APP_SNP1,background,SNP,828,A,G
P0045,0,PSEN1,BG_P0045_PSEN1_SNP1,background,SNP,36,C,T
P0045,0,PSEN2,BG_P0045_PSEN2_SNP1,background,SNP,483,G,T
P0045,0,TREM2,BG_P0045_TREM2_SNP1,background,SNP,72,G,T
P0046,0,PSEN2,BG_P0046_PSEN2_SNP1,background,SNP,624,C,A
P0046,0,TREM2,BG_P0046_TREM2_SNP1,background,SNP,75,A,T
P0047,1,PSEN1,SYN_PSEN1_R2,risk_hotspot,SNP,374,C,G
P0047,1,PSEN1,BG_P0047_PSEN1_SNP1,background,SNP,553,T,C
P0047,1,PSEN2,BG_P0047_PSEN2_SNP1,background,SNP,222,A,G
P0047,1,TREM2,BG_P0047_TREM2_SNP1,background,SNP,583,C,T
P0047,1,TREM2,BG_P0047_TREM2_SNP2,background,SNP,196,A,T
P0048,0,APP,BG_P0048_APP_SNP1,background,SNP,372,C,T
P0048,0,PSEN2,BG_P0048_PSEN2_SNP1,background,SNP,201,C,T
P0048,0,PSEN2,BG_P0048_PSEN2_SNP2,background,SNP,633,A,C
P0048,0,APOE,BG_P0048_APOE_SNP1,background,SNP,169,G,T
P0048,0,APOE,BG_P0048_APOE_SNP2,background,SNP,440,A,C
P0049,0,PSEN1,SYN_PSEN1_R3,risk_hotspot,INS,611,-,GCT
P0049,0,TREM2,BG_P0049_TREM2_SNP1,background,SNP,478,C,T
P0049,0,TREM2,BG_P0049_TREM2_SNP2,background,SNP,155,A,C
P0050,0,APP,BG_P0050_APP_SNP1,background,SNP,184,C,G
P0050,0,PSEN2,BG_P0050_PSEN2_SNP1,background,SNP,677,A,C
P0050,0,PSEN2,BG_P0050_PSEN2_SNP2,background,SNP,685,T,G
P0050,0,APOE,SYN_APOE_H1A,risk_hotspot,SNP,205,T,G
P0050,0,APOE,SYN_APOE_H1B,risk_hotspot,SNP,311,C,T
P0050,0,APOE,BG_P0050_APOE_INS,background,INS,199,-,G
P0051,0,APOE,SYN_APOE_H1A,risk_hotspot,SNP,205,T,G
P0051,0,APOE,SYN_APOE_H1B,risk_hotspot,SNP,311,C,T
P0052,1,APP,SYN_APP_R1,risk_hotspot,SNP,217,G,C
P0052,1,APP,BG_P0052_APP_SNP1,background,SNP,750,T,C
P0052,1,PSEN2,BG_P0052_PSEN2_SNP1,background,SNP,388,G,A
P0053,0,PSEN2,BG_P0053_PSEN2_SNP1,background,SNP,439,T,G
P0053,0,PSEN2,BG_P0053_PSEN2_SNP2,background,SNP,223,C,A
P0053,0,APOE,BG_P0053_APOE_SNP1,background,SNP,543,T,G
P0053,0,APOE,BG_P0053_APOE_SNP2,background,SNP,93,A,T
P0054,0,APP,SYN_APP_R2,risk_hotspot,SNP,452,C,G
P0054,0,APP,BG_P0054_APP_SNP1,background,SNP,381,A,G
P0054,0,APP,BG_P0054_APP_SNP2,background,SNP,29,T,G
P0055,1,APP,SYN_APP_R1,risk_hotspot,SNP,217,G,C
P0055,1,APP,SYN_APP_R2,risk_hotspot,SNP,452,C,G
P0055,1,APP,BG_P0055_APP_SNP1,background,SNP,319,G,T
P0055,1,PSEN1,SYN_PSEN1_R1,risk_hotspot,SNP,133,C,A
P0055,1,PSEN2,SYN_PSEN2_R1,risk_hotspot,SNP,166,T,C
P0055,1,PSEN2,BG_P0055_PSEN2_SNP1,background,SNP,131,A,G
P0055,1,APOE,BG_P0055_APOE_SNP1,background,SNP,127,G,C
P0055,1,APOE,BG_P0055_APOE_SNP2,background,SNP,574,T,A
P0055,1,TREM2,BG_P0055_TREM2_INS,background,INS,456,-,C
P0056,0,APP,BG_P0056_APP_SNP1,background,SNP,797,G,T
P0056,0,PSEN1,BG_P0056_PSEN1_SNP1,background,SNP,260,T,G
P0056,0,PSEN1,BG_P0056_PSEN1_SNP2,background,SNP,538,A,C
P0056,0,PSEN2,BG_P0056_PSEN2_SNP1,background,SNP,315,G,A
P0057,0,APP,BG_P0057_APP_SNP1,background,SNP,408,A,T
P0057,0,APP,BG_P0057_APP_SNP2,background,SNP,310,C,G
P0057,0,PSEN1,BG_P0057_PSEN1_SNP1,background,SNP,199,C,T
P0057,0,PSEN2,BG_P0057_PSEN2_SNP1,background,SNP,461,G,T
P0057,0,APOE,BG_P0057_APOE_SNP1,background,SNP,407,A,G
P0058,0,PSEN2,BG_P0058_PSEN2_SNP1,background,SNP,589,G,C
P0058,0,APOE,SYN_APOE_H1A,risk_hotspot,SNP,205,T,G
P0058,0,APOE,SYN_APOE_H1B,risk_hotspot,SNP,311,C,T
P0058,0,APOE,BG_P0058_APOE_SNP1,background,SNP,462,A,T
P0059,0,PSEN2,BG_P0059_PSEN2_SNP1,background,SNP,667,C,T
P0059,0,APOE,BG_P0059_APOE_SNP1,background,SNP,528,G,A
P0059,0,TREM2,BG_P0059_TREM2_SNP1,background,SNP,174,C,G
P0060,0,APP,BG_P0060_APP_SNP1,background,SNP,784,C,T
P0060,0,APP,BG_P0060_APP_SNP2,background,SNP,856,C,T
P0060,0,PSEN1,BG_P0060_PSEN1_SNP1,background,SNP,472,C,G
P0060,0,PSEN1,BG_P0060_PSEN1_SNP2,background,SNP,550,G,A
P0060,0,APOE,SYN_APOE_H1A,risk_hotspot,SNP,205,T,G
P0060,0,APOE,SYN_APOE_H1B,risk_hotspot,SNP,311,C,T
P0060,0,TREM2,SYN_TREM2_R1,risk_hotspot,SNP,251,C,A
P0061,0,APP,BG_P0061_APP_SNP1,background,SNP,698,T,C
P0061,0,PSEN2,BG_P0061_PSEN2_SNP1,background,SNP,541,T,C
P0061,0,PSEN2,BG_P0061_PSEN2_SNP2,background,SNP,293,A,C
P0061,0,APOE,BG_P0061_APOE_SNP1,background,SNP,536,A,G
P0062,0,APP,BG_P0062_APP_SNP1,background,SNP,100,A,G
P0062,0,PSEN2,BG_P0062_PSEN2_SNP1,background,SNP,202,C,T
P0063,0,APP,BG_P0063_APP_SNP1,background,SNP,596,C,A
P0063,0,PSEN1,BG_P0063_PSEN1_SNP1,background,SNP,652,G,C
P0063,0,PSEN1,BG_P0063_PSEN1_SNP2,background,SNP,350,A,T
P0063,0,PSEN1,BG_P0063_PSEN1_SNP3,background,SNP,676,T,A
P0063,0,APOE,BG_P0063_APOE_SNP1,background,SNP,122,G,C
P0063,0,APOE,BG_P0063_APOE_SNP2,background,SNP,555,C,A
P0063,0,TREM2,BG_P0063_TREM2_SNP1,background,SNP,120,C,G
P0064,0,APP,BG_P0064_APP_INS,background,INS,396,-,TCT
P0064,0,APOE,BG_P0064_APOE_SNP1,background,SNP,507,C,G
P0064,0,TREM2,BG_P0064_TREM2_SNP1,background,SNP,615,A,C
P0065,1,APP,BG_P0065_APP_SNP1,background,SNP,866,C,T
P0065,1,APP,BG_P0065_APP_SNP2,background,SNP,92,C,T
P0065,1,APP,BG_P0065_APP_SNP3,background,SNP,158,A,G
P0065,1,APP,BG_P0065_APP_SNP4,background,SNP,754,A,G
P0065,1,PSEN1,BG_P0065_PSEN1_SNP1,background,SNP,20,C,T
P0065,1,APOE,SYN_APOE_H1A,risk_hotspot,SNP,205,T,G
P0065,1,APOE,SYN_APOE_H1B,risk_hotspot,SNP,311,C,T
P0065,1,APOE,BG_P0065_APOE_SNP1,background,SNP,45,G,A
P0065,1,TREM2,BG_P0065_TREM2_SNP1,background,SNP,62,T,C
P0066,1,APP,SYN_APP_R2,risk_hotspot,SNP,452,C,G
P0066,1,APP,SYN_APP_R3,risk_hotspot,DEL,688,TCC,-
P0066,1,PSEN1,SYN_PSEN1_R1,risk_hotspot,SNP,133,C,A
P0066,1,PSEN1,BG_P0066_PSEN1_SNP1,background,SNP,439,C,G
P0066,1,PSEN2,SYN_PSEN2_R1,risk_hotspot,SNP,166,T,C
P0066,1,APOE,BG_P0066_APOE_SNP1,background,SNP,431,C,T
P0066,1,TREM2,BG_P0066_TREM2_SNP1,background,SNP,400,T,G
P0066,1,TREM2,BG_P0066_TREM2_INS,background,INS,426,-,GGA
P0067,0,PSEN2,BG_P0067_PSEN2_SNP1,background,SNP,379,T,A
P0067,0,PSEN2,BG_P0067_PSEN2_SNP2,background,SNP,439,T,G
P0067,0,APOE,BG_P0067_APOE_SNP1,background,SNP,217,C,G
P0068,0,APP,BG_P0068_APP_SNP1,background,SNP,878,G,T
P0068,0,APP,BG_P0068_APP_SNP2,background,SNP,525,G,A
P0068,0,PSEN1,BG_P0068_PSEN1_SNP1,background,SNP,467,T,C
P0068,0,PSEN2,BG_P0068_PSEN2_SNP1,background,SNP,298,G,A
P0068,0,TREM2,BG_P0068_TREM2_SNP1,background,SNP,486,T,C
P0069,1,PSEN1,BG_P0069_PSEN1_SNP1,background,SNP,215,T,C
P0069,1,APOE,SYN_APOE_H1A,risk_hotspot,SNP,205,T,G
P0069,1,APOE,SYN_APOE_H1B,risk_hotspot,SNP,311,C,T
P0069,1,TREM2,BG_P0069_TREM2_SNP1,background,SNP,570,T,G
P0070,1,APP,SYN_APP_R3,risk_hotspot,DEL,688,TCC,-
P0070,1,APP,BG_P0070_APP_SNP1,background,SNP,321,G,C
P0070,1,PSEN1,BG_P0070_PSEN1_SNP1,background,SNP,591,A,T
P0070,1,PSEN2,SYN_PSEN2_R2,risk_hotspot,DEL,407,GC,-
P0070,1,PSEN2,BG_P0070_PSEN2_SNP1,background,SNP,208,C,G
P0070,1,APOE,SYN_APOE_H1A,risk_hotspot,SNP,205,T,G
P0070,1,APOE,SYN_APOE_H1B,risk_hotspot,SNP,311,C,T
P0070,1,APOE,BG_P0070_APOE_SNP1,background,SNP,575,C,G
P0070,1,TREM2,SYN_TREM2_R2,risk_hotspot,SNP,529,C,A
P0071,1,APP,BG_P0071_APP_SNP1,background,SNP,503,G,T
P0071,1,APP,BG_P0071_APP_SNP2,background,SNP,489,C,A
P0071,1,PSEN2,SYN_PSEN2_R2,risk_hotspot,DEL,407,GC,-
P0071,1,APOE,SYN_APOE_H1A,risk_hotspot,SNP,205,T,G
P0071,1,APOE,SYN_APOE_H1B,risk_hotspot,SNP,311,C,T
P0071,1,TREM2,BG_P0071_TREM2_SNP1,background,SNP,522,C,T
P0072,0,PSEN1,BG_P0072_PSEN1_SNP1,background,SNP,387,C,T
P0072,0,PSEN2,BG_P0072_PSEN2_SNP1,background,SNP,672,C,G
P0073,1,APP,BG_P0073_APP_SNP1,background,SNP,818,G,A
P0073,1,APP,BG_P0073_APP_DEL,background,DEL,427,C,-
P0073,1,PSEN1,SYN_PSEN1_R1,risk_hotspot,SNP,133,C,A
P0073,1,PSEN2,SYN_PSEN2_R3,risk_hotspot,SNP,615,T,G
P0073,1,PSEN2,BG_P0073_PSEN2_SNP1,background,SNP,524,T,A
P0074,0,APP,BG_P0074_APP_SNP1,background,SNP,355,A,T
P0074,0,PSEN1,BG_P0074_PSEN1_SNP1,background,SNP,693,G,A
P0074,0,PSEN1,BG_P0074_PSEN1_SNP2,background,SNP,295,C,A
P0074,0,APOE,BG_P0074_APOE_SNP1,background,SNP,124,G,T
P0074,0,TREM2,BG_P0074_TREM2_SNP1,background,SNP,24,A,G
P0075,0,PSEN1,BG_P0075_PSEN1_SNP1,background,SNP,626,C,G
P0075,0,APOE,BG_P0075_APOE_SNP1,background,SNP,538,A,T
P0075,0,TREM2,BG_P0075_TREM2_SNP1,background,SNP,389,G,T
P0076,1,PSEN1,SYN_PSEN1_R1,risk_hotspot,SNP,133,C,A
P0076,1,PSEN1,BG_P0076_PSEN1_SNP1,background,SNP,457,A,G
P0076,1,APOE,SYN_APOE_H1A,risk_hotspot,SNP,205,T,G
P0076,1,APOE,SYN_APOE_H1B,risk_hotspot,SNP,311,C,T
P0076,1,APOE,BG_P0076_APOE_SNP1,background,SNP,386,C,G
P0077,1,APP,SYN_APP_R3,risk_hotspot,DEL,688,TCC,-
P0077,1,APP,BG_P0077_APP_SNP1,background,SNP,654,G,C
P0077,1,PSEN1,BG_P0077_PSEN1_DEL,background,DEL,117,CG,-
P0077,1,PSEN2,BG_P0077_PSEN2_SNP1,background,SNP,228,G,C
P0077,1,PSEN2,BG_P0077_PSEN2_SNP2,background,SNP,253,A,G
P0077,1,TREM2,SYN_TREM2_R1,risk_hotspot,SNP,251,C,A
P0077,1,TREM2,SYN_TREM2_R3,risk_hotspot,INS,604,-,AT
P0078,0,PSEN1,BG_P0078_PSEN1_SNP1,background,SNP,663,C,A
P0078,0,PSEN2,BG_P0078_PSEN2_SNP1,background,SNP,560,C,T
P0078,0,PSEN2,BG_P0078_PSEN2_SNP2,background,SNP,708,G,A
P0078,0,PSEN2,BG_P0078_PSEN2_SNP3,background,SNP,189,T,C
P0078,0,APOE,SYN_APOE_H1A,risk_hotspot,SNP,205,T,G
P0078,0,APOE,SYN_APOE_H1B,risk_hotspot,SNP,311,C,T
P0078,0,TREM2,SYN_TREM2_R1,risk_hotspot,SNP,251,C,A
P0079,1,APP,SYN_APP_R1,risk_hotspot,SNP,217,G,C
P0079,1,APP,BG_P0079_APP_SNP1,background,SNP,541,G,A
P0079,1,APOE,SYN_APOE_H1A,risk_hotspot,SNP,205,T,G
P0079,1,APOE,SYN_APOE_H1B,risk_hotspot,SNP,311,C,T
P0079,1,TREM2,BG_P0079_TREM2_SNP1,background,SNP,419,A,T
P0079,1,TREM2,BG_P0079_TREM2_SNP2,background,SNP,80,T,G
P0080,1,PSEN1,SYN_PSEN1_R1,risk_hotspot,SNP,133,C,A
P0080,1,PSEN1,SYN_PSEN1_R2,risk_hotspot,SNP,374,C,G
P0080,1,PSEN2,SYN_PSEN2_R3,risk_hotspot,SNP,615,T,G
P0080,1,APOE,SYN_APOE_H1A,risk_hotspot,SNP,205,T,G
P0080,1,APOE,SYN_APOE_H1B,risk_hotspot,SNP,311,C,T
P0081,0,PSEN1,BG_P0081_PSEN1_SNP1,background,SNP,98,C,T
P0081,0,PSEN2,BG_P0081_PSEN2_SNP1,background,SNP,78,G,A
P0081,0,APOE,BG_P0081_APOE_SNP1,background,SNP,234,C,A
P0082,1,APP,SYN_APP_R1,risk_hotspot,SNP,217,G,C
P0082,1,APP,BG_P0082_APP_SNP1,background,SNP,302,C,A
P0082,1,APP,BG_P0082_APP_SNP2,background,SNP,582,A,T
P0082,1,PSEN1,BG_P0082_PSEN1_SNP1,background,SNP,537,A,G
P0082,1,PSEN1,BG_P0082_PSEN1_DEL,background,DEL,684,A,-
P0082,1,TREM2,SYN_TREM2_R2,risk_hotspot,SNP,529,C,A
P0082,1,TREM2,BG_P0082_TREM2_SNP1,background,SNP,348,A,G
P0083,1,PSEN1,SYN_PSEN1_R3,risk_hotspot,INS,611,-,GCT
P0083,1,PSEN2,SYN_PSEN2_R2,risk_hotspot,DEL,407,GC,-
P0083,1,APOE,SYN_APOE_H1A,risk_hotspot,SNP,205,T,G
P0083,1,APOE,SYN_APOE_H1B,risk_hotspot,SNP,311,C,T
P0083,1,TREM2,SYN_TREM2_R1,risk_hotspot,SNP,251,C,A
P0083,1,TREM2,BG_P0083_TREM2_SNP1,background,SNP,290,G,C
P0083,1,TREM2,BG_P0083_TREM2_SNP2,background,SNP,453,A,C
P0083,1,TREM2,BG_P0083_TREM2_SNP3,background,SNP,515,A,T
P0084,0,PSEN2,BG_P0084_PSEN2_SNP1,background,SNP,414,T,C
P0084,0,APOE,BG_P0084_APOE_SNP1,background,SNP,540,A,G
P0084,0,TREM2,SYN_TREM2_R1,risk_hotspot,SNP,251,C,A
P0085,1,APP,SYN_APP_R1,risk_hotspot,SNP,217,G,C
P0085,1,APP,SYN_APP_R3,risk_hotspot,DEL,688,TCC,-
P0085,1,PSEN1,SYN_PSEN1_R1,risk_hotspot,SNP,133,C,A
P0085,1,PSEN1,BG_P0085_PSEN1_SNP1,background,SNP,415,G,A
P0085,1,PSEN2,SYN_PSEN2_R1,risk_hotspot,SNP,166,T,C
P0085,1,PSEN2,BG_P0085_PSEN2_SNP1,background,SNP,304,G,C
P0085,1,TREM2,SYN_TREM2_R2,risk_hotspot,SNP,529,C,A
P0085,1,TREM2,BG_P0085_TREM2_SNP1,background,SNP,95,C,G
P0086,0,PSEN1,BG_P0086_PSEN1_INS,background,INS,298,-,TGC
P0086,0,APOE,BG_P0086_APOE_SNP1,background,SNP,54,C,A
P0086,0,APOE,BG_P0086_APOE_DEL,background,DEL,262,GTC,-
P0087,1,APP,BG_P0087_APP_SNP1,background,SNP,315,C,A
P0087,1,PSEN1,BG_P0087_PSEN1_SNP1,background,SNP,341,C,G
P0087,1,PSEN1,BG_P0087_PSEN1_SNP2,background,SNP,529,T,G
P0088,1,APP,SYN_APP_R3,risk_hotspot,DEL,688,TCC,-
P0088,1,APP,BG_P0088_APP_SNP1,background,SNP,27,G,T
P0088,1,PSEN2,SYN_PSEN2_R3,risk_hotspot,SNP,615,T,G
P0088,1,APOE,SYN_APOE_H1A,risk_hotspot,SNP,205,T,G
P0088,1,APOE,SYN_APOE_H1B,risk_hotspot,SNP,311,C,T
P0088,1,APOE,BG_P0088_APOE_SNP1,background,SNP,263,T,A
P0088,1,TREM2,SYN_TREM2_R2,risk_hotspot,SNP,529,C,A
P0088,1,TREM2,BG_P0088_TREM2_SNP1,background,SNP,649,A,T
P0089,0,PSEN2,SYN_PSEN2_R3,risk_hotspot,SNP,615,T,G
P0089,0,APOE,BG_P0089_APOE_INS,background,INS,152,-,AC
P0089,0,TREM2,BG_P0089_TREM2_SNP1,background,SNP,145,T,A
P0090,0,PSEN1,SYN_PSEN1_R1,risk_hotspot,SNP,133,C,A
P0090,0,APOE,BG_P0090_APOE_SNP1,background,SNP,63,G,A
P0091,1,PSEN1,SYN_PSEN1_R1,risk_hotspot,SNP,133,C,A
P0091,1,PSEN2,BG_P0091_PSEN2_SNP1,background,SNP,194,G,T
P0091,1,PSEN2,BG_P0091_PSEN2_SNP2,background,SNP,499,G,A
P0091,1,TREM2,BG_P0091_TREM2_SNP1,background,SNP,446,T,C
P0091,1,TREM2,BG_P0091_TREM2_SNP2,background,SNP,689,G,C
P0092,0,APP,BG_P0092_APP_SNP1,background,SNP,59,T,G
P0092,0,PSEN1,BG_P0092_PSEN1_SNP1,background,SNP,466,A,C
P0092,0,PSEN2,BG_P0092_PSEN2_SNP1,background,SNP,184,A,G
P0092,0,TREM2,BG_P0092_TREM2_SNP1,background,SNP,97,G,C
P0093,1,APP,BG_P0093_APP_SNP1,background,SNP,801,T,C
P0093,1,APP,BG_P0093_APP_SNP2,background,SNP,270,C,A
P0093,1,PSEN1,BG_P0093_PSEN1_SNP1,background,SNP,295,C,T
P0093,1,PSEN1,BG_P0093_PSEN1_INS,background,INS,435,-,GT
P0093,1,PSEN2,BG_P0093_PSEN2_SNP1,background,SNP,115,C,T
P0093,1,APOE,SYN_APOE_H1A,risk_hotspot,SNP,205,T,G
P0093,1,APOE,SYN_APOE_H1B,risk_hotspot,SNP,311,C,T
P0093,1,TREM2,BG_P0093_TREM2_SNP1,background,SNP,312,T,G
P0094,0,PSEN2,BG_P0094_PSEN2_SNP1,background,SNP,646,A,T
P0094,0,APOE,BG_P0094_APOE_SNP1,background,SNP,550,C,G
P0095,0,PSEN1,BG_P0095_PSEN1_SNP1,background,SNP,309,A,T
P0095,0,PSEN2,BG_P0095_PSEN2_SNP1,background,SNP,358,C,G
P0095,0,TREM2,BG_P0095_TREM2_SNP1,background,SNP,509,A,C
P0096,0,APP,BG_P0096_APP_SNP1,background,SNP,83,C,G
P0096,0,APOE,BG_P0096_APOE_SNP1,background,SNP,400,C,A
P0096,0,APOE,BG_P0096_APOE_SNP2,background,SNP,237,C,A
P0097,1,APP,SYN_APP_R2,risk_hotspot,SNP,452,C,G
P0097,1,APP,BG_P0097_APP_SNP1,background,SNP,176,G,A
P0097,1,APOE,BG_P0097_APOE_SNP1,background,SNP,251,T,A
P0098,0,PSEN1,BG_P0098_PSEN1_SNP1,background,SNP,311,G,C
P0098,0,PSEN1,BG_P0098_PSEN1_SNP2,background,SNP,337,T,A
P0098,0,PSEN2,BG_P0098_PSEN2_SNP1,background,SNP,505,G,T
P0098,0,APOE,BG_P0098_APOE_SNP1,background,SNP,534,A,C
P0098,0,TREM2,SYN_TREM2_R1,risk_hotspot,SNP,251,C,A
P0099,0,APOE,BG_P0099_APOE_SNP1,background,SNP,94,C,T
P0099,0,TREM2,BG_P0099_TREM2_SNP1,background,SNP,51,A,G
P0099,0,TREM2,BG_P0099_TREM2_SNP2,background,SNP,647,C,T
P0100,1,APP,BG_P0100_APP_SNP1,background,SNP,472,T,C
P0100,1,PSEN2,BG_P0100_PSEN2_SNP1,background,SNP,422,C,A
P0100,1,PSEN2,BG_P0100_PSEN2_SNP2,background,SNP,120,C,A
P0100,1,APOE,SYN_APOE_H1A,risk_hotspot,SNP,205,T,G
P0100,1,APOE,SYN_APOE_H1B,risk_hotspot,SNP,311,C,T
P0100,1,APOE,BG_P0100_APOE_SNP1,background,SNP,104,T,A
P0100,1,TREM2,BG_P0100_TREM2_SNP1,background,SNP,101,G,C
P0101,0,APP,BG_P0101_APP_SNP1,background,SNP,847,G,A
P0101,0,PSEN1,BG_P0101_PSEN1_SNP1,background,SNP,749,T,A
P0101,0,APOE,BG_P0101_APOE_SNP1,background,SNP,421,G,A
P0101,0,TREM2,BG_P0101_TREM2_SNP1,background,SNP,39,C,T
P0102,1,APP,BG_P0102_APP_SNP1,background,SNP,194,C,A
P0102,1,PSEN1,SYN_PSEN1_R1,risk_hotspot,SNP,133,C,A
P0102,1,PSEN1,SYN_PSEN1_R2,risk_hotspot,SNP,374,C,G
P0102,1,APOE,BG_P0102_APOE_SNP1,background,SNP,197,C,G
P0102,1,TREM2,BG_P0102_TREM2_SNP1,background,SNP,120,C,T
P0103,0,PSEN1,BG_P0103_PSEN1_SNP1,background,SNP,691,G,A
P0103,0,PSEN1,BG_P0103_PSEN1_SNP2,background,SNP,646,C,T
P0104,0,APP,BG_P0104_APP_SNP1,background,SNP,781,T,A
P0104,0,APP,BG_P0104_APP_SNP2,background,SNP,666,G,A
P0104,0,PSEN1,BG_P0104_PSEN1_SNP1,background,SNP,243,A,C
P0104,0,PSEN1,BG_P0104_PSEN1_SNP2,background,SNP,228,A,G
P0104,0,APOE,BG_P0104_APOE_INS,background,INS,277,-,TAC
P0105,0,PSEN1,BG_P0105_PSEN1_SNP1,background,SNP,422,T,G
P0105,0,PSEN1,BG_P0105_PSEN1_SNP2,background,SNP,108,C,A
P0105,0,PSEN1,BG_P0105_PSEN1_SNP3,background,SNP,498,C,T
P0105,0,PSEN2,BG_P0105_PSEN2_SNP1,background,SNP,333,G,C
P0105,0,PSEN2,BG_P0105_PSEN2_SNP2,background,SNP,118,T,G
P0105,0,PSEN2,BG_P0105_PSEN2_SNP3,background,SNP,691,A,G
P0105,0,PSEN2,BG_P0105_PSEN2_DEL,background,DEL,257,C,-
P0106,0,TREM2,BG_P0106_TREM2_SNP1,background,SNP,85,G,T
P0107,0,APOE,BG_P0107_APOE_SNP1,background,SNP,331,A,T
P0108,1,APP,BG_P0108_APP_SNP1,background,SNP,625,G,A
P0108,1,APP,BG_P0108_APP_DEL,background,DEL,359,GAC,-
P0108,1,PSEN1,SYN_PSEN1_R2,risk_hotspot,SNP,374,C,G
P0108,1,PSEN1,BG_P0108_PSEN1_SNP1,background,SNP,714,G,A
P0108,1,APOE,BG_P0108_APOE_SNP1,background,SNP,46,G,C
P0108,1,APOE,BG_P0108_APOE_SNP2,background,SNP,194,G,A
P0108,1,APOE,BG_P0108_APOE_SNP3,background,SNP,70,G,C
P0108,1,TREM2,BG_P0108_TREM2_SNP1,background,SNP,399,G,A
P0108,1,TREM2,BG_P0108_TREM2_SNP2,background,SNP,640,C,T
P0109,1,APP,BG_P0109_APP_INS,background,INS,771,-,AG
P0109,1,PSEN1,SYN_PSEN1_R3,risk_hotspot,INS,611,-,GCT
P0109,1,PSEN2,SYN_PSEN2_R3,risk_hotspot,SNP,615,T,G
P0109,1,PSEN2,BG_P0109_PSEN2_SNP1,background,SNP,696,C,A
P0109,1,APOE,BG_P0109_APOE_SNP1,background,SNP,459,G,A
P0109,1,TREM2,BG_P0109_TREM2_SNP1,background,SNP,679,T,C
P0109,1,TREM2,BG_P0109_TREM2_SNP2,background,SNP,314,A,T
P0109,1,TREM2,BG_P0109_TREM2_SNP3,background,SNP,645,G,T
P0109,1,TREM2,BG_P0109_TREM2_SNP4,background,SNP,676,T,A
P0110,0,APP,BG_P0110_APP_SNP1,background,SNP,343,A,C
P0110,0,APP,BG_P0110_APP_SNP2,background,SNP,398,G,T
P0110,0,PSEN1,BG_P0110_PSEN1_SNP1,background,SNP,486,A,C
P0110,0,TREM2,BG_P0110_TREM2_SNP1,background,SNP,128,C,G
P0111,0,APP,SYN_APP_R2,risk_hotspot,SNP,452,C,G
P0111,0,PSEN2,BG_P0111_PSEN2_SNP1,background,SNP,475,C,T
P0111,0,PSEN2,BG_P0111_PSEN2_SNP2,background,SNP,136,C,T
P0111,0,APOE,BG_P0111_APOE_SNP1,background,SNP,161,G,T
P0111,0,TREM2,BG_P0111_TREM2_SNP1,background,SNP,494,C,T
P0112,0,PSEN2,BG_P0112_PSEN2_INS,background,INS,431,-,GTA
P0112,0,TREM2,BG_P0112_TREM2_SNP1,background,SNP,472,C,G
P0113,1,APP,BG_P0113_APP_DEL,background,DEL,207,CCA,-
P0113,1,PSEN1,BG_P0113_PSEN1_SNP1,background,SNP,262,C,G
P0113,1,PSEN2,SYN_PSEN2_R2,risk_hotspot,DEL,407,GC,-
P0113,1,APOE,SYN_APOE_H1A,risk_hotspot,SNP,205,T,G
P0113,1,APOE,SYN_APOE_H1B,risk_hotspot,SNP,311,C,T
P0113,1,TREM2,SYN_TREM2_R1,risk_hotspot,SNP,251,C,A
P0114,0,APP,SYN_APP_R3,risk_hotspot,DEL,688,TCC,-
P0114,0,PSEN2,BG_P0114_PSEN2_SNP1,background,SNP,275,G,T
P0114,0,APOE,SYN_APOE_H1A,risk_hotspot,SNP,205,T,G
P0114,0,APOE,SYN_APOE_H1B,risk_hotspot,SNP,311,C,T
P0114,0,APOE,BG_P0114_APOE_SNP1,background,SNP,105,A,G
P0114,0,APOE,BG_P0114_APOE_SNP2,background,SNP,526,G,C
P0115,0,APP,BG_P0115_APP_SNP1,background,SNP,335,G,T
P0115,0,PSEN2,BG_P0115_PSEN2_SNP1,background,SNP,635,C,A
P0115,0,PSEN2,BG_P0115_PSEN2_SNP2,background,SNP,349,G,C
P0115,0,TREM2,BG_P0115_TREM2_SNP1,background,SNP,659,C,A
P0116,0,PSEN1,BG_P0116_PSEN1_SNP1,background,SNP,435,C,A
P0116,0,PSEN1,BG_P0116_PSEN1_SNP2,background,SNP,550,G,A
P0116,0,APOE,SYN_APOE_H1A,risk_hotspot,SNP,205,T,G
P0116,0,APOE,SYN_APOE_H1B,risk_hotspot,SNP,311,C,T
P0117,0,APP,BG_P0117_APP_SNP1,background,SNP,203,G,T
P0117,0,APP,BG_P0117_APP_SNP2,background,SNP,352,T,A
P0117,0,APP,BG_P0117_APP_SNP3,background,SNP,660,G,T
P0117,0,APOE,BG_P0117_APOE_SNP1,background,SNP,32,A,T
P0118,1,APP,BG_P0118_APP_SNP1,background,SNP,490,A,T
P0118,1,PSEN1,SYN_PSEN1_R1,risk_hotspot,SNP,133,C,A
P0118,1,PSEN2,SYN_PSEN2_R3,risk_hotspot,SNP,615,T,G
P0118,1,APOE,BG_P0118_APOE_SNP1,background,SNP,524,A,T
P0118,1,APOE,BG_P0118_APOE_SNP2,background,SNP,251,T,A
P0118,1,APOE,BG_P0118_APOE_SNP3,background,SNP,332,C,G
P0118,1,APOE,BG_P0118_APOE_DEL,background,DEL,538,A,-
P0118,1,TREM2,BG_P0118_TREM2_SNP1,background,SNP,689,G,T
P0119,0,APP,BG_P0119_APP_SNP1,background,SNP,642,A,T
P0119,0,PSEN1,BG_P0119_PSEN1_SNP1,background,SNP,230,C,A
P0119,0,APOE,BG_P0119_APOE_SNP1,background,SNP,415,C,T
P0120,0,APP,BG_P0120_APP_SNP1,background,SNP,293,A,C
P0120,0,PSEN2,BG_P0120_PSEN2_SNP1,background,SNP,119,G,A
P0120,0,TREM2,BG_P0120_TREM2_SNP1,background,SNP,160,G,T
P0121,0,PSEN2,BG_P0121_PSEN2_SNP1,background,SNP,216,C,A
P0121,0,PSEN2,BG_P0121_PSEN2_SNP2,background,SNP,399,C,A
P0121,0,APOE,BG_P0121_APOE_SNP1,background,SNP,138,A,G
P0122,1,APP,SYN_APP_R1,risk_hotspot,SNP,217,G,C
P0122,1,PSEN1,SYN_PSEN1_R3,risk_hotspot,INS,611,-,GCT
P0122,1,PSEN1,BG_P0122_PSEN1_SNP1,background,SNP,229,C,G
P0122,1,PSEN2,BG_P0122_PSEN2_SNP1,background,SNP,510,T,C
P0122,1,APOE,SYN_APOE_H1A,risk_hotspot,SNP,205,T,G
P0122,1,APOE,SYN_APOE_H1B,risk_hotspot,SNP,311,C,T
P0122,1,APOE,BG_P0122_APOE_SNP1,background,SNP,531,G,A
P0122,1,TREM2,SYN_TREM2_R1,risk_hotspot,SNP,251,C,A
P0123,0,PSEN1,BG_P0123_PSEN1_SNP1,background,SNP,230,C,T
P0123,0,PSEN1,BG_P0123_PSEN1_SNP2,background,SNP,45,A,C
P0123,0,PSEN1,BG_P0123_PSEN1_DEL,background,DEL,283,AT,-
P0123,0,PSEN2,BG_P0123_PSEN2_SNP1,background,SNP,582,T,A
P0123,0,APOE,BG_P0123_APOE_SNP1,background,SNP,335,C,T
P0123,0,TREM2,BG_P0123_TREM2_SNP1,background,SNP,573,C,A
P0124,0,APP,BG_P0124_APP_SNP1,background,SNP,333,C,T
P0124,0,PSEN1,BG_P0124_PSEN1_SNP1,background,SNP,229,C,G
P0124,0,PSEN1,BG_P0124_PSEN1_SNP2,background,SNP,341,C,G
P0124,0,PSEN1,BG_P0124_PSEN1_SNP3,background,SNP,454,T,C
P0124,0,APOE,BG_P0124_APOE_INS,background,INS,512,-,GT
P0124,0,TREM2,BG_P0124_TREM2_SNP1,background,SNP,21,T,A
P0125,1,APP,SYN_APP_R1,risk_hotspot,SNP,217,G,C
P0125,1,PSEN1,BG_P0125_PSEN1_SNP1,background,SNP,32,A,T
P0125,1,APOE,SYN_APOE_H1A,risk_hotspot,SNP,205,T,G
P0125,1,APOE,SYN_APOE_H1B,risk_hotspot,SNP,311,C,T
P0125,1,APOE,BG_P0125_APOE_SNP1,background,SNP,544,G,A
P0125,1,TREM2,SYN_TREM2_R1,risk_hotspot,SNP,251,C,A
P0126,0,PSEN1,BG_P0126_PSEN1_SNP1,background,SNP,712,C,G
P0126,0,TREM2,BG_P0126_TREM2_SNP1,background,SNP,642,G,A
P0127,0,PSEN2,BG_P0127_PSEN2_SNP1,background,SNP,75,C,G
P0127,0,APOE,BG_P0127_APOE_SNP1,background,SNP,165,C,A
P0127,0,TREM2,BG_P0127_TREM2_SNP1,background,SNP,461,G,T
P0127,0,TREM2,BG_P0127_TREM2_SNP2,background,SNP,165,C,G
P0128,0,APP,SYN_APP_R1,risk_hotspot,SNP,217,G,C
P0128,0,PSEN1,BG_P0128_PSEN1_DEL,background,DEL,117,CGA,-
P0128,0,PSEN2,BG_P0128_PSEN2_SNP1,background,SNP,277,G,T
P0128,0,APOE,SYN_APOE_H1A,risk_hotspot,SNP,205,T,G
P0128,0,APOE,SYN_APOE_H1B,risk_hotspot,SNP,311,C,T
P0128,0,TREM2,BG_P0128_TREM2_DEL,background,DEL,573,C,-
P0129,1,APP,SYN_APP_R3,risk_hotspot,DEL,688,TCC,-
P0129,1,PSEN1,BG_P0129_PSEN1_SNP1,background,SNP,590,T,G
P0129,1,PSEN1,BG_P0129_PSEN1_SNP2,background,SNP,542,A,C
P0129,1,PSEN1,BG_P0129_PSEN1_INS,background,INS,660,-,C
P0129,1,APOE,BG_P0129_APOE_SNP1,background,SNP,497,T,G
P0129,1,APOE,BG_P0129_APOE_SNP2,background,SNP,155,G,T
P0130,0,APP,BG_P0130_APP_SNP1,background,SNP,172,C,A
P0130,0,PSEN1,BG_P0130_PSEN1_SNP1,background,SNP,625,A,T
P0130,0,APOE,BG_P0130_APOE_SNP1,background,SNP,398,A,C
P0130,0,TREM2,BG_P0130_TREM2_SNP1,background,SNP,381,A,T
P0130,0,TREM2,BG_P0130_TREM2_SNP2,background,SNP,201,G,T
P0131,0,APP,BG_P0131_APP_SNP1,background,SNP,491,A,T
P0131,0,PSEN1,SYN_PSEN1_R2,risk_hotspot,SNP,374,C,G
P0131,0,APOE,SYN_APOE_H1A,risk_hotspot,SNP,205,T,G
P0131,0,APOE,SYN_APOE_H1B,risk_hotspot,SNP,311,C,T
P0131,0,APOE,BG_P0131_APOE_SNP1,background,SNP,172,T,G
P0132,0,PSEN2,BG_P0132_PSEN2_SNP1,background,SNP,328,A,T
P0132,0,PSEN2,BG_P0132_PSEN2_SNP2,background,SNP,58,T,A
P0132,0,APOE,SYN_APOE_H1A,risk_hotspot,SNP,205,T,G
P0132,0,APOE,SYN_APOE_H1B,risk_hotspot,SNP,311,C,T
P0132,0,TREM2,BG_P0132_TREM2_SNP1,background,SNP,29,A,T
P0133,0,PSEN1,BG_P0133_PSEN1_SNP1,background,SNP,139,G,A
P0133,0,APOE,BG_P0133_APOE_SNP1,background,SNP,265,G,T
P0133,0,APOE,BG_P0133_APOE_SNP2,background,SNP,393,A,G
P0133,0,APOE,BG_P0133_APOE_INS,background,INS,562,-,GT
P0134,0,PSEN2,BG_P0134_PSEN2_SNP1,background,SNP,125,G,A
P0134,0,PSEN2,BG_P0134_PSEN2_SNP2,background,SNP,68,G,T
P0134,0,APOE,SYN_APOE_H1A,risk_hotspot,SNP,205,T,G
P0134,0,APOE,SYN_APOE_H1B,risk_hotspot,SNP,311,C,T
P0134,0,APOE,BG_P0134_APOE_SNP1,background,SNP,284,C,G
P0134,0,TREM2,BG_P0134_TREM2_SNP1,background,SNP,128,C,T
P0135,1,APP,BG_P0135_APP_SNP1,background,SNP,259,C,A
P0135,1,PSEN1,BG_P0135_PSEN1_SNP1,background,SNP,410,G,T
P0135,1,APOE,SYN_APOE_H1A,risk_hotspot,SNP,205,T,G
P0135,1,APOE,SYN_APOE_H1B,risk_hotspot,SNP,311,C,T
P0136,0,PSEN2,BG_P0136_PSEN2_SNP1,background,SNP,350,T,A
P0136,0,APOE,SYN_APOE_H1A,risk_hotspot,SNP,205,T,G
P0136,0,APOE,SYN_APOE_H1B,risk_hotspot,SNP,311,C,T
P0136,0,TREM2,BG_P0136_TREM2_SNP1,background,SNP,557,G,C
P0137,0,APP,BG_P0137_APP_SNP1,background,SNP,113,T,C
P0137,0,APP,BG_P0137_APP_SNP2,background,SNP,733,G,A
P0137,0,PSEN1,BG_P0137_PSEN1_SNP1,background,SNP,66,A,C
P0137,0,PSEN2,BG_P0137_PSEN2_SNP1,background,SNP,205,T,A
P0137,0,APOE,BG_P0137_APOE_DEL,background,DEL,41,C,-
P0138,0,APP,BG_P0138_APP_SNP1,background,SNP,574,C,G
P0138,0,PSEN1,BG_P0138_PSEN1_SNP1,background,SNP,87,G,C
P0138,0,PSEN1,BG_P0138_PSEN1_SNP2,background,SNP,636,T,G
P0138,0,PSEN2,SYN_PSEN2_R2,risk_hotspot,DEL,407,GC,-
P0139,1,APP,BG_P0139_APP_SNP1,background,SNP,417,C,A
P0139,1,PSEN1,BG_P0139_PSEN1_SNP1,background,SNP,713,C,A
P0139,1,PSEN2,BG_P0139_PSEN2_SNP1,background,SNP,309,C,A
P0139,1,PSEN2,BG_P0139_PSEN2_INS,background,INS,149,-,CC
P0139,1,APOE,BG_P0139_APOE_SNP1,background,SNP,518,G,T
P0140,0,APOE,BG_P0140_APOE_SNP1,background,SNP,490,A,C
P0140,0,TREM2,BG_P0140_TREM2_SNP1,background,SNP,243,C,G
P0140,0,TREM2,BG_P0140_TREM2_SNP2,background,SNP,157,A,C
P0141,1,PSEN1,SYN_PSEN1_R3,risk_hotspot,INS,611,-,GCT
P0141,1,PSEN1,BG_P0141_PSEN1_SNP1,background,SNP,749,T,C
P0141,1,APOE,BG_P0141_APOE_SNP1,background,SNP,85,C,T
P0141,1,APOE,BG_P0141_APOE_DEL,background,DEL,62,G,-
P0142,0,APP,BG_P0142_APP_SNP1,background,SNP,492,G,C
P0142,0,PSEN2,SYN_PSEN2_R1,risk_hotspot,SNP,166,T,C
P0142,0,TREM2,BG_P0142_TREM2_SNP1,background,SNP,135,G,T
P0143,0,PSEN1,SYN_PSEN1_R3,risk_hotspot,INS,611,-,GCT
P0143,0,APOE,SYN_APOE_H1A,risk_hotspot,SNP,205,T,G
P0143,0,APOE,SYN_APOE_H1B,risk_hotspot,SNP,311,C,T
P0143,0,TREM2,BG_P0143_TREM2_SNP1,background,SNP,544,C,A
P0143,0,TREM2,BG_P0143_TREM2_SNP2,background,SNP,423,T,G
P0144,0,APP,BG_P0144_APP_SNP1,background,SNP,524,A,C
P0144,0,APP,BG_P0144_APP_SNP2,background,SNP,825,A,G
P0144,0,TREM2,BG_P0144_TREM2_SNP1,background,SNP,497,T,G
P0145,0,TREM2,BG_P0145_TREM2_SNP1,background,SNP,564,C,A
P0146,1,PSEN1,BG_P0146_PSEN1_SNP1,background,SNP,173,C,T
P0146,1,PSEN2,SYN_PSEN2_R3,risk_hotspot,SNP,615,T,G
P0146,1,APOE,SYN_APOE_H1A,risk_hotspot,SNP,205,T,G
P0146,1,APOE,SYN_APOE_H1B,risk_hotspot,SNP,311,C,T
P0146,1,APOE,BG_P0146_APOE_SNP1,background,SNP,298,G,T
P0146,1,APOE,BG_P0146_APOE_SNP2,background,SNP,457,C,T
P0147,1,APP,BG_P0147_APP_SNP1,background,SNP,258,G,T
P0147,1,APP,BG_P0147_APP_SNP2,background,SNP,415,G,C
P0147,1,PSEN1,SYN_PSEN1_R1,risk_hotspot,SNP,133,C,A
P0147,1,PSEN1,SYN_PSEN1_R2,risk_hotspot,SNP,374,C,G
P0147,1,APOE,SYN_APOE_H1A,risk_hotspot,SNP,205,T,G
P0147,1,APOE,SYN_APOE_H1B,risk_hotspot,SNP,311,C,T
P0147,1,TREM2,SYN_TREM2_R2,risk_hotspot,SNP,529,C,A
P0148,1,PSEN1,SYN_PSEN1_R1,risk_hotspot,SNP,133,C,A
P0148,1,PSEN1,BG_P0148_PSEN1_INS,background,INS,698,-,AG
P0148,1,PSEN2,BG_P0148_PSEN2_SNP1,background,SNP,608,C,G
P0148,1,APOE,SYN_APOE_H1A,risk_hotspot,SNP,205,T,G
P0148,1,APOE,SYN_APOE_H1B,risk_hotspot,SNP,311,C,T
P0149,1,APP,SYN_APP_R2,risk_hotspot,SNP,452,C,G
P0149,1,PSEN1,BG_P0149_PSEN1_SNP1,background,SNP,388,G,C
P0149,1,PSEN2,SYN_PSEN2_R3,risk_hotspot,SNP,615,T,G
P0149,1,PSEN2,BG_P0149_PSEN2_SNP1,background,SNP,642,G,A
P0149,1,APOE,SYN_APOE_H1A,risk_hotspot,SNP,205,T,G
P0149,1,APOE,SYN_APOE_H1B,risk_hotspot,SNP,311,C,T
P0150,1,APP,BG_P0150_APP_SNP1,background,SNP,528,C,G
P0150,1,PSEN1,BG_P0150_PSEN1_SNP1,background,SNP,68,G,A
P0150,1,PSEN1,BG_P0150_PSEN1_SNP2,background,SNP,512,G,T
P0150,1,PSEN2,BG_P0150_PSEN2_SNP1,background,SNP,558,C,A
P0150,1,APOE,SYN_APOE_H1A,risk_hotspot,SNP,205,T,G
P0150,1,APOE,SYN_APOE_H1B,risk_hotspot,SNP,311,C,T
P0150,1,APOE,BG_P0150_APOE_SNP1,background,SNP,574,T,A
P0150,1,APOE,BG_P0150_APOE_SNP2,background,SNP,72,C,A
P0151,0,APP,BG_P0151_APP_SNP1,background,SNP,326,C,G
P0151,0,APP,BG_P0151_APP_SNP2,background,SNP,84,C,A
P0151,0,APP,BG_P0151_APP_SNP3,background,SNP,269,A,T
P0151,0,PSEN1,BG_P0151_PSEN1_INS,background,INS,540,-,GA
P0151,0,APOE,BG_P0151_APOE_SNP1,background,SNP,373,T,C
P0151,0,APOE,BG_P0151_APOE_SNP2,background,SNP,336,G,C
P0151,0,TREM2,BG_P0151_TREM2_SNP1,background,SNP,436,C,T
P0152,1,APP,SYN_APP_R3,risk_hotspot,DEL,688,TCC,-
P0152,1,APP,BG_P0152_APP_SNP1,background,SNP,91,C,G
P0152,1,APP,BG_P0152_APP_SNP2,background,SNP,281,G,A
P0152,1,PSEN1,BG_P0152_PSEN1_SNP1,background,SNP,420,C,G
P0152,1,PSEN1,BG_P0152_PSEN1_SNP2,background,SNP,410,G,T
P0152,1,PSEN2,BG_P0152_PSEN2_SNP1,background,SNP,445,A,C
P0152,1,PSEN2,BG_P0152_PSEN2_SNP2,background,SNP,715,T,G
P0152,1,APOE,BG_P0152_APOE_SNP1,background,SNP,427,A,T
P0152,1,TREM2,SYN_TREM2_R3,risk_hotspot,INS,604,-,AT
P0152,1,TREM2,BG_P0152_TREM2_SNP1,background,SNP,596,T,A
P0153,1,APP,BG_P0153_APP_SNP1,background,SNP,479,C,T
P0153,1,APP,BG_P0153_APP_SNP2,background,SNP,402,A,C
P0153,1,PSEN1,BG_P0153_PSEN1_SNP1,background,SNP,98,C,T
P0153,1,PSEN2,BG_P0153_PSEN2_SNP1,background,SNP,70,A,T
P0153,1,APOE,SYN_APOE_H1A,risk_hotspot,SNP,205,T,G
P0153,1,APOE,SYN_APOE_H1B,risk_hotspot,SNP,311,C,T
P0153,1,TREM2,BG_P0153_TREM2_SNP1,background,SNP,238,T,G
P0154,0,APP,BG_P0154_APP_SNP1,background,SNP,828,A,G
P0154,0,PSEN1,BG_P0154_PSEN1_SNP1,background,SNP,420,C,T
P0154,0,APOE,BG_P0154_APOE_SNP1,background,SNP,463,C,A
P0155,0,APP,BG_P0155_APP_SNP1,background,SNP,734,T,G
P0155,0,PSEN2,BG_P0155_PSEN2_SNP1,background,SNP,395,G,A
P0155,0,APOE,SYN_APOE_H1A,risk_hotspot,SNP,205,T,G
P0155,0,APOE,SYN_APOE_H1B,risk_hotspot,SNP,311,C,T
P0155,0,APOE,BG_P0155_APOE_SNP1,background,SNP,362,G,T
P0156,1,APP,BG_P0156_APP_DEL,background,DEL,633,GA,-
P0156,1,PSEN1,BG_P0156_PSEN1_SNP1,background,SNP,304,C,A
P0156,1,PSEN2,BG_P0156_PSEN2_SNP1,background,SNP,356,C,G
P0156,1,PSEN2,BG_P0156_PSEN2_SNP2,background,SNP,524,T,A
P0156,1,APOE,SYN_APOE_H1A,risk_hotspot,SNP,205,T,G
P0156,1,APOE,SYN_APOE_H1B,risk_hotspot,SNP,311,C,T
P0156,1,TREM2,BG_P0156_TREM2_SNP1,background,SNP,431,T,G
P0156,1,TREM2,BG_P0156_TREM2_SNP2,background,SNP,207,C,A
P0157,1,APP,BG_P0157_APP_SNP1,background,SNP,211,G,T
P0157,1,PSEN1,BG_P0157_PSEN1_SNP1,background,SNP,709,G,T
P0157,1,APOE,SYN_APOE_H1A,risk_hotspot,SNP,205,T,G
P0157,1,APOE,SYN_APOE_H1B,risk_hotspot,SNP,311,C,T
P0158,1,APP,BG_P0158_APP_SNP1,background,SNP,495,G,T
P0158,1,APOE,BG_P0158_APOE_DEL,background,DEL,431,C,-
P0159,0,PSEN2,BG_P0159_PSEN2_SNP1,background,SNP,177,A,T
P0159,0,TREM2,BG_P0159_TREM2_SNP1,background,SNP,152,C,A
P0160,0,APP,SYN_APP_R1,risk_hotspot,SNP,217,G,C
P0160,0,TREM2,BG_P0160_TREM2_SNP1,background,SNP,437,T,A
P0161,1,APP,BG_P0161_APP_SNP1,background,SNP,677,A,T
P0161,1,PSEN1,BG_P0161_PSEN1_SNP1,background,SNP,143,A,C
P0161,1,PSEN2,SYN_PSEN2_R3,risk_hotspot,SNP,615,T,G
P0161,1,PSEN2,BG_P0161_PSEN2_SNP1,background,SNP,577,T,C
P0161,1,PSEN2,BG_P0161_PSEN2_SNP2,background,SNP,568,G,T
P0161,1,PSEN2,BG_P0161_PSEN2_SNP3,background,SNP,466,T,A
P0161,1,APOE,SYN_APOE_H1A,risk_hotspot,SNP,205,T,G
P0161,1,APOE,SYN_APOE_H1B,risk_hotspot,SNP,311,C,T
P0162,0,APP,BG_P0162_APP_SNP1,background,SNP,488,G,C
P0162,0,PSEN1,BG_P0162_PSEN1_SNP1,background,SNP,471,C,G
P0162,0,PSEN2,BG_P0162_PSEN2_SNP1,background,SNP,160,G,T
P0162,0,APOE,SYN_APOE_H1A,risk_hotspot,SNP,205,T,G
P0162,0,APOE,SYN_APOE_H1B,risk_hotspot,SNP,311,C,T
P0163,1,PSEN1,BG_P0163_PSEN1_SNP1,background,SNP,598,C,A
P0163,1,PSEN2,BG_P0163_PSEN2_SNP1,background,SNP,250,A,T
P0163,1,PSEN2,BG_P0163_PSEN2_SNP2,background,SNP,482,A,C
P0164,0,APP,SYN_APP_R2,risk_hotspot,SNP,452,C,G
P0164,0,APP,BG_P0164_APP_SNP1,background,SNP,189,C,A
P0164,0,PSEN2,BG_P0164_PSEN2_SNP1,background,SNP,417,G,T
P0164,0,TREM2,BG_P0164_TREM2_DEL,background,DEL,293,CTA,-
P0165,0,PSEN2,BG_P0165_PSEN2_SNP1,background,SNP,370,C,T
P0165,0,PSEN2,BG_P0165_PSEN2_SNP2,background,SNP,673,C,T
P0165,0,PSEN2,BG_P0165_PSEN2_SNP3,background,SNP,385,C,A
P0165,0,TREM2,BG_P0165_TREM2_SNP1,background,SNP,180,C,A
P0166,0,APP,BG_P0166_APP_SNP1,background,SNP,529,G,A
P0166,0,PSEN1,BG_P0166_PSEN1_SNP1,background,SNP,719,A,G
P0166,0,PSEN2,BG_P0166_PSEN2_SNP1,background,SNP,436,T,C
P0166,0,PSEN2,BG_P0166_PSEN2_INS,background,INS,606,-,TC
P0166,0,APOE,BG_P0166_APOE_SNP1,background,SNP,220,C,A
P0167,0,APP,BG_P0167_APP_SNP1,background,SNP,278,C,T
P0167,0,PSEN1,SYN_PSEN1_R1,risk_hotspot,SNP,133,C,A
P0167,0,APOE,BG_P0167_APOE_SNP1,background,SNP,377,G,A
P0167,0,TREM2,BG_P0167_TREM2_SNP1,background,SNP,464,T,C
P0168,1,APP,BG_P0168_APP_SNP1,background,SNP,815,T,C
P0168,1,PSEN1,SYN_PSEN1_R1,risk_hotspot,SNP,133,C,A
P0168,1,PSEN1,SYN_PSEN1_R3,risk_hotspot,INS,611,-,GCT
P0168,1,PSEN2,BG_P0168_PSEN2_SNP1,background,SNP,329,C,T
P0168,1,APOE,SYN_APOE_H1A,risk_hotspot,SNP,205,T,G
P0168,1,APOE,SYN_APOE_H1B,risk_hotspot,SNP,311,C,T
P0168,1,TREM2,SYN_TREM2_R1,risk_hotspot,SNP,251,C,A
P0169,1,APOE,SYN_APOE_H1A,risk_hotspot,SNP,205,T,G
P0169,1,APOE,SYN_APOE_H1B,risk_hotspot,SNP,311,C,T
P0169,1,APOE,BG_P0169_APOE_SNP1,background,SNP,256,A,T
P0170,0,APOE,BG_P0170_APOE_SNP1,background,SNP,302,G,T
P0170,0,APOE,BG_P0170_APOE_INS,background,INS,505,-,A
P0171,0,APP,BG_P0171_APP_SNP1,background,SNP,418,G,C
P0171,0,APP,BG_P0171_APP_SNP2,background,SNP,771,C,A
P0171,0,PSEN1,SYN_PSEN1_R1,risk_hotspot,SNP,133,C,A
P0171,0,PSEN1,BG_P0171_PSEN1_SNP1,background,SNP,199,C,T
P0171,0,PSEN2,BG_P0171_PSEN2_SNP1,background,SNP,574,T,G
P0172,0,PSEN2,BG_P0172_PSEN2_SNP1,background,SNP,440,T,G
P0172,0,PSEN2,BG_P0172_PSEN2_SNP2,background,SNP,637,A,G
P0173,0,APP,BG_P0173_APP_SNP1,background,SNP,113,T,C
P0173,0,PSEN1,BG_P0173_PSEN1_SNP1,background,SNP,628,G,C
P0173,0,APOE,BG_P0173_APOE_SNP1,background,SNP,563,G,A
P0173,0,APOE,BG_P0173_APOE_SNP2,background,SNP,80,C,T
P0174,1,APP,BG_P0174_APP_SNP1,background,SNP,431,G,C
P0174,1,PSEN1,SYN_PSEN1_R2,risk_hotspot,SNP,374,C,G
P0174,1,PSEN1,BG_P0174_PSEN1_SNP1,background,SNP,528,G,T
P0174,1,PSEN2,BG_P0174_PSEN2_DEL,background,DEL,361,GTG,-
P0174,1,TREM2,SYN_TREM2_R1,risk_hotspot,SNP,251,C,A
P0174,1,TREM2,SYN_TREM2_R2,risk_hotspot,SNP,529,C,A
P0174,1,TREM2,BG_P0174_TREM2_SNP1,background,SNP,232,T,G
P0174,1,TREM2,BG_P0174_TREM2_SNP2,background,SNP,70,C,T
P0174,1,TREM2,BG_P0174_TREM2_SNP3,background,SNP,141,C,A
P0175,0,APOE,BG_P0175_APOE_SNP1,background,SNP,317,G,T
P0176,0,APP,SYN_APP_R1,risk_hotspot,SNP,217,G,C
P0176,0,APP,BG_P0176_APP_SNP1,background,SNP,523,A,T
P0176,0,PSEN2,BG_P0176_PSEN2_SNP1,background,SNP,313,A,T
P0176,0,PSEN2,BG_P0176_PSEN2_SNP2,background,SNP,322,C,T
P0177,0,APOE,BG_P0177_APOE_INS,background,INS,417,-,C
P0177,0,TREM2,BG_P0177_TREM2_SNP1,background,SNP,62,T,G
P0178,0,PSEN1,BG_P0178_PSEN1_SNP1,background,SNP,154,G,T
P0179,1,APP,BG_P0179_APP_SNP1,background,SNP,618,C,G
P0179,1,PSEN1,SYN_PSEN1_R2,risk_hotspot,SNP,374,C,G
P0179,1,PSEN1,BG_P0179_PSEN1_SNP1,background,SNP,605,A,T
P0179,1,PSEN2,BG_P0179_PSEN2_SNP1,background,SNP,591,C,A
P0179,1,TREM2,BG_P0179_TREM2_SNP1,background,SNP,43,G,C
P0180,0,APP,BG_P0180_APP_SNP1,background,SNP,178,T,C
P0180,0,PSEN1,BG_P0180_PSEN1_SNP1,background,SNP,147,C,G
P0180,0,APOE,SYN_APOE_H1A,risk_hotspot,SNP,205,T,G
P0180,0,APOE,SYN_APOE_H1B,risk_hotspot,SNP,311,C,T
P0181,0,PSEN2,BG_P0181_PSEN2_SNP1,background,SNP,78,G,A
P0181,0,TREM2,BG_P0181_TREM2_SNP1,background,SNP,261,C,G
P0182,0,APP,BG_P0182_APP_SNP1,background,SNP,735,A,G
P0182,0,PSEN1,BG_P0182_PSEN1_SNP1,background,SNP,515,G,C
P0182,0,TREM2,BG_P0182_TREM2_SNP1,background,SNP,190,C,T
P0183,0,APP,BG_P0183_APP_SNP1,background,SNP,520,T,G
P0183,0,PSEN1,BG_P0183_PSEN1_SNP1,background,SNP,428,A,C
P0183,0,PSEN2,BG_P0183_PSEN2_INS,background,INS,346,-,T
P0183,0,TREM2,BG_P0183_TREM2_SNP1,background,SNP,266,T,A
P0183,0,TREM2,BG_P0183_TREM2_SNP2,background,SNP,554,G,C
P0184,0,APP,BG_P0184_APP_SNP1,background,SNP,497,C,A
P0184,0,PSEN1,BG_P0184_PSEN1_SNP1,background,SNP,200,C,G
P0184,0,PSEN2,SYN_PSEN2_R3,risk_hotspot,SNP,615,T,G
P0184,0,PSEN2,BG_P0184_PSEN2_SNP1,background,SNP,670,A,G
P0184,0,APOE,BG_P0184_APOE_SNP1,background,SNP,573,G,T
P0185,0,PSEN1,BG_P0185_PSEN1_SNP1,background,SNP,87,G,C
P0185,0,PSEN2,SYN_PSEN2_R3,risk_hotspot,SNP,615,T,G
P0185,0,APOE,SYN_APOE_H1A,risk_hotspot,SNP,205,T,G
P0185,0,APOE,SYN_APOE_H1B,risk_hotspot,SNP,311,C,T
P0185,0,APOE,BG_P0185_APOE_SNP1,background,SNP,414,T,A
P0185,0,TREM2,BG_P0185_TREM2_SNP1,background,SNP,327,A,C
P0186,0,APP,BG_P0186_APP_SNP1,background,SNP,148,C,G
P0186,0,APP,BG_P0186_APP_SNP2,background,SNP,188,G,C
P0187,1,APP,SYN_APP_R2,risk_hotspot,SNP,452,C,G
P0187,1,APP,SYN_APP_R3,risk_hotspot,DEL,688,TCC,-
P0187,1,APOE,SYN_APOE_H1A,risk_hotspot,SNP,205,T,G
P0187,1,APOE,SYN_APOE_H1B,risk_hotspot,SNP,311,C,T
P0187,1,APOE,BG_P0187_APOE_SNP1,background,SNP,176,A,C
P0188,1,PSEN1,BG_P0188_PSEN1_SNP1,background,SNP,126,A,G
P0188,1,PSEN2,BG_P0188_PSEN2_SNP1,background,SNP,457,G,A
P0188,1,APOE,SYN_APOE_H1A,risk_hotspot,SNP,205,T,G
P0188,1,APOE,SYN_APOE_H1B,risk_hotspot,SNP,311,C,T
P0188,1,TREM2,BG_P0188_TREM2_SNP1,background,SNP,38,G,T
P0188,1,TREM2,BG_P0188_TREM2_SNP2,background,SNP,215,C,A
P0189,0,APP,BG_P0189_APP_SNP1,background,SNP,716,G,A
P0189,0,PSEN2,BG_P0189_PSEN2_SNP1,background,SNP,383,C,G
P0189,0,APOE,BG_P0189_APOE_SNP1,background,SNP,100,T,G
P0190,0,APP,BG_P0190_APP_SNP1,background,SNP,509,T,G
P0190,0,PSEN1,SYN_PSEN1_R3,risk_hotspot,INS,611,-,GCT
P0190,0,PSEN1,BG_P0190_PSEN1_SNP1,background,SNP,748,G,T
P0190,0,PSEN2,BG_P0190_PSEN2_SNP1,background,SNP,429,G,C
P0191,1,PSEN2,BG_P0191_PSEN2_SNP1,background,SNP,418,A,C
P0191,1,APOE,SYN_APOE_H1A,risk_hotspot,SNP,205,T,G
P0191,1,APOE,SYN_APOE_H1B,risk_hotspot,SNP,311,C,T
P0191,1,APOE,BG_P0191_APOE_SNP1,background,SNP,502,A,C
P0191,1,APOE,BG_P0191_APOE_SNP2,background,SNP,506,C,A
P0191,1,TREM2,SYN_TREM2_R1,risk_hotspot,SNP,251,C,A
P0191,1,TREM2,SYN_TREM2_R2,risk_hotspot,SNP,529,C,A
P0191,1,TREM2,BG_P0191_TREM2_SNP1,background,SNP,640,C,T
P0192,0,PSEN1,SYN_PSEN1_R2,risk_hotspot,SNP,374,C,G
P0192,0,PSEN1,BG_P0192_PSEN1_SNP1,background,SNP,619,A,T
P0192,0,APOE,BG_P0192_APOE_SNP1,background,SNP,434,G,A
P0192,0,TREM2,BG_P0192_TREM2_SNP1,background,SNP,484,G,C
P0193,0,PSEN1,BG_P0193_PSEN1_SNP1,background,SNP,348,G,T
P0193,0,APOE,BG_P0193_APOE_SNP1,background,SNP,482,C,A
P0194,0,PSEN1,BG_P0194_PSEN1_SNP1,background,SNP,461,A,C
P0194,0,PSEN2,BG_P0194_PSEN2_SNP1,background,SNP,488,C,T
P0194,0,PSEN2,BG_P0194_PSEN2_SNP2,background,SNP,212,C,T
P0194,0,TREM2,BG_P0194_TREM2_DEL,background,DEL,632,GTG,-
P0195,1,APP,SYN_APP_R1,risk_hotspot,SNP,217,G,C
P0195,1,APP,SYN_APP_R2,risk_hotspot,SNP,452,C,G
P0195,1,APP,BG_P0195_APP_SNP1,background,SNP,406,G,C
P0195,1,APP,BG_P0195_APP_SNP2,background,SNP,369,G,A
P0195,1,APP,BG_P0195_APP_SNP3,background,SNP,677,A,G
P0195,1,PSEN1,SYN_PSEN1_R1,risk_hotspot,SNP,133,C,A
P0195,1,PSEN1,BG_P0195_PSEN1_SNP1,background,SNP,460,A,G
P0195,1,PSEN2,SYN_PSEN2_R3,risk_hotspot,SNP,615,T,G
P0195,1,TREM2,SYN_TREM2_R1,risk_hotspot,SNP,251,C,A
P0195,1,TREM2,BG_P0195_TREM2_SNP1,background,SNP,537,G,T
P0196,0,PSEN1,BG_P0196_PSEN1_SNP1,background,SNP,464,C,G
P0196,0,APOE,BG_P0196_APOE_SNP1,background,SNP,280,C,G
P0196,0,TREM2,BG_P0196_TREM2_SNP1,background,SNP,271,C,G
P0197,0,APP,BG_P0197_APP_SNP1,background,SNP,578,C,A
P0197,0,APOE,BG_P0197_APOE_SNP1,background,SNP,220,C,T
P0197,0,APOE,BG_P0197_APOE_SNP2,background,SNP,130,C,A
P0198,1,PSEN1,BG_P0198_PSEN1_SNP1,background,SNP,477,A,G
P0198,1,PSEN1,BG_P0198_PSEN1_SNP2,background,SNP,388,G,T
P0198,1,PSEN2,SYN_PSEN2_R1,risk_hotspot,SNP,166,T,C
P0198,1,APOE,SYN_APOE_H1A,risk_hotspot,SNP,205,T,G
P0198,1,APOE,SYN_APOE_H1B,risk_hotspot,SNP,311,C,T
P0198,1,APOE,BG_P0198_APOE_SNP1,background,SNP,244,C,A
P0198,1,TREM2,SYN_TREM2_R2,risk_hotspot,SNP,529,C,A
P0198,1,TREM2,BG_P0198_TREM2_DEL,background,DEL,272,GGT,-
P0199,1,APP,BG_P0199_APP_SNP1,background,SNP,677,A,G
P0199,1,TREM2,SYN_TREM2_R1,risk_hotspot,SNP,251,C,A
P0199,1,TREM2,BG_P0199_TREM2_SNP1,background,SNP,400,T,A
P0199,1,TREM2,BG_P0199_TREM2_SNP2,background,SNP,357,A,C
P0199,1,TREM2,BG_P0199_TREM2_SNP3,background,SNP,213,T,C
P0200,0,PSEN1,BG_P0200_PSEN1_SNP1,background,SNP,557,T,G
P0200,0,APOE,BG_P0200_APOE_SNP1,background,SNP,140,C,G
P0200,0,APOE,BG_P0200_APOE_SNP2,background,SNP,302,G,T
P0201,0,PSEN1,BG_P0201_PSEN1_SNP1,background,SNP,29,G,T
P0201,0,PSEN2,BG_P0201_PSEN2_SNP1,background,SNP,223,C,T
P0201,0,APOE,SYN_APOE_H1A,risk_hotspot,SNP,205,T,G
P0201,0,APOE,SYN_APOE_H1B,risk_hotspot,SNP,311,C,T
P0201,0,APOE,BG_P0201_APOE_SNP1,background,SNP,141,T,G
P0202,1,PSEN2,BG_P0202_PSEN2_SNP1,background,SNP,129,A,C
P0202,1,APOE,SYN_APOE_H1A,risk_hotspot,SNP,205,T,G
P0202,1,APOE,SYN_APOE_H1B,risk_hotspot,SNP,311,C,T
P0202,1,TREM2,BG_P0202_TREM2_SNP1,background,SNP,670,T,A
P0202,1,TREM2,BG_P0202_TREM2_SNP2,background,SNP,484,G,T
P0203,0,PSEN2,BG_P0203_PSEN2_SNP1,background,SNP,201,C,G
P0203,0,APOE,BG_P0203_APOE_SNP1,background,SNP,554,A,T
P0203,0,TREM2,SYN_TREM2_R1,risk_hotspot,SNP,251,C,A
P0204,0,TREM2,BG_P0204_TREM2_SNP1,background,SNP,173,G,C
P0204,0,TREM2,BG_P0204_TREM2_SNP2,background,SNP,55,G,A
P0204,0,TREM2,BG_P0204_TREM2_INS,background,INS,433,-,T
P0205,0,APP,SYN_APP_R2,risk_hotspot,SNP,452,C,G
P0205,0,PSEN1,BG_P0205_PSEN1_SNP1,background,SNP,414,T,G
P0205,0,PSEN2,BG_P0205_PSEN2_SNP1,background,SNP,247,G,A
P0205,0,PSEN2,BG_P0205_PSEN2_SNP2,background,SNP,136,C,A
P0205,0,APOE,BG_P0205_APOE_SNP1,background,SNP,396,C,G
P0205,0,TREM2,BG_P0205_TREM2_SNP1,background,SNP,37,T,C
P0205,0,TREM2,BG_P0205_TREM2_SNP2,background,SNP,294,T,G
P0206,1,APP,BG_P0206_APP_SNP1,background,SNP,308,A,G
P0206,1,PSEN1,SYN_PSEN1_R1,risk_hotspot,SNP,133,C,A
P0206,1,PSEN1,BG_P0206_PSEN1_SNP1,background,SNP,77,G,T
P0206,1,PSEN2,BG_P0206_PSEN2_SNP1,background,SNP,471,C,T
P0206,1,PSEN2,BG_P0206_PSEN2_SNP2,background,SNP,515,G,C
P0206,1,APOE,SYN_APOE_H1A,risk_hotspot,SNP,205,T,G
P0206,1,APOE,SYN_APOE_H1B,risk_hotspot,SNP,311,C,T
P0206,1,APOE,BG_P0206_APOE_SNP1,background,SNP,519,C,T
P0206,1,TREM2,BG_P0206_TREM2_SNP1,background,SNP,638,T,C
P0207,0,APP,BG_P0207_APP_SNP1,background,SNP,857,C,A
P0207,0,PSEN1,BG_P0207_PSEN1_SNP1,background,SNP,410,G,T
P0207,0,TREM2,BG_P0207_TREM2_SNP1,background,SNP,508,T,C
P0208,1,APP,SYN_APP_R2,risk_hotspot,SNP,452,C,G
P0208,1,APP,BG_P0208_APP_SNP1,background,SNP,294,C,A
P0208,1,PSEN1,SYN_PSEN1_R2,risk_hotspot,SNP,374,C,G
P0208,1,PSEN2,BG_P0208_PSEN2_SNP1,background,SNP,462,A,C
P0208,1,PSEN2,BG_P0208_PSEN2_SNP2,background,SNP,220,A,T
P0209,1,APP,BG_P0209_APP_DEL,background,DEL,778,A,-
P0209,1,PSEN1,SYN_PSEN1_R1,risk_hotspot,SNP,133,C,A
P0209,1,PSEN1,BG_P0209_PSEN1_SNP1,background,SNP,362,A,G
P0209,1,PSEN1,BG_P0209_PSEN1_DEL,background,DEL,752,GG,-
P0209,1,APOE,SYN_APOE_H1A,risk_hotspot,SNP,205,T,G
P0209,1,APOE,SYN_APOE_H1B,risk_hotspot,SNP,311,C,T
P0209,1,APOE,BG_P0209_APOE_SNP1,background,SNP,85,C,T
P0210,1,APP,SYN_APP_R3,risk_hotspot,DEL,688,TCC,-
P0210,1,APP,BG_P0210_APP_SNP1,background,SNP,650,A,G
P0210,1,APOE,SYN_APOE_H1A,risk_hotspot,SNP,205,T,G
P0210,1,APOE,SYN_APOE_H1B,risk_hotspot,SNP,311,C,T
P0210,1,APOE,BG_P0210_APOE_SNP1,background,SNP,35,G,T
P0210,1,TREM2,SYN_TREM2_R2,risk_hotspot,SNP,529,C,A
P0210,1,TREM2,BG_P0210_TREM2_SNP1,background,SNP,556,A,T
P0211,0,APP,BG_P0211_APP_DEL,background,DEL,770,CCT,-
P0211,0,PSEN2,BG_P0211_PSEN2_SNP1,background,SNP,710,A,T
P0211,0,PSEN2,BG_P0211_PSEN2_SNP2,background,SNP,351,T,A
P0211,0,APOE,BG_P0211_APOE_SNP1,background,SNP,295,C,G
P0211,0,TREM2,BG_P0211_TREM2_SNP1,background,SNP,577,G,A
P0212,1,PSEN1,SYN_PSEN1_R2,risk_hotspot,SNP,374,C,G
P0212,1,PSEN1,BG_P0212_PSEN1_SNP1,background,SNP,521,T,A
P0212,1,PSEN1,BG_P0212_PSEN1_SNP2,background,SNP,90,T,C
P0212,1,PSEN2,SYN_PSEN2_R3,risk_hotspot,SNP,615,T,G
P0212,1,PSEN2,BG_P0212_PSEN2_SNP1,background,SNP,529,G,A
P0212,1,TREM2,BG_P0212_TREM2_SNP1,background,SNP,634,G,A
P0212,1,TREM2,BG_P0212_TREM2_SNP2,background,SNP,663,T,C
P0213,1,PSEN1,BG_P0213_PSEN1_SNP1,background,SNP,538,A,C
P0213,1,APOE,SYN_APOE_H1A,risk_hotspot,SNP,205,T,G
P0213,1,APOE,SYN_APOE_H1B,risk_hotspot,SNP,311,C,T
P0213,1,APOE,BG_P0213_APOE_SNP1,background,SNP,360,C,G
P0213,1,TREM2,SYN_TREM2_R2,risk_hotspot,SNP,529,C,A
P0214,1,APP,BG_P0214_APP_SNP1,background,SNP,863,A,C
P0214,1,PSEN1,BG_P0214_PSEN1_SNP1,background,SNP,637,T,A
P0214,1,APOE,SYN_APOE_H1A,risk_hotspot,SNP,205,T,G
P0214,1,APOE,SYN_APOE_H1B,risk_hotspot,SNP,311,C,T
P0214,1,TREM2,SYN_TREM2_R1,risk_hotspot,SNP,251,C,A
P0214,1,TREM2,BG_P0214_TREM2_SNP1,background,SNP,109,T,G
P0215,1,APP,BG_P0215_APP_SNP1,background,SNP,425,C,T
P0215,1,APP,BG_P0215_APP_SNP2,background,SNP,138,C,A
P0215,1,APP,BG_P0215_APP_SNP3,background,SNP,407,T,G
P0215,1,PSEN1,SYN_PSEN1_R2,risk_hotspot,SNP,374,C,G
P0215,1,PSEN1,BG_P0215_PSEN1_SNP1,background,SNP,179,A,G
P0215,1,PSEN2,SYN_PSEN2_R1,risk_hotspot,SNP,166,T,C
P0215,1,APOE,SYN_APOE_H1A,risk_hotspot,SNP,205,T,G
P0215,1,APOE,SYN_APOE_H1B,risk_hotspot,SNP,311,C,T
P0215,1,APOE,BG_P0215_APOE_SNP1,background,SNP,22,G,C
P0215,1,APOE,BG_P0215_APOE_SNP2,background,SNP,440,A,T
P0215,1,TREM2,SYN_TREM2_R2,risk_hotspot,SNP,529,C,A
P0215,1,TREM2,SYN_TREM2_R3,risk_hotspot,INS,604,-,AT
P0216,0,PSEN1,BG_P0216_PSEN1_SNP1,background,SNP,80,G,C
P0216,0,PSEN1,BG_P0216_PSEN1_SNP2,background,SNP,680,T,A
P0216,0,PSEN1,BG_P0216_PSEN1_SNP3,background,SNP,589,C,T
P0216,0,PSEN1,BG_P0216_PSEN1_SNP4,background,SNP,727,C,G
P0216,0,APOE,SYN_APOE_H1A,risk_hotspot,SNP,205,T,G
P0216,0,APOE,SYN_APOE_H1B,risk_hotspot,SNP,311,C,T
P0216,0,APOE,BG_P0216_APOE_SNP1,background,SNP,163,G,A
P0217,1,APP,BG_P0217_APP_SNP1,background,SNP,446,G,T
P0217,1,PSEN1,SYN_PSEN1_R1,risk_hotspot,SNP,133,C,A
P0217,1,APOE,BG_P0217_APOE_SNP1,background,SNP,451,C,T
P0217,1,TREM2,BG_P0217_TREM2_SNP1,background,SNP,154,C,A
P0218,1,PSEN1,BG_P0218_PSEN1_SNP1,background,SNP,220,A,T
P0218,1,APOE,SYN_APOE_H1A,risk_hotspot,SNP,205,T,G
P0218,1,APOE,SYN_APOE_H1B,risk_hotspot,SNP,311,C,T
P0219,1,APP,BG_P0219_APP_SNP1,background,SNP,39,G,A
P0219,1,PSEN1,SYN_PSEN1_R1,risk_hotspot,SNP,133,C,A
P0219,1,PSEN1,BG_P0219_PSEN1_SNP1,background,SNP,462,G,A
P0219,1,APOE,SYN_APOE_H1A,risk_hotspot,SNP,205,T,G
P0219,1,APOE,SYN_APOE_H1B,risk_hotspot,SNP,311,C,T
P0219,1,APOE,BG_P0219_APOE_SNP1,background,SNP,157,G,C
P0219,1,APOE,BG_P0219_APOE_SNP2,background,SNP,119,A,C
P0219,1,APOE,BG_P0219_APOE_SNP3,background,SNP,556,G,C
P0219,1,TREM2,BG_P0219_TREM2_SNP1,background,SNP,65,C,A
P0220,0,APOE,SYN_APOE_H1A,risk_hotspot,SNP,205,T,G
P0220,0,APOE,SYN_APOE_H1B,risk_hotspot,SNP,311,C,T
P0221,1,PSEN1,BG_P0221_PSEN1_SNP1,background,SNP,429,G,A
P0221,1,APOE,SYN_APOE_H1A,risk_hotspot,SNP,205,T,G
P0221,1,APOE,SYN_APOE_H1B,risk_hotspot,SNP,311,C,T
P0221,1,TREM2,BG_P0221_TREM2_SNP1,background,SNP,346,C,T
P0222,0,APP,SYN_APP_R3,risk_hotspot,DEL,688,TCC,-
P0222,0,APP,BG_P0222_APP_SNP1,background,SNP,240,T,C
P0222,0,APOE,BG_P0222_APOE_SNP1,background,SNP,545,C,G
P0223,1,APP,SYN_APP_R1,risk_hotspot,SNP,217,G,C
P0223,1,PSEN2,BG_P0223_PSEN2_SNP1,background,SNP,706,C,G
P0223,1,PSEN2,BG_P0223_PSEN2_SNP2,background,SNP,721,G,C
P0223,1,PSEN2,BG_P0223_PSEN2_SNP3,background,SNP,79,T,A
P0223,1,PSEN2,BG_P0223_PSEN2_SNP4,background,SNP,724,C,T
P0223,1,APOE,SYN_APOE_H1A,risk_hotspot,SNP,205,T,G
P0223,1,APOE,SYN_APOE_H1B,risk_hotspot,SNP,311,C,T
P0223,1,TREM2,SYN_TREM2_R1,risk_hotspot,SNP,251,C,A
P0224,0,APP,BG_P0224_APP_SNP1,background,SNP,469,C,T
P0224,0,PSEN1,BG_P0224_PSEN1_SNP1,background,SNP,631,G,T
P0224,0,PSEN1,BG_P0224_PSEN1_SNP2,background,SNP,237,T,A
P0224,0,PSEN1,BG_P0224_PSEN1_DEL,background,DEL,207,A,-
P0224,0,PSEN2,BG_P0224_PSEN2_SNP1,background,SNP,512,C,A
P0224,0,PSEN2,BG_P0224_PSEN2_INS,background,INS,492,-,AT
P0225,0,PSEN1,BG_P0225_PSEN1_SNP1,background,SNP,453,G,C
P0225,0,PSEN2,BG_P0225_PSEN2_SNP1,background,SNP,624,C,G
P0226,0,APP,BG_P0226_APP_SNP1,background,SNP,649,C,G
P0226,0,PSEN1,BG_P0226_PSEN1_SNP1,background,SNP,237,T,A
P0226,0,APOE,BG_P0226_APOE_SNP1,background,SNP,420,G,C
P0227,1,APP,BG_P0227_APP_SNP1,background,SNP,532,A,T
P0227,1,PSEN1,BG_P0227_PSEN1_SNP1,background,SNP,80,G,A
P0227,1,PSEN2,BG_P0227_PSEN2_SNP1,background,SNP,521,T,C
P0227,1,APOE,SYN_APOE_H1A,risk_hotspot,SNP,205,T,G
P0227,1,APOE,SYN_APOE_H1B,risk_hotspot,SNP,311,C,T
P0227,1,TREM2,BG_P0227_TREM2_SNP1,background,SNP,180,C,A
P0228,0,PSEN1,BG_P0228_PSEN1_SNP1,background,SNP,497,A,G
P0228,0,PSEN1,BG_P0228_PSEN1_SNP2,background,SNP,684,A,C
P0228,0,PSEN2,SYN_PSEN2_R3,risk_hotspot,SNP,615,T,G
P0228,0,TREM2,BG_P0228_TREM2_SNP1,background,SNP,151,G,T
P0229,0,APP,BG_P0229_APP_SNP1,background,SNP,320,A,C
P0229,0,PSEN1,BG_P0229_PSEN1_SNP1,background,SNP,104,G,T
P0229,0,PSEN2,BG_P0229_PSEN2_SNP1,background,SNP,418,A,T
P0229,0,APOE,BG_P0229_APOE_SNP1,background,SNP,450,G,T
P0229,0,TREM2,BG_P0229_TREM2_SNP1,background,SNP,332,C,G
P0230,1,APP,SYN_APP_R1,risk_hotspot,SNP,217,G,C
P0230,1,PSEN1,SYN_PSEN1_R2,risk_hotspot,SNP,374,C,G
P0230,1,PSEN1,BG_P0230_PSEN1_SNP1,background,SNP,93,G,A
P0230,1,PSEN2,BG_P0230_PSEN2_SNP1,background,SNP,247,G,A
P0230,1,PSEN2,BG_P0230_PSEN2_SNP2,background,SNP,508,G,A
P0230,1,APOE,SYN_APOE_H1A,risk_hotspot,SNP,205,T,G
P0230,1,APOE,SYN_APOE_H1B,risk_hotspot,SNP,311,C,T
P0230,1,APOE,BG_P0230_APOE_SNP1,background,SNP,172,T,G
P0230,1,TREM2,SYN_TREM2_R2,risk_hotspot,SNP,529,C,A
P0231,0,APP,BG_P0231_APP_SNP1,background,SNP,820,G,C
P0231,0,APP,BG_P0231_APP_SNP2,background,SNP,607,C,T
P0231,0,PSEN2,SYN_PSEN2_R3,risk_hotspot,SNP,615,T,G
P0231,0,TREM2,BG_P0231_TREM2_SNP1,background,SNP,479,T,C
P0231,0,TREM2,BG_P0231_TREM2_DEL,background,DEL,220,G,-
P0232,1,APP,SYN_APP_R2,risk_hotspot,SNP,452,C,G
P0232,1,APP,BG_P0232_APP_SNP1,background,SNP,30,G,C
P0232,1,APP,BG_P0232_APP_SNP2,background,SNP,45,C,A
P0232,1,PSEN1,BG_P0232_PSEN1_SNP1,background,SNP,270,C,T
P0232,1,PSEN2,BG_P0232_PSEN2_SNP1,background,SNP,609,G,A
P0232,1,PSEN2,BG_P0232_PSEN2_SNP2,background,SNP,393,G,C
P0232,1,PSEN2,BG_P0232_PSEN2_DEL,background,DEL,465,TT,-
P0232,1,APOE,SYN_APOE_H1A,risk_hotspot,SNP,205,T,G
P0232,1,APOE,SYN_APOE_H1B,risk_hotspot,SNP,311,C,T
P0232,1,APOE,BG_P0232_APOE_SNP1,background,SNP,290,G,A
P0232,1,APOE,BG_P0232_APOE_SNP2,background,SNP,551,C,A
P0232,1,TREM2,SYN_TREM2_R2,risk_hotspot,SNP,529,C,A
P0232,1,TREM2,BG_P0232_TREM2_INS,background,INS,566,-,TTG
P0233,1,APP,SYN_APP_R1,risk_hotspot,SNP,217,G,C
P0233,1,APP,BG_P0233_APP_SNP1,background,SNP,662,G,T
P0233,1,PSEN2,BG_P0233_PSEN2_SNP1,background,SNP,459,G,A
P0233,1,PSEN2,BG_P0233_PSEN2_SNP2,background,SNP,714,T,G
P0233,1,APOE,SYN_APOE_H1A,risk_hotspot,SNP,205,T,G
P0233,1,APOE,SYN_APOE_H1B,risk_hotspot,SNP,311,C,T
P0233,1,TREM2,BG_P0233_TREM2_SNP1,background,SNP,458,C,A
P0234,0,APP,BG_P0234_APP_SNP1,background,SNP,390,G,C
P0234,0,PSEN2,BG_P0234_PSEN2_SNP1,background,SNP,489,G,A
P0234,0,PSEN2,BG_P0234_PSEN2_SNP2,background,SNP,574,T,G
P0234,0,APOE,BG_P0234_APOE_DEL,background,DEL,195,TC,-
P0234,0,TREM2,SYN_TREM2_R2,risk_hotspot,SNP,529,C,A
P0234,0,TREM2,BG_P0234_TREM2_SNP1,background,SNP,666,T,G
P0235,0,APOE,SYN_APOE_H1A,risk_hotspot,SNP,205,T,G
P0235,0,APOE,SYN_APOE_H1B,risk_hotspot,SNP,311,C,T
P0236,0,PSEN1,BG_P0236_PSEN1_SNP1,background,SNP,420,C,G
P0236,0,PSEN1,BG_P0236_PSEN1_SNP2,background,SNP,535,A,G
P0236,0,PSEN2,BG_P0236_PSEN2_SNP1,background,SNP,250,A,T
P0237,1,APP,SYN_APP_R1,risk_hotspot,SNP,217,G,C
P0237,1,PSEN1,SYN_PSEN1_R2,risk_hotspot,SNP,374,C,G
P0237,1,PSEN1,BG_P0237_PSEN1_SNP1,background,SNP,479,G,A
P0237,1,PSEN2,BG_P0237_PSEN2_SNP1,background,SNP,552,G,C
P0237,1,APOE,SYN_APOE_H1A,risk_hotspot,SNP,205,T,G
P0237,1,APOE,SYN_APOE_H1B,risk_hotspot,SNP,311,C,T
P0237,1,APOE,BG_P0237_APOE_SNP1,background,SNP,304,C,G
P0237,1,TREM2,BG_P0237_TREM2_SNP1,background,SNP,514,C,G
P0238,1,APP,SYN_APP_R1,risk_hotspot,SNP,217,G,C
P0238,1,APP,SYN_APP_R2,risk_hotspot,SNP,452,C,G
P0238,1,APP,SYN_APP_R3,risk_hotspot,DEL,688,TCC,-
P0238,1,APP,BG_P0238_APP_SNP1,background,SNP,587,C,A
P0238,1,APP,BG_P0238_APP_SNP2,background,SNP,35,T,A
P0238,1,APOE,SYN_APOE_H1A,risk_hotspot,SNP,205,T,G
P0238,1,APOE,SYN_APOE_H1B,risk_hotspot,SNP,311,C,T
P0239,0,APOE,BG_P0239_APOE_SNP1,background,SNP,359,T,C
P0239,0,APOE,BG_P0239_APOE_SNP2,background,SNP,483,A,C
P0240,1,APP,SYN_APP_R3,risk_hotspot,DEL,688,TCC,-
P0240,1,APP,BG_P0240_APP_SNP1,background,SNP,401,G,T
P0240,1,PSEN1,SYN_PSEN1_R2,risk_hotspot,SNP,374,C,G
P0240,1,PSEN1,BG_P0240_PSEN1_SNP1,background,SNP,321,C,G
P0240,1,PSEN2,BG_P0240_PSEN2_SNP1,background,SNP,504,G,A
P0240,1,PSEN2,BG_P0240_PSEN2_SNP2,background,SNP,315,G,A
P0240,1,PSEN2,BG_P0240_PSEN2_SNP3,background,SNP,707,T,G
P0240,1,APOE,BG_P0240_APOE_SNP1,background,SNP,521,C,G
P0240,1,TREM2,BG_P0240_TREM2_SNP1,background,SNP,153,C,T
P0241,0,APP,BG_P0241_APP_SNP1,background,SNP,631,T,G
P0241,0,APP,BG_P0241_APP_SNP2,background,SNP,807,C,G
P0241,0,PSEN1,BG_P0241_PSEN1_SNP1,background,SNP,502,T,A
P0242,1,APP,SYN_APP_R1,risk_hotspot,SNP,217,G,C
P0242,1,APP,BG_P0242_APP_SNP1,background,SNP,38,A,G
P0242,1,PSEN1,SYN_PSEN1_R1,risk_hotspot,SNP,133,C,A
P0242,1,PSEN1,BG_P0242_PSEN1_SNP1,background,SNP,666,C,G
P0242,1,APOE,SYN_APOE_H1A,risk_hotspot,SNP,205,T,G
P0242,1,APOE,SYN_APOE_H1B,risk_hotspot,SNP,311,C,T
P0242,1,APOE,BG_P0242_APOE_INS,background,INS,547,-,TCT
P0242,1,TREM2,BG_P0242_TREM2_SNP1,background,SNP,595,C,T
P0243,0,PSEN1,BG_P0243_PSEN1_SNP1,background,SNP,444,C,A
P0243,0,APOE,SYN_APOE_H1A,risk_hotspot,SNP,205,T,G
P0243,0,APOE,SYN_APOE_H1B,risk_hotspot,SNP,311,C,T
P0244,0,APP,BG_P0244_APP_SNP1,background,SNP,43,A,G
P0245,1,PSEN1,BG_P0245_PSEN1_SNP1,background,SNP,68,G,C
P0245,1,PSEN2,BG_P0245_PSEN2_SNP1,background,SNP,101,T,G
P0245,1,APOE,SYN_APOE_H1A,risk_hotspot,SNP,205,T,G
P0245,1,APOE,SYN_APOE_H1B,risk_hotspot,SNP,311,C,T
P0245,1,APOE,BG_P0245_APOE_SNP1,background,SNP,518,G,T
P0245,1,APOE,BG_P0245_APOE_DEL,background,DEL,355,G,-
P0246,0,PSEN2,BG_P0246_PSEN2_INS,background,INS,50,-,T
P0246,0,TREM2,BG_P0246_TREM2_SNP1,background,SNP,452,C,A
P0247,0,PSEN2,BG_P0247_PSEN2_SNP1,background,SNP,706,C,T
P0247,0,APOE,BG_P0247_APOE_SNP1,background,SNP,269,A,G
P0247,0,APOE,BG_P0247_APOE_SNP2,background,SNP,516,G,C
P0247,0,APOE,BG_P0247_APOE_SNP3,background,SNP,533,G,A
P0247,0,TREM2,BG_P0247_TREM2_SNP1,background,SNP,181,A,C
P0248,0,APP,BG_P0248_APP_SNP1,background,SNP,65,A,C
P0248,0,APOE,SYN_APOE_H1A,risk_hotspot,SNP,205,T,G
P0248,0,APOE,SYN_APOE_H1B,risk_hotspot,SNP,311,C,T
P0248,0,APOE,BG_P0248_APOE_SNP1,background,SNP,524,A,C
P0248,0,TREM2,SYN_TREM2_R2,risk_hotspot,SNP,529,C,A
P0249,0,APP,BG_P0249_APP_SNP1,background,SNP,180,T,G
P0249,0,APP,BG_P0249_APP_SNP2,background,SNP,328,T,A
P0249,0,PSEN1,BG_P0249_PSEN1_SNP1,background,SNP,687,A,C
P0249,0,TREM2,BG_P0249_TREM2_SNP1,background,SNP,46,C,G
P0249,0,TREM2,BG_P0249_TREM2_SNP2,background,SNP,385,G,C
P0250,1,APP,BG_P0250_APP_SNP1,background,SNP,151,A,T
P0250,1,PSEN1,BG_P0250_PSEN1_SNP1,background,SNP,206,C,A
P0250,1,PSEN2,SYN_PSEN2_R1,risk_hotspot,SNP,166,T,C
P0250,1,APOE,BG_P0250_APOE_SNP1,background,SNP,327,C,G
P0251,0,APP,BG_P0251_APP_SNP1,background,SNP,105,T,G
P0251,0,APP,BG_P0251_APP_SNP2,background,SNP,104,G,T
P0251,0,PSEN2,SYN_PSEN2_R2,risk_hotspot,DEL,407,GC,-
P0251,0,PSEN2,BG_P0251_PSEN2_SNP1,background,SNP,146,C,T
P0251,0,TREM2,BG_P0251_TREM2_SNP1,background,SNP,302,A,T
P0252,0,APP,BG_P0252_APP_SNP1,background,SNP,113,T,A
P0252,0,TREM2,BG_P0252_TREM2_SNP1,background,SNP,269,A,G
P0253,1,APP,SYN_APP_R2,risk_hotspot,SNP,452,C,G
P0253,1,APP,BG_P0253_APP_SNP1,background,SNP,581,C,T
P0253,1,PSEN1,BG_P0253_PSEN1_SNP1,background,SNP,743,A,G
P0253,1,PSEN2,SYN_PSEN2_R2,risk_hotspot,DEL,407,GC,-
P0253,1,PSEN2,BG_P0253_PSEN2_SNP1,background,SNP,296,T,A
P0253,1,APOE,SYN_APOE_H1A,risk_hotspot,SNP,205,T,G
P0253,1,APOE,SYN_APOE_H1B,risk_hotspot,SNP,311,C,T
P0253,1,APOE,BG_P0253_APOE_INS,background,INS,166,-,T
P0253,1,TREM2,BG_P0253_TREM2_SNP1,background,SNP,507,C,G
P0254,0,APP,BG_P0254_APP_SNP1,background,SNP,25,G,T
P0254,0,PSEN2,BG_P0254_PSEN2_SNP1,background,SNP,642,G,T
P0255,1,APP,BG_P0255_APP_SNP1,background,SNP,249,A,G
P0255,1,PSEN1,SYN_PSEN1_R2,risk_hotspot,SNP,374,C,G
P0255,1,PSEN2,BG_P0255_PSEN2_SNP1,background,SNP,595,A,G
P0255,1,PSEN2,BG_P0255_PSEN2_SNP2,background,SNP,432,A,C
P0255,1,APOE,BG_P0255_APOE_SNP1,background,SNP,53,G,C
P0255,1,APOE,BG_P0255_APOE_SNP2,background,SNP,114,G,A
P0255,1,TREM2,SYN_TREM2_R1,risk_hotspot,SNP,251,C,A
P0256,0,APP,BG_P0256_APP_SNP1,background,SNP,429,T,G
P0256,0,APOE,BG_P0256_APOE_SNP1,background,SNP,117,T,A
P0257,1,APP,BG_P0257_APP_SNP1,background,SNP,146,T,G
P0257,1,PSEN1,SYN_PSEN1_R3,risk_hotspot,INS,611,-,GCT
P0257,1,APOE,SYN_APOE_H1A,risk_hotspot,SNP,205,T,G
P0257,1,APOE,SYN_APOE_H1B,risk_hotspot,SNP,311,C,T
P0257,1,APOE,BG_P0257_APOE_SNP1,background,SNP,83,C,T
P0257,1,TREM2,SYN_TREM2_R1,risk_hotspot,SNP,251,C,A
P0257,1,TREM2,BG_P0257_TREM2_SNP1,background,SNP,480,C,T
P0258,0,PSEN1,BG_P0258_PSEN1_SNP1,background,SNP,517,A,C
P0258,0,PSEN1,BG_P0258_PSEN1_SNP2,background,SNP,555,T,A
P0258,0,APOE,BG_P0258_APOE_SNP1,background,SNP,269,A,T
P0258,0,TREM2,BG_P0258_TREM2_SNP1,background,SNP,266,T,A
P0258,0,TREM2,BG_P0258_TREM2_SNP2,background,SNP,505,C,A
P0258,0,TREM2,BG_P0258_TREM2_SNP3,background,SNP,73,T,A
P0259,1,APP,SYN_APP_R2,risk_hotspot,SNP,452,C,G
P0259,1,APP,BG_P0259_APP_SNP1,background,SNP,117,T,A
P0259,1,PSEN1,SYN_PSEN1_R2,risk_hotspot,SNP,374,C,G
P0259,1,PSEN1,BG_P0259_PSEN1_SNP1,background,SNP,703,A,G
P0259,1,PSEN1,BG_P0259_PSEN1_SNP2,background,SNP,422,T,G
P0259,1,PSEN2,SYN_PSEN2_R1,risk_hotspot,SNP,166,T,C
P0259,1,PSEN2,BG_P0259_PSEN2_SNP1,background,SNP,679,T,C
P0259,1,APOE,SYN_APOE_H1A,risk_hotspot,SNP,205,T,G
P0259,1,APOE,SYN_APOE_H1B,risk_hotspot,SNP,311,C,T
P0259,1,TREM2,BG_P0259_TREM2_SNP1,background,SNP,470,T,A
P0260,0,PSEN2,BG_P0260_PSEN2_SNP1,background,SNP,433,C,T
P0260,0,PSEN2,BG_P0260_PSEN2_SNP2,background,SNP,488,C,A
P0260,0,APOE,BG_P0260_APOE_SNP1,background,SNP,40,G,A
P0260,0,APOE,BG_P0260_APOE_SNP2,background,SNP,84,C,G
P0261,0,APP,BG_P0261_APP_SNP1,background,SNP,560,A,T
P0261,0,PSEN1,BG_P0261_PSEN1_SNP1,background,SNP,453,G,C
P0261,0,PSEN2,BG_P0261_PSEN2_SNP1,background,SNP,447,G,T
P0261,0,APOE,BG_P0261_APOE_SNP1,background,SNP,286,T,G
P0261,0,APOE,BG_P0261_APOE_SNP2,background,SNP,508,C,A
P0262,1,PSEN2,SYN_PSEN2_R2,risk_hotspot,DEL,407,GC,-
P0262,1,APOE,SYN_APOE_H1A,risk_hotspot,SNP,205,T,G
P0262,1,APOE,SYN_APOE_H1B,risk_hotspot,SNP,311,C,T
P0262,1,APOE,BG_P0262_APOE_SNP1,background,SNP,333,G,T
P0262,1,TREM2,SYN_TREM2_R1,risk_hotspot,SNP,251,C,A
P0262,1,TREM2,SYN_TREM2_R2,risk_hotspot,SNP,529,C,A
P0262,1,TREM2,BG_P0262_TREM2_SNP1,background,SNP,460,G,A
P0263,0,PSEN2,BG_P0263_PSEN2_SNP1,background,SNP,531,C,T
P0263,0,APOE,SYN_APOE_H1A,risk_hotspot,SNP,205,T,G
P0263,0,APOE,SYN_APOE_H1B,risk_hotspot,SNP,311,C,T
P0263,0,APOE,BG_P0263_APOE_SNP1,background,SNP,156,C,A
P0263,0,TREM2,BG_P0263_TREM2_SNP1,background,SNP,339,C,A
P0264,1,PSEN1,SYN_PSEN1_R1,risk_hotspot,SNP,133,C,A
P0264,1,PSEN1,BG_P0264_PSEN1_SNP1,background,SNP,282,A,T
P0264,1,PSEN1,BG_P0264_PSEN1_SNP2,background,SNP,551,G,A
P0264,1,APOE,BG_P0264_APOE_SNP1,background,SNP,276,A,T
P0264,1,APOE,BG_P0264_APOE_DEL,background,DEL,423,GT,-
P0264,1,TREM2,SYN_TREM2_R3,risk_hotspot,INS,604,-,AT
P0265,0,APP,BG_P0265_APP_SNP1,background,SNP,370,C,A
P0265,0,PSEN2,BG_P0265_PSEN2_SNP1,background,SNP,77,G,A
P0265,0,TREM2,BG_P0265_TREM2_SNP1,background,SNP,486,T,C
P0266,0,APP,BG_P0266_APP_SNP1,background,SNP,324,C,T
P0266,0,TREM2,BG_P0266_TREM2_SNP1,background,SNP,91,G,A
P0266,0,TREM2,BG_P0266_TREM2_SNP2,background,SNP,470,T,C
P0267,0,PSEN1,BG_P0267_PSEN1_SNP1,background,SNP,330,A,T
P0267,0,APOE,BG_P0267_APOE_SNP1,background,SNP,30,G,A
P0267,0,APOE,BG_P0267_APOE_SNP2,background,SNP,254,C,G
P0267,0,TREM2,BG_P0267_TREM2_SNP1,background,SNP,221,C,T
P0268,1,PSEN1,BG_P0268_PSEN1_SNP1,background,SNP,76,A,C
P0268,1,PSEN1,BG_P0268_PSEN1_INS,background,INS,738,-,A
P0268,1,PSEN2,SYN_PSEN2_R3,risk_hotspot,SNP,615,T,G
P0268,1,APOE,SYN_APOE_H1A,risk_hotspot,SNP,205,T,G
P0268,1,APOE,SYN_APOE_H1B,risk_hotspot,SNP,311,C,T
P0268,1,TREM2,BG_P0268_TREM2_SNP1,background,SNP,594,G,A
P0269,1,APP,BG_P0269_APP_SNP1,background,SNP,20,G,C
P0269,1,APP,BG_P0269_APP_SNP2,background,SNP,699,G,C
P0269,1,PSEN1,SYN_PSEN1_R1,risk_hotspot,SNP,133,C,A
P0269,1,PSEN2,BG_P0269_PSEN2_SNP1,background,SNP,46,G,T
P0269,1,PSEN2,BG_P0269_PSEN2_SNP2,background,SNP,118,T,A
P0269,1,APOE,SYN_APOE_H1A,risk_hotspot,SNP,205,T,G
P0269,1,APOE,SYN_APOE_H1B,risk_hotspot,SNP,311,C,T
P0269,1,APOE,BG_P0269_APOE_SNP1,background,SNP,373,T,C
P0269,1,APOE,BG_P0269_APOE_SNP2,background,SNP,439,C,A
P0270,0,APP,BG_P0270_APP_SNP1,background,SNP,834,C,A
P0271,1,APP,BG_P0271_APP_INS,background,INS,312,-,GG
P0271,1,PSEN1,BG_P0271_PSEN1_SNP1,background,SNP,743,A,T
P0271,1,PSEN1,BG_P0271_PSEN1_INS,background,INS,330,-,GTT
P0271,1,PSEN2,BG_P0271_PSEN2_SNP1,background,SNP,593,C,G
P0271,1,APOE,SYN_APOE_H1A,risk_hotspot,SNP,205,T,G
P0271,1,APOE,SYN_APOE_H1B,risk_hotspot,SNP,311,C,T
P0271,1,TREM2,BG_P0271_TREM2_DEL,background,DEL,44,TA,-
P0272,0,TREM2,BG_P0272_TREM2_SNP1,background,SNP,216,T,A
P0273,1,APP,SYN_APP_R3,risk_hotspot,DEL,688,TCC,-
P0273,1,PSEN1,SYN_PSEN1_R1,risk_hotspot,SNP,133,C,A
P0273,1,PSEN1,BG_P0273_PSEN1_SNP1,background,SNP,191,A,C
P0273,1,PSEN2,SYN_PSEN2_R1,risk_hotspot,SNP,166,T,C
P0273,1,PSEN2,SYN_PSEN2_R2,risk_hotspot,DEL,407,GC,-
P0273,1,APOE,SYN_APOE_H1A,risk_hotspot,SNP,205,T,G
P0273,1,APOE,SYN_APOE_H1B,risk_hotspot,SNP,311,C,T
P0273,1,TREM2,BG_P0273_TREM2_SNP1,background,SNP,46,C,T
P0274,0,APP,BG_P0274_APP_SNP1,background,SNP,663,C,T
P0274,0,APP,BG_P0274_APP_SNP2,background,SNP,252,A,G
P0275,0,APP,BG_P0275_APP_SNP1,background,SNP,130,G,A
P0275,0,PSEN2,BG_P0275_PSEN2_SNP1,background,SNP,416,A,C
P0275,0,APOE,SYN_APOE_H1A,risk_hotspot,SNP,205,T,G
P0275,0,APOE,SYN_APOE_H1B,risk_hotspot,SNP,311,C,T
P0275,0,APOE,BG_P0275_APOE_SNP1,background,SNP,255,A,T
P0276,0,PSEN1,BG_P0276_PSEN1_SNP1,background,SNP,403,A,C
P0276,0,APOE,BG_P0276_APOE_SNP1,background,SNP,183,T,G
P0276,0,APOE,BG_P0276_APOE_SNP2,background,SNP,501,T,C
P0276,0,TREM2,BG_P0276_TREM2_SNP1,background,SNP,519,G,A
P0276,0,TREM2,BG_P0276_TREM2_SNP2,background,SNP,486,T,G
P0277,1,APP,BG_P0277_APP_SNP1,background,SNP,624,G,A
P0277,1,PSEN1,SYN_PSEN1_R2,risk_hotspot,SNP,374,C,G
P0277,1,PSEN1,SYN_PSEN1_R3,risk_hotspot,INS,611,-,GCT
P0277,1,PSEN1,BG_P0277_PSEN1_SNP1,background,SNP,348,G,T
P0277,1,PSEN1,BG_P0277_PSEN1_SNP2,background,SNP,499,G,A
P0277,1,PSEN1,BG_P0277_PSEN1_SNP3,background,SNP,151,C,G
P0277,1,PSEN1,BG_P0277_PSEN1_DEL,background,DEL,584,CA,-
P0277,1,PSEN2,SYN_PSEN2_R1,risk_hotspot,SNP,166,T,C
P0277,1,PSEN2,SYN_PSEN2_R3,risk_hotspot,SNP,615,T,G
P0277,1,PSEN2,BG_P0277_PSEN2_SNP1,background,SNP,222,A,T
P0277,1,PSEN2,BG_P0277_PSEN2_SNP2,background,SNP,241,G,C
P0277,1,APOE,SYN_APOE_H1A,risk_hotspot,SNP,205,T,G
P0277,1,APOE,SYN_APOE_H1B,risk_hotspot,SNP,311,C,T
P0277,1,APOE,BG_P0277_APOE_SNP1,background,SNP,130,C,G
P0277,1,TREM2,SYN_TREM2_R1,risk_hotspot,SNP,251,C,A
P0277,1,TREM2,BG_P0277_TREM2_SNP1,background,SNP,90,G,A
P0277,1,TREM2,BG_P0277_TREM2_SNP2,background,SNP,95,C,A
P0278,1,APP,SYN_APP_R2,risk_hotspot,SNP,452,C,G
P0278,1,APP,BG_P0278_APP_SNP1,background,SNP,141,G,T
P0278,1,APP,BG_P0278_APP_SNP2,background,SNP,258,G,T
P0278,1,APP,BG_P0278_APP_SNP3,background,SNP,553,G,T
P0278,1,PSEN1,SYN_PSEN1_R1,risk_hotspot,SNP,133,C,A
P0278,1,PSEN2,SYN_PSEN2_R1,risk_hotspot,SNP,166,T,C
P0278,1,PSEN2,BG_P0278_PSEN2_SNP1,background,SNP,368,G,C
P0278,1,TREM2,BG_P0278_TREM2_SNP1,background,SNP,611,T,C
P0278,1,TREM2,BG_P0278_TREM2_SNP2,background,SNP,165,C,A
P0279,1,APP,BG_P0279_APP_SNP1,background,SNP,836,T,A
P0279,1,APP,BG_P0279_APP_SNP2,background,SNP,380,G,T
P0279,1,PSEN1,BG_P0279_PSEN1_SNP1,background,SNP,176,T,G
P0279,1,PSEN2,BG_P0279_PSEN2_SNP1,background,SNP,590,A,G
P0279,1,APOE,SYN_APOE_H1A,risk_hotspot,SNP,205,T,G
P0279,1,APOE,SYN_APOE_H1B,risk_hotspot,SNP,311,C,T
P0279,1,TREM2,SYN_TREM2_R1,risk_hotspot,SNP,251,C,A
P0279,1,TREM2,SYN_TREM2_R2,risk_hotspot,SNP,529,C,A
P0280,0,PSEN2,BG_P0280_PSEN2_SNP1,background,SNP,443,T,G
P0280,0,PSEN2,BG_P0280_PSEN2_SNP2,background,SNP,365,A,T
P0280,0,APOE,BG_P0280_APOE_SNP1,background,SNP,23,A,T
P0280,0,TREM2,SYN_TREM2_R2,risk_hotspot,SNP,529,C,A
P0280,0,TREM2,BG_P0280_TREM2_SNP1,background,SNP,589,C,G
P0280,0,TREM2,BG_P0280_TREM2_SNP2,background,SNP,314,A,C
P0280,0,TREM2,BG_P0280_TREM2_SNP3,background,SNP,450,G,C
P0281,1,PSEN1,SYN_PSEN1_R1,risk_hotspot,SNP,133,C,A
P0281,1,PSEN1,BG_P0281_PSEN1_SNP1,background,SNP,651,G,T
P0281,1,APOE,SYN_APOE_H1A,risk_hotspot,SNP,205,T,G
P0281,1,APOE,SYN_APOE_H1B,risk_hotspot,SNP,311,C,T
P0281,1,TREM2,SYN_TREM2_R1,risk_hotspot,SNP,251,C,A
P0282,0,PSEN1,BG_P0282_PSEN1_SNP1,background,SNP,511,T,C
P0282,0,PSEN2,SYN_PSEN2_R3,risk_hotspot,SNP,615,T,G
P0282,0,PSEN2,BG_P0282_PSEN2_SNP1,background,SNP,279,T,G
P0282,0,PSEN2,BG_P0282_PSEN2_SNP2,background,SNP,556,G,A
P0282,0,APOE,BG_P0282_APOE_SNP1,background,SNP,438,C,G
P0284,0,APP,BG_P0284_APP_SNP1,background,SNP,339,G,C
P0284,0,APP,BG_P0284_APP_SNP2,background,SNP,332,C,G
P0284,0,PSEN2,BG_P0284_PSEN2_SNP1,background,SNP,286,A,G
P0284,0,APOE,BG_P0284_APOE_SNP1,background,SNP,223,G,T
P0285,1,APP,BG_P0285_APP_SNP1,background,SNP,623,A,G
P0285,1,PSEN1,BG_P0285_PSEN1_SNP1,background,SNP,290,G,T
P0285,1,PSEN1,BG_P0285_PSEN1_SNP2,background,SNP,33,G,A
P0285,1,APOE,SYN_APOE_H1A,risk_hotspot,SNP,205,T,G
P0285,1,APOE,SYN_APOE_H1B,risk_hotspot,SNP,311,C,T
P0286,0,PSEN1,BG_P0286_PSEN1_SNP1,background,SNP,602,A,T
P0286,0,PSEN1,BG_P0286_PSEN1_SNP2,background,SNP,340,C,T
P0286,0,APOE,SYN_APOE_H1A,risk_hotspot,SNP,205,T,G
P0286,0,APOE,SYN_APOE_H1B,risk_hotspot,SNP,311,C,T
P0286,0,TREM2,BG_P0286_TREM2_SNP1,background,SNP,671,G,A
P0286,0,TREM2,BG_P0286_TREM2_SNP2,background,SNP,163,T,A
P0286,0,TREM2,BG_P0286_TREM2_SNP3,background,SNP,565,C,T
P0287,0,APP,BG_P0287_APP_SNP1,background,SNP,593,G,A
P0287,0,APP,BG_P0287_APP_DEL,background,DEL,230,T,-
P0287,0,TREM2,BG_P0287_TREM2_SNP1,background,SNP,318,A,C
P0288,0,APOE,SYN_APOE_H1A,risk_hotspot,SNP,205,T,G
P0288,0,APOE,SYN_APOE_H1B,risk_hotspot,SNP,311,C,T
P0288,0,APOE,BG_P0288_APOE_INS,background,INS,524,-,GAT
P0289,0,PSEN1,BG_P0289_PSEN1_SNP1,background,SNP,139,G,C
P0289,0,PSEN2,BG_P0289_PSEN2_SNP1,background,SNP,671,C,A
P0289,0,APOE,SYN_APOE_H1A,risk_hotspot,SNP,205,T,G
P0289,0,APOE,SYN_APOE_H1B,risk_hotspot,SNP,311,C,T
P0289,0,TREM2,BG_P0289_TREM2_SNP1,background,SNP,633,T,G
P0289,0,TREM2,BG_P0289_TREM2_SNP2,background,SNP,499,A,G
P0290,1,APP,SYN_APP_R2,risk_hotspot,SNP,452,C,G
P0291,1,APP,BG_P0291_APP_SNP1,background,SNP,527,G,T
P0291,1,APP,BG_P0291_APP_SNP2,background,SNP,748,T,C
P0291,1,APP,BG_P0291_APP_SNP3,background,SNP,285,C,A
P0291,1,PSEN1,BG_P0291_PSEN1_SNP1,background,SNP,660,A,T
P0291,1,PSEN2,SYN_PSEN2_R1,risk_hotspot,SNP,166,T,C
P0291,1,PSEN2,BG_P0291_PSEN2_SNP1,background,SNP,243,C,G
P0291,1,APOE,SYN_APOE_H1A,risk_hotspot,SNP,205,T,G
P0291,1,APOE,SYN_APOE_H1B,risk_hotspot,SNP,311,C,T
P0291,1,TREM2,SYN_TREM2_R1,risk_hotspot,SNP,251,C,A
P0291,1,TREM2,BG_P0291_TREM2_SNP1,background,SNP,541,T,C
P0291,1,TREM2,BG_P0291_TREM2_SNP2,background,SNP,313,G,C
P0291,1,TREM2,BG_P0291_TREM2_SNP3,background,SNP,467,C,G
P0292,0,APP,BG_P0292_APP_SNP1,background,SNP,353,T,G
P0292,0,APP,BG_P0292_APP_SNP2,background,SNP,400,A,C
P0292,0,PSEN1,SYN_PSEN1_R2,risk_hotspot,SNP,374,C,G
P0292,0,PSEN2,SYN_PSEN2_R3,risk_hotspot,SNP,615,T,G
P0292,0,TREM2,BG_P0292_TREM2_SNP1,background,SNP,326,C,G
P0293,0,APP,BG_P0293_APP_SNP1,background,SNP,614,C,G
P0293,0,PSEN2,BG_P0293_PSEN2_SNP1,background,SNP,197,A,C
P0293,0,PSEN2,BG_P0293_PSEN2_SNP2,background,SNP,290,C,G
P0293,0,APOE,BG_P0293_APOE_SNP1,background,SNP,86,G,A
P0294,0,PSEN2,BG_P0294_PSEN2_SNP1,background,SNP,625,A,G
P0294,0,APOE,BG_P0294_APOE_SNP1,background,SNP,427,A,G
P0294,0,APOE,BG_P0294_APOE_SNP2,background,SNP,401,C,T
P0295,0,PSEN1,BG_P0295_PSEN1_SNP1,background,SNP,499,G,T
P0295,0,PSEN2,BG_P0295_PSEN2_SNP1,background,SNP,540,G,T
P0296,1,PSEN1,SYN_PSEN1_R2,risk_hotspot,SNP,374,C,G
P0296,1,PSEN1,BG_P0296_PSEN1_SNP1,background,SNP,645,A,C
P0296,1,APOE,SYN_APOE_H1A,risk_hotspot,SNP,205,T,G
P0296,1,APOE,SYN_APOE_H1B,risk_hotspot,SNP,311,C,T
P0297,1,PSEN1,BG_P0297_PSEN1_SNP1,background,SNP,438,T,C
P0297,1,PSEN2,SYN_PSEN2_R3,risk_hotspot,SNP,615,T,G
P0297,1,APOE,SYN_APOE_H1A,risk_hotspot,SNP,205,T,G
P0297,1,APOE,SYN_APOE_H1B,risk_hotspot,SNP,311,C,T
P0297,1,TREM2,SYN_TREM2_R3,risk_hotspot,INS,604,-,AT
P0297,1,TREM2,BG_P0297_TREM2_SNP1,background,SNP,459,C,A
P0297,1,TREM2,BG_P0297_TREM2_SNP2,background,SNP,667,G,A
P0298,1,PSEN1,SYN_PSEN1_R1,risk_hotspot,SNP,133,C,A
P0298,1,PSEN1,BG_P0298_PSEN1_SNP1,background,SNP,723,T,G
P0298,1,PSEN2,BG_P0298_PSEN2_INS,background,INS,417,-,ATG
P0298,1,TREM2,SYN_TREM2_R2,risk_hotspot,SNP,529,C,A
P0298,1,TREM2,BG_P0298_TREM2_SNP1,background,SNP,645,G,C
P0299,0,APP,SYN_APP_R2,risk_hotspot,SNP,452,C,G
P0299,0,APP,BG_P0299_APP_SNP1,background,SNP,878,G,C
P0299,0,PSEN1,BG_P0299_PSEN1_SNP1,background,SNP,723,T,G
P0299,0,APOE,BG_P0299_APOE_SNP1,background,SNP,49,A,G
P0300,0,PSEN1,BG_P0300_PSEN1_SNP1,background,SNP,585,A,G
P0300,0,PSEN1,BG_P0300_PSEN1_SNP2,background,SNP,634,A,C
P0300,0,PSEN2,BG_P0300_PSEN2_SNP1,background,SNP,99,G,C
P0300,0,PSEN2,BG_P0300_PSEN2_SNP2,background,SNP,626,T,C
P0300,0,PSEN2,BG_P0300_PSEN2_DEL,background,DEL,77,GG,-
P0300,0,APOE,SYN_APOE_H1A,risk_hotspot,SNP,205,T,G
P0300,0,APOE,SYN_APOE_H1B,risk_hotspot,SNP,311,C,T
P0300,0,APOE,BG_P0300_APOE_SNP1,background,SNP,126,T,A
P0300,0,APOE,BG_P0300_APOE_SNP2,background,SNP,291,C,T
P0300,0,APOE,BG_P0300_APOE_DEL,background,DEL,250,GTG,-
P0301,0,APP,BG_P0301_APP_SNP1,background,SNP,279,C,G
P0301,0,PSEN2,BG_P0301_PSEN2_SNP1,background,SNP,451,A,C
P0301,0,APOE,SYN_APOE_H1A,risk_hotspot,SNP,205,T,G
P0301,0,APOE,SYN_APOE_H1B,risk_hotspot,SNP,311,C,T
P0301,0,APOE,BG_P0301_APOE_SNP1,background,SNP,80,C,G
P0302,1,APP,SYN_APP_R1,risk_hotspot,SNP,217,G,C
P0302,1,APP,BG_P0302_APP_SNP1,background,SNP,738,C,G
P0302,1,APP,BG_P0302_APP_SNP2,background,SNP,779,C,A
P0302,1,PSEN1,BG_P0302_PSEN1_SNP1,background,SNP,459,G,A
P0302,1,APOE,BG_P0302_APOE_SNP1,background,SNP,433,C,A
P0303,0,APP,BG_P0303_APP_SNP1,background,SNP,82,T,G
P0303,0,APP,BG_P0303_APP_INS,background,INS,112,-,G
P0303,0,PSEN2,BG_P0303_PSEN2_SNP1,background,SNP,24,T,G
P0303,0,PSEN2,BG_P0303_PSEN2_DEL,background,DEL,144,TA,-
P0303,0,TREM2,BG_P0303_TREM2_SNP1,background,SNP,280,C,T
P0304,0,APP,BG_P0304_APP_SNP1,background,SNP,357,C,T
P0304,0,PSEN1,BG_P0304_PSEN1_SNP1,background,SNP,546,A,C
P0304,0,APOE,BG_P0304_APOE_SNP1,background,SNP,523,G,T
P0304,0,APOE,BG_P0304_APOE_SNP2,background,SNP,22,G,C
P0304,0,TREM2,BG_P0304_TREM2_SNP1,background,SNP,488,C,G
P0305,0,APP,BG_P0305_APP_SNP1,background,SNP,504,A,G
P0305,0,PSEN2,BG_P0305_PSEN2_SNP1,background,SNP,650,A,C
P0305,0,APOE,BG_P0305_APOE_SNP1,background,SNP,332,C,A
P0305,0,TREM2,BG_P0305_TREM2_SNP1,background,SNP,55,G,C
P0305,0,TREM2,BG_P0305_TREM2_SNP2,background,SNP,372,T,G
P0306,1,APP,SYN_APP_R2,risk_hotspot,SNP,452,C,G
P0306,1,APP,BG_P0306_APP_SNP1,background,SNP,344,G,T
P0306,1,PSEN1,BG_P0306_PSEN1_SNP1,background,SNP,524,G,A
P0306,1,PSEN1,BG_P0306_PSEN1_INS,background,INS,384,-,G
P0306,1,APOE,SYN_APOE_H1A,risk_hotspot,SNP,205,T,G
P0306,1,APOE,SYN_APOE_H1B,risk_hotspot,SNP,311,C,T
P0306,1,APOE,BG_P0306_APOE_SNP1,background,SNP,323,C,G
P0306,1,APOE,BG_P0306_APOE_SNP2,background,SNP,222,C,T
P0306,1,TREM2,BG_P0306_TREM2_SNP1,background,SNP,623,T,A
P0306,1,TREM2,BG_P0306_TREM2_SNP2,background,SNP,359,C,T
P0307,0,PSEN2,BG_P0307_PSEN2_SNP1,background,SNP,178,G,A
P0307,0,APOE,BG_P0307_APOE_SNP1,background,SNP,190,T,C
P0307,0,TREM2,BG_P0307_TREM2_SNP1,background,SNP,91,G,T
P0307,0,TREM2,BG_P0307_TREM2_SNP2,background,SNP,144,G,A
P0308,0,PSEN1,BG_P0308_PSEN1_SNP1,background,SNP,696,G,C
P0308,0,PSEN1,BG_P0308_PSEN1_SNP2,background,SNP,652,G,T
P0308,0,PSEN1,BG_P0308_PSEN1_SNP3,background,SNP,311,G,C
P0308,0,PSEN1,BG_P0308_PSEN1_SNP4,background,SNP,36,C,A
P0308,0,PSEN2,BG_P0308_PSEN2_SNP1,background,SNP,323,G,T
P0308,0,APOE,SYN_APOE_H1A,risk_hotspot,SNP,205,T,G
P0308,0,APOE,SYN_APOE_H1B,risk_hotspot,SNP,311,C,T
P0308,0,TREM2,BG_P0308_TREM2_SNP1,background,SNP,62,T,A
P0308,0,TREM2,BG_P0308_TREM2_SNP2,background,SNP,400,T,G
P0308,0,TREM2,BG_P0308_TREM2_SNP3,background,SNP,329,G,C
P0308,0,TREM2,BG_P0308_TREM2_DEL,background,DEL,240,AG,-
P0309,1,APP,SYN_APP_R1,risk_hotspot,SNP,217,G,C
P0309,1,APP,BG_P0309_APP_SNP1,background,SNP,319,G,C
P0309,1,APP,BG_P0309_APP_SNP2,background,SNP,867,T,A
P0309,1,PSEN1,BG_P0309_PSEN1_SNP1,background,SNP,145,C,A
P0309,1,PSEN1,BG_P0309_PSEN1_SNP2,background,SNP,319,A,G
P0309,1,PSEN2,BG_P0309_PSEN2_SNP1,background,SNP,330,C,T
P0309,1,PSEN2,BG_P0309_PSEN2_SNP2,background,SNP,33,T,C
P0309,1,APOE,SYN_APOE_H1A,risk_hotspot,SNP,205,T,G
P0309,1,APOE,SYN_APOE_H1B,risk_hotspot,SNP,311,C,T
P0309,1,TREM2,SYN_TREM2_R1,risk_hotspot,SNP,251,C,A
P0310,0,APP,BG_P0310_APP_SNP1,background,SNP,620,C,A
P0310,0,APP,BG_P0310_APP_SNP2,background,SNP,521,C,T
P0310,0,APP,BG_P0310_APP_SNP3,background,SNP,749,G,T
P0310,0,PSEN2,BG_P0310_PSEN2_SNP1,background,SNP,119,G,T
P0310,0,APOE,BG_P0310_APOE_SNP1,background,SNP,533,G,C
P0311,0,PSEN1,SYN_PSEN1_R1,risk_hotspot,SNP,133,C,A
P0311,0,PSEN1,BG_P0311_PSEN1_INS,background,INS,458,-,T
P0312,0,APP,BG_P0312_APP_SNP1,background,SNP,519,G,T
P0312,0,PSEN1,BG_P0312_PSEN1_SNP1,background,SNP,745,T,G
P0312,0,PSEN2,BG_P0312_PSEN2_SNP1,background,SNP,46,G,C
P0312,0,TREM2,BG_P0312_TREM2_DEL,background,DEL,137,C,-
P0313,0,PSEN1,BG_P0313_PSEN1_SNP1,background,SNP,69,G,A
P0313,0,PSEN2,BG_P0313_PSEN2_SNP1,background,SNP,698,T,G
P0313,0,TREM2,BG_P0313_TREM2_SNP1,background,SNP,512,A,T
P0313,0,TREM2,BG_P0313_TREM2_DEL,background,DEL,92,AT,-
P0314,1,APP,BG_P0314_APP_SNP1,background,SNP,731,A,G
P0314,1,APP,BG_P0314_APP_SNP2,background,SNP,637,C,T
P0314,1,PSEN1,BG_P0314_PSEN1_SNP1,background,SNP,598,C,T
P0314,1,PSEN1,BG_P0314_PSEN1_SNP2,background,SNP,257,T,G
P0314,1,PSEN2,SYN_PSEN2_R1,risk_hotspot,SNP,166,T,C
P0314,1,PSEN2,BG_P0314_PSEN2_SNP1,background,SNP,638,C,T
P0314,1,PSEN2,BG_P0314_PSEN2_SNP2,background,SNP,182,G,T
P0314,1,APOE,SYN_APOE_H1A,risk_hotspot,SNP,205,T,G
P0314,1,APOE,SYN_APOE_H1B,risk_hotspot,SNP,311,C,T
P0314,1,TREM2,BG_P0314_TREM2_SNP1,background,SNP,455,G,A
P0314,1,TREM2,BG_P0314_TREM2_SNP2,background,SNP,26,A,T
P0315,0,PSEN1,BG_P0315_PSEN1_SNP1,background,SNP,731,C,A
P0315,0,PSEN2,BG_P0315_PSEN2_SNP1,background,SNP,37,C,T
P0315,0,APOE,BG_P0315_APOE_SNP1,background,SNP,36,T,A
P0316,1,PSEN2,SYN_PSEN2_R1,risk_hotspot,SNP,166,T,C
P0316,1,PSEN2,SYN_PSEN2_R2,risk_hotspot,DEL,407,GC,-
P0316,1,APOE,BG_P0316_APOE_SNP1,background,SNP,288,C,G
P0316,1,APOE,BG_P0316_APOE_SNP2,background,SNP,158,G,T
P0316,1,TREM2,BG_P0316_TREM2_SNP1,background,SNP,113,A,T
P0317,0,PSEN1,BG_P0317_PSEN1_SNP1,background,SNP,441,C,A
P0317,0,PSEN1,BG_P0317_PSEN1_INS,background,INS,440,-,TTT
P0317,0,PSEN2,BG_P0317_PSEN2_SNP1,background,SNP,457,G,C
P0317,0,TREM2,BG_P0317_TREM2_SNP1,background,SNP,651,C,A
P0318,1,APP,SYN_APP_R1,risk_hotspot,SNP,217,G,C
P0318,1,APP,SYN_APP_R2,risk_hotspot,SNP,452,C,G
P0318,1,APP,BG_P0318_APP_DEL,background,DEL,631,TAG,-
P0318,1,PSEN1,BG_P0318_PSEN1_SNP1,background,SNP,637,T,C
P0318,1,PSEN2,SYN_PSEN2_R2,risk_hotspot,DEL,407,GC,-
P0318,1,PSEN2,BG_P0318_PSEN2_SNP1,background,SNP,26,G,C
P0318,1,APOE,BG_P0318_APOE_SNP1,background,SNP,119,A,G
P0318,1,APOE,BG_P0318_APOE_DEL,background,DEL,272,C,-
P0318,1,TREM2,SYN_TREM2_R2,risk_hotspot,SNP,529,C,A
P0318,1,TREM2,SYN_TREM2_R3,risk_hotspot,INS,604,-,AT
P0319,1,APP,BG_P0319_APP_SNP1,background,SNP,786,G,A
P0319,1,PSEN2,SYN_PSEN2_R1,risk_hotspot,SNP,166,T,C
P0319,1,APOE,SYN_APOE_H1A,risk_hotspot,SNP,205,T,G
P0319,1,APOE,SYN_APOE_H1B,risk_hotspot,SNP,311,C,T
P0320,0,APP,BG_P0320_APP_SNP1,background,SNP,806,T,G
P0320,0,APP,BG_P0320_APP_SNP2,background,SNP,281,G,A
P0320,0,APP,BG_P0320_APP_SNP3,background,SNP,255,T,G
P0320,0,PSEN1,BG_P0320_PSEN1_SNP1,background,SNP,26,T,C
P0321,1,APP,BG_P0321_APP_SNP1,background,SNP,82,T,A
P0321,1,APP,BG_P0321_APP_SNP2,background,SNP,262,A,G
P0321,1,PSEN1,SYN_PSEN1_R2,risk_hotspot,SNP,374,C,G
P0321,1,TREM2,BG_P0321_TREM2_SNP1,background,SNP,258,A,T
P0322,1,APP,BG_P0322_APP_SNP1,background,SNP,865,A,T
P0322,1,PSEN2,BG_P0322_PSEN2_SNP1,background,SNP,327,C,G
P0322,1,PSEN2,BG_P0322_PSEN2_SNP2,background,SNP,69,C,G
P0322,1,APOE,SYN_APOE_H1A,risk_hotspot,SNP,205,T,G
P0322,1,APOE,SYN_APOE_H1B,risk_hotspot,SNP,311,C,T
P0322,1,TREM2,BG_P0322_TREM2_SNP1,background,SNP,167,G,T
P0323,0,PSEN1,BG_P0323_PSEN1_SNP1,background,SNP,421,A,T
P0323,0,PSEN1,BG_P0323_PSEN1_SNP2,background,SNP,188,G,T
P0323,0,PSEN2,BG_P0323_PSEN2_SNP1,background,SNP,221,T,G
P0323,0,PSEN2,BG_P0323_PSEN2_SNP2,background,SNP,423,G,T
P0323,0,APOE,SYN_APOE_H1A,risk_hotspot,SNP,205,T,G
P0323,0,APOE,SYN_APOE_H1B,risk_hotspot,SNP,311,C,T
P0323,0,TREM2,BG_P0323_TREM2_SNP1,background,SNP,469,C,G
P0324,0,APP,BG_P0324_APP_SNP1,background,SNP,786,G,C
P0324,0,APOE,BG_P0324_APOE_SNP1,background,SNP,335,C,T
P0325,0,APP,BG_P0325_APP_SNP1,background,SNP,586,G,A
P0325,0,APP,BG_P0325_APP_SNP2,background,SNP,376,A,T
P0325,0,APOE,BG_P0325_APOE_SNP1,background,SNP,335,C,G
P0325,0,APOE,BG_P0325_APOE_SNP2,background,SNP,418,G,A
P0326,0,APP,BG_P0326_APP_SNP1,background,SNP,507,T,C
P0327,0,APP,SYN_APP_R1,risk_hotspot,SNP,217,G,C
P0327,0,PSEN2,BG_P0327_PSEN2_SNP1,background,SNP,559,A,C
P0327,0,APOE,BG_P0327_APOE_INS,background,INS,363,-,TAA
P0327,0,TREM2,BG_P0327_TREM2_SNP1,background,SNP,384,T,G
P0328,0,APP,SYN_APP_R1,risk_hotspot,SNP,217,G,C
P0328,0,PSEN2,BG_P0328_PSEN2_SNP1,background,SNP,375,G,T
P0328,0,APOE,BG_P0328_APOE_SNP1,background,SNP,557,A,G
P0328,0,APOE,BG_P0328_APOE_SNP2,background,SNP,166,G,T
P0328,0,APOE,BG_P0328_APOE_SNP3,background,SNP,158,G,A
P0328,0,APOE,BG_P0328_APOE_SNP4,background,SNP,64,A,G
P0329,0,PSEN1,BG_P0329_PSEN1_SNP1,background,SNP,697,A,G
P0329,0,PSEN2,BG_P0329_PSEN2_DEL,background,DEL,258,AG,-
P0329,0,APOE,SYN_APOE_H1A,risk_hotspot,SNP,205,T,G
P0329,0,APOE,SYN_APOE_H1B,risk_hotspot,SNP,311,C,T
P0329,0,APOE,BG_P0329_APOE_SNP1,background,SNP,188,G,T
P0329,0,APOE,BG_P0329_APOE_SNP2,background,SNP,299,G,A
P0329,0,TREM2,BG_P0329_TREM2_SNP1,background,SNP,86,A,T
P0330,0,PSEN2,BG_P0330_PSEN2_SNP1,background,SNP,91,T,A
P0330,0,PSEN2,BG_P0330_PSEN2_SNP2,background,SNP,38,G,C
P0330,0,APOE,BG_P0330_APOE_SNP1,background,SNP,395,G,C
P0330,0,APOE,BG_P0330_APOE_SNP2,background,SNP,267,G,C
P0330,0,APOE,BG_P0330_APOE_SNP3,background,SNP,445,G,T
P0331,0,APP,SYN_APP_R1,risk_hotspot,SNP,217,G,C
P0331,0,PSEN2,BG_P0331_PSEN2_SNP1,background,SNP,522,A,G
P0331,0,APOE,SYN_APOE_H1A,risk_hotspot,SNP,205,T,G
P0331,0,APOE,SYN_APOE_H1B,risk_hotspot,SNP,311,C,T
P0331,0,APOE,BG_P0331_APOE_SNP1,background,SNP,124,G,C
P0331,0,APOE,BG_P0331_APOE_SNP2,background,SNP,146,G,C
P0332,0,APP,SYN_APP_R2,risk_hotspot,SNP,452,C,G
P0332,0,PSEN1,BG_P0332_PSEN1_SNP1,background,SNP,461,A,G
P0332,0,PSEN1,BG_P0332_PSEN1_INS,background,INS,409,-,G
P0332,0,PSEN2,BG_P0332_PSEN2_SNP1,background,SNP,281,A,C
P0332,0,TREM2,BG_P0332_TREM2_INS,background,INS,391,-,TCT
P0333,1,APP,SYN_APP_R1,risk_hotspot,SNP,217,G,C
P0333,1,APP,SYN_APP_R2,risk_hotspot,SNP,452,C,G
P0333,1,PSEN1,SYN_PSEN1_R1,risk_hotspot,SNP,133,C,A
P0333,1,PSEN1,SYN_PSEN1_R3,risk_hotspot,INS,611,-,GCT
P0333,1,PSEN2,BG_P0333_PSEN2_SNP1,background,SNP,28,C,G
P0333,1,APOE,BG_P0333_APOE_SNP1,background,SNP,222,C,G
P0333,1,APOE,BG_P0333_APOE_INS,background,INS,335,-,TGT
P0333,1,TREM2,SYN_TREM2_R2,risk_hotspot,SNP,529,C,A
P0334,0,PSEN1,BG_P0334_PSEN1_SNP1,background,SNP,288,G,A
P0335,0,PSEN1,SYN_PSEN1_R3,risk_hotspot,INS,611,-,GCT
P0335,0,PSEN2,BG_P0335_PSEN2_SNP1,background,SNP,156,G,C
P0335,0,APOE,BG_P0335_APOE_SNP1,background,SNP,135,T,G
P0336,1,PSEN1,SYN_PSEN1_R2,risk_hotspot,SNP,374,C,G
P0336,1,PSEN1,BG_P0336_PSEN1_SNP1,background,SNP,627,G,A
P0336,1,PSEN1,BG_P0336_PSEN1_SNP2,background,SNP,703,A,C
P0336,1,PSEN2,SYN_PSEN2_R3,risk_hotspot,SNP,615,T,G
P0336,1,APOE,SYN_APOE_H1A,risk_hotspot,SNP,205,T,G
P0336,1,APOE,SYN_APOE_H1B,risk_hotspot,SNP,311,C,T
P0336,1,APOE,BG_P0336_APOE_SNP1,background,SNP,281,C,G
P0336,1,APOE,BG_P0336_APOE_SNP2,background,SNP,82,C,A
P0337,0,PSEN2,BG_P0337_PSEN2_SNP1,background,SNP,675,T,C
P0337,0,APOE,BG_P0337_APOE_SNP1,background,SNP,534,A,G
P0337,0,APOE,BG_P0337_APOE_SNP2,background,SNP,356,C,T
P0338,0,APP,BG_P0338_APP_SNP1,background,SNP,181,G,T
P0338,0,APP,BG_P0338_APP_SNP2,background,SNP,812,T,C
P0338,0,APP,BG_P0338_APP_SNP3,background,SNP,477,G,A
P0338,0,PSEN1,BG_P0338_PSEN1_SNP1,background,SNP,362,A,G
P0338,0,PSEN1,BG_P0338_PSEN1_INS,background,INS,97,-,GAC
P0338,0,TREM2,BG_P0338_TREM2_SNP1,background,SNP,471,C,T
P0338,0,TREM2,BG_P0338_TREM2_SNP2,background,SNP,258,A,T
P0338,0,TREM2,BG_P0338_TREM2_SNP3,background,SNP,474,T,C
P0339,1,APP,SYN_APP_R2,risk_hotspot,SNP,452,C,G
P0339,1,APP,BG_P0339_APP_SNP1,background,SNP,679,C,G
P0339,1,PSEN1,SYN_PSEN1_R1,risk_hotspot,SNP,133,C,A
P0339,1,PSEN1,BG_P0339_PSEN1_SNP1,background,SNP,85,G,C
P0339,1,PSEN1,BG_P0339_PSEN1_SNP2,background,SNP,34,T,A
P0339,1,APOE,SYN_APOE_H1A,risk_hotspot,SNP,205,T,G
P0339,1,APOE,SYN_APOE_H1B,risk_hotspot,SNP,311,C,T
P0339,1,APOE,BG_P0339_APOE_SNP1,background,SNP,43,C,A
P0339,1,TREM2,BG_P0339_TREM2_SNP1,background,SNP,229,C,T
P0340,1,APP,BG_P0340_APP_SNP1,background,SNP,497,C,T
P0340,1,APP,BG_P0340_APP_SNP2,background,SNP,765,A,G
P0340,1,PSEN1,BG_P0340_PSEN1_INS,background,INS,389,-,AGG
P0340,1,APOE,SYN_APOE_H1A,risk_hotspot,SNP,205,T,G
P0340,1,APOE,SYN_APOE_H1B,risk_hotspot,SNP,311,C,T
P0340,1,TREM2,SYN_TREM2_R2,risk_hotspot,SNP,529,C,A
P0341,0,PSEN1,BG_P0341_PSEN1_SNP1,background,SNP,147,C,G
P0341,0,PSEN2,BG_P0341_PSEN2_SNP1,background,SNP,232,G,A
P0341,0,PSEN2,BG_P0341_PSEN2_SNP2,background,SNP,250,A,C
P0341,0,TREM2,BG_P0341_TREM2_SNP1,background,SNP,467,C,G
P0342,0,APP,BG_P0342_APP_SNP1,background,SNP,64,C,T
P0342,0,APP,BG_P0342_APP_SNP2,background,SNP,537,A,T
P0342,0,PSEN1,BG_P0342_PSEN1_SNP1,background,SNP,142,T,G
P0342,0,PSEN1,BG_P0342_PSEN1_SNP2,background,SNP,305,C,G
P0342,0,PSEN1,BG_P0342_PSEN1_SNP3,background,SNP,452,T,C
P0342,0,PSEN1,BG_P0342_PSEN1_SNP4,background,SNP,692,G,C
P0342,0,TREM2,BG_P0342_TREM2_DEL,background,DEL,101,GGC,-
P0343,0,APP,BG_P0343_APP_SNP1,background,SNP,850,A,G
P0343,0,APOE,BG_P0343_APOE_SNP1,background,SNP,217,C,G
P0343,0,TREM2,BG_P0343_TREM2_SNP1,background,SNP,388,C,A
P0344,1,APP,SYN_APP_R2,risk_hotspot,SNP,452,C,G
P0344,1,PSEN2,BG_P0344_PSEN2_SNP1,background,SNP,706,C,G
P0344,1,PSEN2,BG_P0344_PSEN2_SNP2,background,SNP,139,T,G
P0344,1,PSEN2,BG_P0344_PSEN2_SNP3,background,SNP,715,T,C
P0344,1,TREM2,SYN_TREM2_R2,risk_hotspot,SNP,529,C,A
P0345,0,APP,BG_P0345_APP_SNP1,background,SNP,832,T,A
P0346,0,APP,BG_P0346_APP_SNP1,background,SNP,647,G,C
P0346,0,PSEN2,BG_P0346_PSEN2_SNP1,background,SNP,374,A,T
P0346,0,PSEN2,BG_P0346_PSEN2_DEL,background,DEL,282,CGC,-
P0346,0,APOE,BG_P0346_APOE_SNP1,background,SNP,257,C,T
P0348,0,PSEN1,BG_P0348_PSEN1_SNP1,background,SNP,533,C,G
P0348,0,APOE,BG_P0348_APOE_SNP1,background,SNP,110,C,G
P0348,0,APOE,BG_P0348_APOE_SNP2,background,SNP,579,G,A
P0349,0,PSEN2,BG_P0349_PSEN2_DEL,background,DEL,267,CT,-
P0349,0,APOE,SYN_APOE_H1A,risk_hotspot,SNP,205,T,G
P0349,0,APOE,SYN_APOE_H1B,risk_hotspot,SNP,311,C,T
P0350,1,APOE,SYN_APOE_H1A,risk_hotspot,SNP,205,T,G
P0350,1,APOE,SYN_APOE_H1B,risk_hotspot,SNP,311,C,T
P0350,1,TREM2,BG_P0350_TREM2_SNP1,background,SNP,517,A,T
P0351,0,PSEN2,BG_P0351_PSEN2_SNP1,background,SNP,398,A,G
P0351,0,PSEN2,BG_P0351_PSEN2_SNP2,background,SNP,182,G,C
P0351,0,APOE,SYN_APOE_H1A,risk_hotspot,SNP,205,T,G
P0351,0,APOE,SYN_APOE_H1B,risk_hotspot,SNP,311,C,T
P0351,0,APOE,BG_P0351_APOE_SNP1,background,SNP,291,C,T
P0351,0,TREM2,BG_P0351_TREM2_SNP1,background,SNP,677,G,T
P0351,0,TREM2,BG_P0351_TREM2_SNP2,background,SNP,183,A,T
P0352,1,PSEN1,SYN_PSEN1_R1,risk_hotspot,SNP,133,C,A
P0352,1,PSEN1,SYN_PSEN1_R3,risk_hotspot,INS,611,-,GCT
P0352,1,PSEN1,BG_P0352_PSEN1_SNP1,background,SNP,98,C,A
P0352,1,PSEN2,BG_P0352_PSEN2_SNP1,background,SNP,268,T,A
P0352,1,PSEN2,BG_P0352_PSEN2_SNP2,background,SNP,80,G,T
P0352,1,APOE,SYN_APOE_H1A,risk_hotspot,SNP,205,T,G
P0352,1,APOE,SYN_APOE_H1B,risk_hotspot,SNP,311,C,T
P0352,1,TREM2,SYN_TREM2_R3,risk_hotspot,INS,604,-,AT
P0353,1,APP,BG_P0353_APP_SNP1,background,SNP,175,G,C
P0353,1,PSEN1,SYN_PSEN1_R1,risk_hotspot,SNP,133,C,A
P0353,1,APOE,BG_P0353_APOE_SNP1,background,SNP,360,C,A
P0353,1,TREM2,SYN_TREM2_R3,risk_hotspot,INS,604,-,AT
P0354,0,APOE,BG_P0354_APOE_SNP1,background,SNP,396,C,G
P0355,0,PSEN1,BG_P0355_PSEN1_SNP1,background,SNP,597,G,C
P0355,0,PSEN2,BG_P0355_PSEN2_SNP1,background,SNP,66,A,G
P0355,0,APOE,SYN_APOE_H1A,risk_hotspot,SNP,205,T,G
P0355,0,APOE,SYN_APOE_H1B,risk_hotspot,SNP,311,C,T
P0355,0,TREM2,BG_P0355_TREM2_SNP1,background,SNP,665,A,T
P0355,0,TREM2,BG_P0355_TREM2_SNP2,background,SNP,32,C,G
P0356,0,PSEN2,SYN_PSEN2_R2,risk_hotspot,DEL,407,GC,-
P0356,0,TREM2,BG_P0356_TREM2_SNP1,background,SNP,366,G,A
P0357,0,APP,BG_P0357_APP_SNP1,background,SNP,360,A,T
P0357,0,APP,BG_P0357_APP_DEL,background,DEL,276,T,-
P0357,0,PSEN1,BG_P0357_PSEN1_SNP1,background,SNP,728,C,A
P0357,0,PSEN2,BG_P0357_PSEN2_SNP1,background,SNP,126,C,T
P0357,0,PSEN2,BG_P0357_PSEN2_SNP2,background,SNP,153,G,A
P0357,0,APOE,SYN_APOE_H1A,risk_hotspot,SNP,205,T,G
P0357,0,APOE,SYN_APOE_H1B,risk_hotspot,SNP,311,C,T
P0357,0,APOE,BG_P0357_APOE_SNP1,background,SNP,318,C,G
P0357,0,APOE,BG_P0357_APOE_SNP2,background,SNP,261,T,C
P0357,0,TREM2,BG_P0357_TREM2_SNP1,background,SNP,670,T,G
P0358,0,APP,SYN_APP_R3,risk_hotspot,DEL,688,TCC,-
P0359,1,APP,BG_P0359_APP_SNP1,background,SNP,839,A,T
P0359,1,PSEN1,SYN_PSEN1_R1,risk_hotspot,SNP,133,C,A
P0359,1,PSEN2,BG_P0359_PSEN2_SNP1,background,SNP,83,T,G
P0359,1,APOE,BG_P0359_APOE_SNP1,background,SNP,345,G,C
P0360,0,APP,BG_P0360_APP_SNP1,background,SNP,743,C,G
P0360,0,APOE,BG_P0360_APOE_SNP1,background,SNP,415,C,A
P0360,0,APOE,BG_P0360_APOE_DEL,background,DEL,197,C,-
P0361,1,PSEN1,SYN_PSEN1_R1,risk_hotspot,SNP,133,C,A
P0361,1,PSEN2,SYN_PSEN2_R3,risk_hotspot,SNP,615,T,G
P0361,1,PSEN2,BG_P0361_PSEN2_SNP1,background,SNP,322,C,T
P0361,1,PSEN2,BG_P0361_PSEN2_SNP2,background,SNP,477,G,A
P0361,1,APOE,BG_P0361_APOE_SNP1,background,SNP,213,A,T
P0362,0,APP,SYN_APP_R2,risk_hotspot,SNP,452,C,G
P0362,0,PSEN2,SYN_PSEN2_R3,risk_hotspot,SNP,615,T,G
P0362,0,PSEN2,BG_P0362_PSEN2_DEL,background,DEL,344,G,-
P0363,0,APP,SYN_APP_R2,risk_hotspot,SNP,452,C,G
P0363,0,PSEN2,BG_P0363_PSEN2_SNP1,background,SNP,390,T,G
P0364,1,APP,BG_P0364_APP_SNP1,background,SNP,652,C,A
P0364,1,PSEN1,BG_P0364_PSEN1_SNP1,background,SNP,549,G,C
P0364,1,PSEN2,BG_P0364_PSEN2_SNP1,background,SNP,671,C,A
P0364,1,APOE,SYN_APOE_H1A,risk_hotspot,SNP,205,T,G
P0364,1,APOE,SYN_APOE_H1B,risk_hotspot,SNP,311,C,T
P0365,1,APP,BG_P0365_APP_SNP1,background,SNP,769,A,C
P0365,1,APP,BG_P0365_APP_INS,background,INS,798,-,GA
P0365,1,PSEN2,BG_P0365_PSEN2_SNP1,background,SNP,216,C,T
P0365,1,APOE,SYN_APOE_H1A,risk_hotspot,SNP,205,T,G
P0365,1,APOE,SYN_APOE_H1B,risk_hotspot,SNP,311,C,T
P0365,1,TREM2,BG_P0365_TREM2_SNP1,background,SNP,641,G,C
P0365,1,TREM2,BG_P0365_TREM2_SNP2,background,SNP,278,C,T
P0366,0,APP,BG_P0366_APP_SNP1,background,SNP,792,T,A
P0366,0,APP,BG_P0366_APP_SNP2,background,SNP,532,A,T
P0366,0,APP,BG_P0366_APP_SNP3,background,SNP,711,G,A
P0366,0,PSEN2,BG_P0366_PSEN2_SNP1,background,SNP,575,G,T
P0366,0,TREM2,BG_P0366_TREM2_SNP1,background,SNP,649,A,T
P0366,0,TREM2,BG_P0366_TREM2_SNP2,background,SNP,92,A,G
P0367,1,PSEN1,BG_P0367_PSEN1_SNP1,background,SNP,465,C,G
P0367,1,PSEN2,BG_P0367_PSEN2_SNP1,background,SNP,197,A,C
P0367,1,APOE,SYN_APOE_H1A,risk_hotspot,SNP,205,T,G
P0367,1,APOE,SYN_APOE_H1B,risk_hotspot,SNP,311,C,T
P0368,1,PSEN2,SYN_PSEN2_R3,risk_hotspot,SNP,615,T,G
P0368,1,PSEN2,BG_P0368_PSEN2_SNP1,background,SNP,281,A,T
P0368,1,PSEN2,BG_P0368_PSEN2_SNP2,background,SNP,395,G,A
P0368,1,TREM2,BG_P0368_TREM2_SNP1,background,SNP,313,G,C
P0369,0,APP,BG_P0369_APP_SNP1,background,SNP,436,G,C
P0369,0,APP,BG_P0369_APP_SNP2,background,SNP,573,G,A
P0369,0,PSEN1,BG_P0369_PSEN1_SNP1,background,SNP,345,T,C
P0369,0,PSEN1,BG_P0369_PSEN1_SNP2,background,SNP,684,A,G
P0369,0,PSEN1,BG_P0369_PSEN1_DEL,background,DEL,149,GCC,-
P0370,1,PSEN1,SYN_PSEN1_R1,risk_hotspot,SNP,133,C,A
P0370,1,PSEN1,BG_P0370_PSEN1_DEL,background,DEL,253,CCT,-
P0370,1,PSEN2,SYN_PSEN2_R1,risk_hotspot,SNP,166,T,C
P0370,1,PSEN2,BG_P0370_PSEN2_SNP1,background,SNP,206,C,T
P0370,1,APOE,SYN_APOE_H1A,risk_hotspot,SNP,205,T,G
P0370,1,APOE,SYN_APOE_H1B,risk_hotspot,SNP,311,C,T
P0370,1,APOE,BG_P0370_APOE_SNP1,background,SNP,195,T,G
P0370,1,TREM2,SYN_TREM2_R1,risk_hotspot,SNP,251,C,A
P0370,1,TREM2,BG_P0370_TREM2_SNP1,background,SNP,380,C,T
P0371,1,APP,BG_P0371_APP_SNP1,background,SNP,879,T,A
P0371,1,PSEN1,BG_P0371_PSEN1_SNP1,background,SNP,256,G,C
P0371,1,PSEN1,BG_P0371_PSEN1_SNP2,background,SNP,342,A,G
P0371,1,PSEN2,BG_P0371_PSEN2_SNP1,background,SNP,596,A,G
P0371,1,TREM2,SYN_TREM2_R2,risk_hotspot,SNP,529,C,A
P0371,1,TREM2,BG_P0371_TREM2_SNP1,background,SNP,243,C,G
P0372,0,APP,BG_P0372_APP_SNP1,background,SNP,72,C,G
P0372,0,PSEN2,BG_P0372_PSEN2_INS,background,INS,574,-,C
P0372,0,APOE,SYN_APOE_H1A,risk_hotspot,SNP,205,T,G
P0372,0,APOE,SYN_APOE_H1B,risk_hotspot,SNP,311,C,T
P0372,0,APOE,BG_P0372_APOE_SNP1,background,SNP,518,G,T
P0373,0,APP,BG_P0373_APP_SNP1,background,SNP,325,C,G
P0373,0,PSEN1,SYN_PSEN1_R2,risk_hotspot,SNP,374,C,G
P0373,0,PSEN2,BG_P0373_PSEN2_SNP1,background,SNP,46,G,T
P0373,0,PSEN2,BG_P0373_PSEN2_SNP2,background,SNP,119,G,C
P0374,0,PSEN1,BG_P0374_PSEN1_SNP1,background,SNP,201,C,A
P0374,0,TREM2,BG_P0374_TREM2_SNP1,background,SNP,696,G,T
P0375,1,PSEN1,BG_P0375_PSEN1_SNP1,background,SNP,623,A,G
P0375,1,PSEN2,SYN_PSEN2_R2,risk_hotspot,DEL,407,GC,-
P0375,1,APOE,SYN_APOE_H1A,risk_hotspot,SNP,205,T,G
P0375,1,APOE,SYN_APOE_H1B,risk_hotspot,SNP,311,C,T
P0375,1,TREM2,SYN_TREM2_R1,risk_hotspot,SNP,251,C,A
P0375,1,TREM2,SYN_TREM2_R2,risk_hotspot,SNP,529,C,A
P0376,1,APP,BG_P0376_APP_SNP1,background,SNP,69,C,G
P0376,1,PSEN2,BG_P0376_PSEN2_SNP1,background,SNP,131,A,T
P0376,1,APOE,SYN_APOE_H1A,risk_hotspot,SNP,205,T,G
P0376,1,APOE,SYN_APOE_H1B,risk_hotspot,SNP,311,C,T
P0376,1,TREM2,BG_P0376_TREM2_SNP1,background,SNP,177,G,A
P0377,0,APP,BG_P0377_APP_SNP1,background,SNP,210,A,C
P0377,0,PSEN1,BG_P0377_PSEN1_SNP1,background,SNP,562,G,T
P0377,0,PSEN1,BG_P0377_PSEN1_SNP2,background,SNP,147,C,T
P0377,0,APOE,BG_P0377_APOE_SNP1,background,SNP,397,A,G
P0378,0,APP,BG_P0378_APP_SNP1,background,SNP,640,C,T
P0378,0,PSEN1,BG_P0378_PSEN1_SNP1,background,SNP,319,A,C
P0378,0,PSEN2,BG_P0378_PSEN2_SNP1,background,SNP,425,C,A
P0378,0,APOE,SYN_APOE_H1A,risk_hotspot,SNP,205,T,G
P0378,0,APOE,SYN_APOE_H1B,risk_hotspot,SNP,311,C,T
P0378,0,TREM2,BG_P0378_TREM2_SNP1,background,SNP,91,G,A
P0379,0,APOE,BG_P0379_APOE_SNP1,background,SNP,64,A,C
P0379,0,APOE,BG_P0379_APOE_SNP2,background,SNP,367,G,C
P0380,1,PSEN1,BG_P0380_PSEN1_SNP1,background,SNP,226,A,T
P0380,1,APOE,SYN_APOE_H1A,risk_hotspot,SNP,205,T,G
P0380,1,APOE,SYN_APOE_H1B,risk_hotspot,SNP,311,C,T
P0380,1,TREM2,SYN_TREM2_R1,risk_hotspot,SNP,251,C,A
P0380,1,TREM2,BG_P0380_TREM2_SNP1,background,SNP,455,G,C
P0381,0,APP,BG_P0381_APP_SNP1,background,SNP,247,G,C
P0381,0,PSEN2,SYN_PSEN2_R1,risk_hotspot,SNP,166,T,C
P0381,0,APOE,BG_P0381_APOE_SNP1,background,SNP,143,T,G
P0382,0,APP,BG_P0382_APP_SNP1,background,SNP,37,A,C
P0382,0,PSEN1,BG_P0382_PSEN1_SNP1,background,SNP,752,G,C
P0382,0,TREM2,BG_P0382_TREM2_SNP1,background,SNP,594,G,C
P0382,0,TREM2,BG_P0382_TREM2_SNP2,background,SNP,104,C,T
P0382,0,TREM2,BG_P0382_TREM2_SNP3,background,SNP,238,T,G
P0383,1,APP,SYN_APP_R1,risk_hotspot,SNP,217,G,C
P0383,1,APP,SYN_APP_R2,risk_hotspot,SNP,452,C,G
P0383,1,APP,BG_P0383_APP_SNP1,background,SNP,375,C,G
P0383,1,TREM2,SYN_TREM2_R2,risk_hotspot,SNP,529,C,A
P0384,0,APOE,BG_P0384_APOE_INS,background,INS,445,-,TTA
P0385,0,PSEN1,BG_P0385_PSEN1_SNP1,background,SNP,511,T,C
P0385,0,PSEN2,BG_P0385_PSEN2_SNP1,background,SNP,378,T,C
P0386,0,APP,BG_P0386_APP_SNP1,background,SNP,522,A,C
P0386,0,APP,BG_P0386_APP_SNP2,background,SNP,731,A,C
P0386,0,PSEN1,BG_P0386_PSEN1_SNP1,background,SNP,221,A,T
P0386,0,PSEN1,BG_P0386_PSEN1_SNP2,background,SNP,203,C,A
P0386,0,APOE,BG_P0386_APOE_SNP1,background,SNP,43,C,T
P0386,0,TREM2,BG_P0386_TREM2_SNP1,background,SNP,57,A,T
P0387,0,APP,BG_P0387_APP_SNP1,background,SNP,460,C,A
P0387,0,PSEN1,BG_P0387_PSEN1_SNP1,background,SNP,532,A,G
P0387,0,APOE,BG_P0387_APOE_SNP1,background,SNP,469,A,C
P0387,0,APOE,BG_P0387_APOE_SNP2,background,SNP,77,A,T
P0387,0,APOE,BG_P0387_APOE_SNP3,background,SNP,218,C,A
P0387,0,TREM2,BG_P0387_TREM2_SNP1,background,SNP,349,T,G
P0388,0,APOE,BG_P0388_APOE_SNP1,background,SNP,157,G,C
P0389,0,APP,BG_P0389_APP_SNP1,background,SNP,720,G,A
P0389,0,PSEN2,SYN_PSEN2_R1,risk_hotspot,SNP,166,T,C
P0389,0,PSEN2,BG_P0389_PSEN2_SNP1,background,SNP,655,T,C
P0390,0,APP,BG_P0390_APP_SNP1,background,SNP,712,C,G
P0390,0,PSEN2,BG_P0390_PSEN2_SNP1,background,SNP,286,A,T
P0390,0,APOE,BG_P0390_APOE_SNP1,background,SNP,157,G,T
P0390,0,TREM2,SYN_TREM2_R2,risk_hotspot,SNP,529,C,A
P0390,0,TREM2,BG_P0390_TREM2_SNP1,background,SNP,290,G,T
P0391,0,APP,BG_P0391_APP_SNP1,background,SNP,589,G,T
P0391,0,APP,BG_P0391_APP_SNP2,background,SNP,146,T,A
P0391,0,PSEN1,BG_P0391_PSEN1_SNP1,background,SNP,749,T,C
P0391,0,PSEN2,BG_P0391_PSEN2_SNP1,background,SNP,703,C,G
P0392,1,PSEN2,SYN_PSEN2_R3,risk_hotspot,SNP,615,T,G
P0392,1,APOE,BG_P0392_APOE_SNP1,background,SNP,45,G,C
P0392,1,TREM2,SYN_TREM2_R2,risk_hotspot,SNP,529,C,A
P0392,1,TREM2,BG_P0392_TREM2_DEL,background,DEL,658,C,-
P0393,0,APP,BG_P0393_APP_SNP1,background,SNP,393,C,G
P0393,0,APP,BG_P0393_APP_SNP2,background,SNP,58,A,C
P0393,0,PSEN1,BG_P0393_PSEN1_SNP1,background,SNP,269,G,A
P0393,0,APOE,BG_P0393_APOE_SNP1,background,SNP,348,T,C
P0393,0,APOE,BG_P0393_APOE_DEL,background,DEL,235,GTC,-
P0394,1,APP,BG_P0394_APP_SNP1,background,SNP,823,C,A
P0394,1,APP,BG_P0394_APP_SNP2,background,SNP,673,A,G
P0394,1,PSEN1,SYN_PSEN1_R3,risk_hotspot,INS,611,-,GCT
P0394,1,APOE,BG_P0394_APOE_SNP1,background,SNP,545,C,A
P0394,1,TREM2,SYN_TREM2_R1,risk_hotspot,SNP,251,C,A
P0394,1,TREM2,BG_P0394_TREM2_SNP1,background,SNP,462,C,A
P0395,0,PSEN1,BG_P0395_PSEN1_DEL,background,DEL,540,C,-
P0396,0,PSEN2,BG_P0396_PSEN2_SNP1,background,SNP,416,A,G
P0396,0,TREM2,SYN_TREM2_R2,risk_hotspot,SNP,529,C,A
P0397,1,APP,SYN_APP_R1,risk_hotspot,SNP,217,G,C
P0397,1,PSEN1,SYN_PSEN1_R3,risk_hotspot,INS,611,-,GCT
P0397,1,PSEN2,BG_P0397_PSEN2_SNP1,background,SNP,72,C,T
P0398,0,APP,SYN_APP_R1,risk_hotspot,SNP,217,G,C
P0398,0,APP,BG_P0398_APP_SNP1,background,SNP,315,C,A
P0398,0,PSEN2,BG_P0398_PSEN2_SNP1,background,SNP,585,C,T
P0398,0,APOE,BG_P0398_APOE_SNP1,background,SNP,428,G,C
P0398,0,APOE,BG_P0398_APOE_SNP2,background,SNP,344,C,G
P0398,0,TREM2,BG_P0398_TREM2_SNP1,background,SNP,302,A,G
P0399,1,APP,BG_P0399_APP_DEL,background,DEL,797,GA,-
P0399,1,PSEN1,BG_P0399_PSEN1_SNP1,background,SNP,498,C,T
P0399,1,APOE,SYN_APOE_H1A,risk_hotspot,SNP,205,T,G
P0399,1,APOE,SYN_APOE_H1B,risk_hotspot,SNP,311,C,T
P0400,1,APP,BG_P0400_APP_SNP1,background,SNP,500,A,T
P0400,1,APP,BG_P0400_APP_SNP2,background,SNP,205,T,C
P0400,1,PSEN1,SYN_PSEN1_R1,risk_hotspot,SNP,133,C,A
P0400,1,PSEN2,BG_P0400_PSEN2_SNP1,background,SNP,39,A,G
P0400,1,APOE,BG_P0400_APOE_SNP1,background,SNP,103,A,T
P0400,1,TREM2,BG_P0400_TREM2_SNP1,background,SNP,571,C,G
P0401,1,APP,BG_P0401_APP_DEL,background,DEL,645,G,-
P0401,1,PSEN1,BG_P0401_PSEN1_SNP1,background,SNP,73,G,C
P0401,1,PSEN1,BG_P0401_PSEN1_SNP2,background,SNP,578,C,G
P0401,1,PSEN2,SYN_PSEN2_R3,risk_hotspot,SNP,615,T,G
P0401,1,PSEN2,BG_P0401_PSEN2_SNP1,background,SNP,646,A,G
P0401,1,PSEN2,BG_P0401_PSEN2_SNP2,background,SNP,324,T,C
P0401,1,PSEN2,BG_P0401_PSEN2_SNP3,background,SNP,394,C,G
P0401,1,PSEN2,BG_P0401_PSEN2_SNP4,background,SNP,22,C,G
P0401,1,APOE,SYN_APOE_H1A,risk_hotspot,SNP,205,T,G
P0401,1,APOE,SYN_APOE_H1B,risk_hotspot,SNP,311,C,T
P0402,0,APP,BG_P0402_APP_SNP1,background,SNP,811,C,T
P0402,0,PSEN2,BG_P0402_PSEN2_SNP1,background,SNP,576,T,C
P0402,0,PSEN2,BG_P0402_PSEN2_SNP2,background,SNP,53,A,G
P0402,0,APOE,BG_P0402_APOE_SNP1,background,SNP,156,C,G
P0402,0,TREM2,BG_P0402_TREM2_SNP1,background,SNP,280,C,T
P0403,0,APP,BG_P0403_APP_SNP1,background,SNP,877,A,T
P0403,0,APP,BG_P0403_APP_SNP2,background,SNP,582,A,T
P0403,0,PSEN2,BG_P0403_PSEN2_SNP1,background,SNP,636,T,G
P0403,0,APOE,SYN_APOE_H1A,risk_hotspot,SNP,205,T,G
P0403,0,APOE,SYN_APOE_H1B,risk_hotspot,SNP,311,C,T
P0403,0,APOE,BG_P0403_APOE_SNP1,background,SNP,129,C,T
P0403,0,APOE,BG_P0403_APOE_DEL,background,DEL,300,AG,-
P0404,0,PSEN2,BG_P0404_PSEN2_SNP1,background,SNP,310,A,G
P0404,0,APOE,BG_P0404_APOE_SNP1,background,SNP,469,A,C
P0405,1,APP,BG_P0405_APP_SNP1,background,SNP,49,G,T
P0405,1,PSEN1,SYN_PSEN1_R1,risk_hotspot,SNP,133,C,A
P0405,1,TREM2,BG_P0405_TREM2_SNP1,background,SNP,153,C,T
P0406,0,APOE,BG_P0406_APOE_SNP1,background,SNP,337,C,A
P0406,0,APOE,BG_P0406_APOE_SNP2,background,SNP,154,G,C
P0406,0,APOE,BG_P0406_APOE_SNP3,background,SNP,353,C,A
P0406,0,TREM2,BG_P0406_TREM2_SNP1,background,SNP,412,T,G
P0406,0,TREM2,BG_P0406_TREM2_SNP2,background,SNP,179,T,A
P0407,0,APP,SYN_APP_R1,risk_hotspot,SNP,217,G,C
P0407,0,APOE,SYN_APOE_H1A,risk_hotspot,SNP,205,T,G
P0407,0,APOE,SYN_APOE_H1B,risk_hotspot,SNP,311,C,T
P0408,1,APP,BG_P0408_APP_SNP1,background,SNP,148,C,A
P0408,1,APP,BG_P0408_APP_SNP2,background,SNP,489,C,A
P0408,1,APP,BG_P0408_APP_SNP3,background,SNP,730,A,T
P0408,1,APOE,BG_P0408_APOE_SNP1,background,SNP,496,C,A
P0408,1,TREM2,SYN_TREM2_R1,risk_hotspot,SNP,251,C,A
P0408,1,TREM2,BG_P0408_TREM2_SNP1,background,SNP,434,A,T
P0409,0,APP,SYN_APP_R2,risk_hotspot,SNP,452,C,G
P0409,0,TREM2,SYN_TREM2_R1,risk_hotspot,SNP,251,C,A
P0409,0,TREM2,BG_P0409_TREM2_SNP1,background,SNP,401,T,C
P0410,0,PSEN1,BG_P0410_PSEN1_SNP1,background,SNP,698,T,G
P0411,0,PSEN2,BG_P0411_PSEN2_SNP1,background,SNP,633,A,G
P0411,0,TREM2,BG_P0411_TREM2_SNP1,background,SNP,90,G,T
P0412,0,PSEN1,BG_P0412_PSEN1_SNP1,background,SNP,65,C,T
P0412,0,PSEN1,BG_P0412_PSEN1_SNP2,background,SNP,560,G,A
P0412,0,APOE,SYN_APOE_H1A,risk_hotspot,SNP,205,T,G
P0412,0,APOE,SYN_APOE_H1B,risk_hotspot,SNP,311,C,T
P0412,0,TREM2,BG_P0412_TREM2_SNP1,background,SNP,535,A,G
P0413,0,APP,BG_P0413_APP_SNP1,background,SNP,336,G,T
P0413,0,APP,BG_P0413_APP_DEL,background,DEL,416,C,-
P0413,0,PSEN1,SYN_PSEN1_R2,risk_hotspot,SNP,374,C,G
P0413,0,PSEN1,BG_P0413_PSEN1_SNP1,background,SNP,508,T,A
P0413,0,PSEN2,SYN_PSEN2_R1,risk_hotspot,SNP,166,T,C
P0413,0,PSEN2,BG_P0413_PSEN2_SNP1,background,SNP,661,T,G
P0413,0,PSEN2,BG_P0413_PSEN2_SNP2,background,SNP,413,C,T
P0413,0,PSEN2,BG_P0413_PSEN2_INS,background,INS,564,-,CA
P0413,0,APOE,SYN_APOE_H1A,risk_hotspot,SNP,205,T,G
P0413,0,APOE,SYN_APOE_H1B,risk_hotspot,SNP,311,C,T
P0413,0,APOE,BG_P0413_APOE_INS,background,INS,550,-,C
P0413,0,TREM2,BG_P0413_TREM2_SNP1,background,SNP,159,T,A
P0413,0,TREM2,BG_P0413_TREM2_SNP2,background,SNP,98,T,G
P0414,1,APP,SYN_APP_R2,risk_hotspot,SNP,452,C,G
P0414,1,APP,BG_P0414_APP_SNP1,background,SNP,535,T,G
P0414,1,PSEN1,SYN_PSEN1_R1,risk_hotspot,SNP,133,C,A
P0414,1,PSEN1,BG_P0414_PSEN1_SNP1,background,SNP,591,A,C
P0414,1,PSEN1,BG_P0414_PSEN1_SNP2,background,SNP,670,A,C
P0414,1,APOE,SYN_APOE_H1A,risk_hotspot,SNP,205,T,G
P0414,1,APOE,SYN_APOE_H1B,risk_hotspot,SNP,311,C,T
P0414,1,TREM2,BG_P0414_TREM2_SNP1,background,SNP,212,C,T
P0415,0,PSEN1,BG_P0415_PSEN1_SNP1,background,SNP,316,G,C
P0415,0,TREM2,BG_P0415_TREM2_SNP1,background,SNP,121,T,A
P0416,0,PSEN1,BG_P0416_PSEN1_SNP1,background,SNP,715,A,G
P0416,0,PSEN1,BG_P0416_PSEN1_SNP2,background,SNP,354,G,A
P0416,0,APOE,SYN_APOE_H1A,risk_hotspot,SNP,205,T,G
P0416,0,APOE,SYN_APOE_H1B,risk_hotspot,SNP,311,C,T
P0416,0,APOE,BG_P0416_APOE_SNP1,background,SNP,32,A,T
P0416,0,TREM2,BG_P0416_TREM2_SNP1,background,SNP,625,G,T
P0416,0,TREM2,BG_P0416_TREM2_SNP2,background,SNP,522,C,A
P0417,0,APP,BG_P0417_APP_SNP1,background,SNP,720,G,T
P0417,0,PSEN1,BG_P0417_PSEN1_SNP1,background,SNP,473,C,G
P0417,0,PSEN2,BG_P0417_PSEN2_SNP1,background,SNP,363,G,T
P0417,0,PSEN2,BG_P0417_PSEN2_SNP2,background,SNP,195,T,G
P0417,0,APOE,BG_P0417_APOE_SNP1,background,SNP,471,A,G
P0418,0,APOE,SYN_APOE_H1A,risk_hotspot,SNP,205,T,G
P0418,0,APOE,SYN_APOE_H1B,risk_hotspot,SNP,311,C,T
P0418,0,APOE,BG_P0418_APOE_SNP1,background,SNP,434,G,T
P0418,0,APOE,BG_P0418_APOE_SNP2,background,SNP,458,C,A
P0418,0,APOE,BG_P0418_APOE_SNP3,background,SNP,122,G,C
P0418,0,APOE,BG_P0418_APOE_SNP4,background,SNP,53,G,C
P0418,0,TREM2,BG_P0418_TREM2_SNP1,background,SNP,339,C,T
P0418,0,TREM2,BG_P0418_TREM2_SNP2,background,SNP,549,A,T
P0419,1,APP,SYN_APP_R3,risk_hotspot,DEL,688,TCC,-
P0419,1,APP,BG_P0419_APP_SNP1,background,SNP,169,C,A
P0419,1,APP,BG_P0419_APP_SNP2,background,SNP,847,G,T
P0419,1,PSEN1,BG_P0419_PSEN1_SNP1,background,SNP,598,C,G
P0419,1,PSEN1,BG_P0419_PSEN1_SNP2,background,SNP,555,T,C
P0419,1,PSEN2,SYN_PSEN2_R1,risk_hotspot,SNP,166,T,C
P0419,1,TREM2,SYN_TREM2_R1,risk_hotspot,SNP,251,C,A
P0419,1,TREM2,SYN_TREM2_R2,risk_hotspot,SNP,529,C,A
P0421,0,APP,BG_P0421_APP_SNP1,background,SNP,656,T,C
P0421,0,APOE,BG_P0421_APOE_SNP1,background,SNP,106,T,A
P0422,0,APP,BG_P0422_APP_SNP1,background,SNP,85,A,T
P0422,0,APP,BG_P0422_APP_SNP2,background,SNP,90,G,T
P0422,0,APP,BG_P0422_APP_DEL,background,DEL,511,ACC,-
P0422,0,PSEN1,BG_P0422_PSEN1_SNP1,background,SNP,582,G,T
P0422,0,APOE,BG_P0422_APOE_DEL,background,DEL,224,CT,-
P0422,0,TREM2,BG_P0422_TREM2_SNP1,background,SNP,650,T,C
P0423,0,PSEN1,BG_P0423_PSEN1_SNP1,background,SNP,535,A,G
P0423,0,PSEN2,BG_P0423_PSEN2_INS,background,INS,599,-,CGT
P0424,1,APP,BG_P0424_APP_SNP1,background,SNP,398,G,T
P0424,1,PSEN1,SYN_PSEN1_R2,risk_hotspot,SNP,374,C,G
P0424,1,APOE,SYN_APOE_H1A,risk_hotspot,SNP,205,T,G
P0424,1,APOE,SYN_APOE_H1B,risk_hotspot,SNP,311,C,T
P0424,1,APOE,BG_P0424_APOE_SNP1,background,SNP,505,T,A
P0424,1,TREM2,BG_P0424_TREM2_SNP1,background,SNP,676,T,A
P0425,0,APP,BG_P0425_APP_SNP1,background,SNP,296,A,T
P0426,0,APP,BG_P0426_APP_SNP1,background,SNP,733,G,T
P0426,0,PSEN1,BG_P0426_PSEN1_SNP1,background,SNP,584,C,G
P0426,0,APOE,BG_P0426_APOE_SNP1,background,SNP,506,C,T
P0427,0,PSEN1,BG_P0427_PSEN1_SNP1,background,SNP,622,A,G
P0427,0,APOE,BG_P0427_APOE_SNP1,background,SNP,250,G,C
P0427,0,TREM2,BG_P0427_TREM2_SNP1,background,SNP,231,A,C
P0428,1,PSEN1,BG_P0428_PSEN1_SNP1,background,SNP,432,A,G
P0428,1,PSEN2,SYN_PSEN2_R3,risk_hotspot,SNP,615,T,G
P0428,1,APOE,SYN_APOE_H1A,risk_hotspot,SNP,205,T,G
P0428,1,APOE,SYN_APOE_H1B,risk_hotspot,SNP,311,C,T
P0428,1,APOE,BG_P0428_APOE_SNP1,background,SNP,545,C,G
P0428,1,TREM2,SYN_TREM2_R1,risk_hotspot,SNP,251,C,A
P0428,1,TREM2,BG_P0428_TREM2_DEL,background,DEL,96,C,-
P0429,0,APP,BG_P0429_APP_SNP1,background,SNP,356,G,A
P0429,0,PSEN1,BG_P0429_PSEN1_SNP1,background,SNP,179,A,T
P0429,0,APOE,SYN_APOE_H1A,risk_hotspot,SNP,205,T,G
P0429,0,APOE,SYN_APOE_H1B,risk_hotspot,SNP,311,C,T
P0430,0,PSEN1,BG_P0430_PSEN1_SNP1,background,SNP,36,C,T
P0430,0,APOE,BG_P0430_APOE_SNP1,background,SNP,55,G,C
P0431,1,PSEN1,BG_P0431_PSEN1_SNP1,background,SNP,491,A,T
P0431,1,PSEN2,BG_P0431_PSEN2_SNP1,background,SNP,39,A,G
P0431,1,APOE,SYN_APOE_H1A,risk_hotspot,SNP,205,T,G
P0431,1,APOE,SYN_APOE_H1B,risk_hotspot,SNP,311,C,T
P0431,1,APOE,BG_P0431_APOE_SNP1,background,SNP,330,G,A
P0432,0,PSEN2,BG_P0432_PSEN2_SNP1,background,SNP,531,C,T
P0432,0,TREM2,BG_P0432_TREM2_SNP1,background,SNP,504,T,G
P0432,0,TREM2,BG_P0432_TREM2_SNP2,background,SNP,560,C,T
P0432,0,TREM2,BG_P0432_TREM2_SNP3,background,SNP,447,T,C
P0433,0,APP,BG_P0433_APP_SNP1,background,SNP,675,C,A
P0433,0,APOE,BG_P0433_APOE_SNP1,background,SNP,512,G,C
P0433,0,TREM2,BG_P0433_TREM2_SNP1,background,SNP,657,C,T
P0434,0,APP,BG_P0434_APP_INS,background,INS,755,-,TC
P0434,0,PSEN1,BG_P0434_PSEN1_SNP1,background,SNP,31,C,T
P0434,0,APOE,BG_P0434_APOE_SNP1,background,SNP,91,C,G
P0434,0,APOE,BG_P0434_APOE_SNP2,background,SNP,391,T,C
P0434,0,APOE,BG_P0434_APOE_SNP3,background,SNP,399,A,G
P0434,0,APOE,BG_P0434_APOE_SNP4,background,SNP,177,C,A
P0434,0,TREM2,SYN_TREM2_R1,risk_hotspot,SNP,251,C,A
P0434,0,TREM2,BG_P0434_TREM2_SNP1,background,SNP,22,T,G
P0435,0,PSEN1,BG_P0435_PSEN1_SNP1,background,SNP,570,G,T
P0435,0,PSEN1,BG_P0435_PSEN1_SNP2,background,SNP,685,G,T
P0435,0,PSEN2,BG_P0435_PSEN2_SNP1,background,SNP,148,A,T
P0435,0,TREM2,BG_P0435_TREM2_SNP1,background,SNP,366,G,C
P0436,0,PSEN1,BG_P0436_PSEN1_SNP1,background,SNP,543,C,A
P0437,0,APP,BG_P0437_APP_SNP1,background,SNP,787,G,C
P0437,0,PSEN1,BG_P0437_PSEN1_SNP1,background,SNP,486,A,C
P0437,0,PSEN2,BG_P0437_PSEN2_SNP1,background,SNP,468,A,C
P0438,1,APOE,SYN_APOE_H1A,risk_hotspot,SNP,205,T,G
P0438,1,APOE,SYN_APOE_H1B,risk_hotspot,SNP,311,C,T
P0438,1,APOE,BG_P0438_APOE_SNP1,background,SNP,447,G,T
P0438,1,APOE,BG_P0438_APOE_DEL,background,DEL,95,TG,-
P0438,1,TREM2,SYN_TREM2_R1,risk_hotspot,SNP,251,C,A
P0439,0,APP,BG_P0439_APP_SNP1,background,SNP,237,C,A
P0439,0,PSEN1,BG_P0439_PSEN1_SNP1,background,SNP,686,G,C
P0439,0,TREM2,BG_P0439_TREM2_SNP1,background,SNP,648,T,C
P0439,0,TREM2,BG_P0439_TREM2_SNP2,background,SNP,635,C,A
P0440,1,APP,SYN_APP_R1,risk_hotspot,SNP,217,G,C
P0440,1,PSEN1,SYN_PSEN1_R1,risk_hotspot,SNP,133,C,A
P0440,1,PSEN1,BG_P0440_PSEN1_SNP1,background,SNP,72,T,A
P0440,1,PSEN2,SYN_PSEN2_R1,risk_hotspot,SNP,166,T,C
P0440,1,APOE,BG_P0440_APOE_SNP1,background,SNP,565,G,A
P0441,0,APOE,BG_P0441_APOE_SNP1,background,SNP,173,A,C
P0442,0,PSEN1,BG_P0442_PSEN1_SNP1,background,SNP,746,C,A
P0442,0,PSEN1,BG_P0442_PSEN1_SNP2,background,SNP,474,T,C
P0442,0,PSEN2,BG_P0442_PSEN2_SNP1,background,SNP,647,G,C
P0442,0,PSEN2,BG_P0442_PSEN2_SNP2,background,SNP,214,T,A
P0442,0,APOE,SYN_APOE_H1A,risk_hotspot,SNP,205,T,G
P0442,0,APOE,SYN_APOE_H1B,risk_hotspot,SNP,311,C,T
P0443,0,PSEN2,BG_P0443_PSEN2_SNP1,background,SNP,158,G,A
P0443,0,APOE,SYN_APOE_H1A,risk_hotspot,SNP,205,T,G
P0443,0,APOE,SYN_APOE_H1B,risk_hotspot,SNP,311,C,T
P0444,0,PSEN2,BG_P0444_PSEN2_SNP1,background,SNP,178,G,T
P0444,0,APOE,BG_P0444_APOE_SNP1,background,SNP,194,G,T
P0444,0,APOE,BG_P0444_APOE_SNP2,background,SNP,392,G,T
P0445,0,PSEN2,SYN_PSEN2_R1,risk_hotspot,SNP,166,T,C
P0446,0,APP,BG_P0446_APP_SNP1,background,SNP,381,A,T
P0446,0,APP,BG_P0446_APP_SNP2,background,SNP,351,T,A
P0446,0,PSEN1,BG_P0446_PSEN1_SNP1,background,SNP,314,A,C
P0446,0,PSEN2,BG_P0446_PSEN2_SNP1,background,SNP,330,C,T
P0446,0,APOE,SYN_APOE_H1A,risk_hotspot,SNP,205,T,G
P0446,0,APOE,SYN_APOE_H1B,risk_hotspot,SNP,311,C,T
P0446,0,APOE,BG_P0446_APOE_SNP1,background,SNP,390,T,G
P0447,0,PSEN1,BG_P0447_PSEN1_SNP1,background,SNP,402,G,A
P0447,0,PSEN1,BG_P0447_PSEN1_SNP2,background,SNP,666,C,T
P0447,0,PSEN2,BG_P0447_PSEN2_SNP1,background,SNP,331,T,G
P0447,0,TREM2,BG_P0447_TREM2_SNP1,background,SNP,125,C,G
P0448,1,APP,BG_P0448_APP_SNP1,background,SNP,506,C,T
P0448,1,APP,BG_P0448_APP_SNP2,background,SNP,352,T,A
P0448,1,PSEN1,SYN_PSEN1_R1,risk_hotspot,SNP,133,C,A
P0448,1,PSEN1,BG_P0448_PSEN1_SNP1,background,SNP,555,T,G
P0448,1,APOE,SYN_APOE_H1A,risk_hotspot,SNP,205,T,G
P0448,1,APOE,SYN_APOE_H1B,risk_hotspot,SNP,311,C,T
P0448,1,APOE,BG_P0448_APOE_SNP1,background,SNP,527,G,A
P0448,1,APOE,BG_P0448_APOE_SNP2,background,SNP,536,A,G
P0448,1,TREM2,BG_P0448_TREM2_SNP1,background,SNP,639,A,G
P0449,0,PSEN1,BG_P0449_PSEN1_SNP1,background,SNP,325,A,C
P0449,0,PSEN1,BG_P0449_PSEN1_SNP2,background,SNP,312,A,T
P0449,0,APOE,BG_P0449_APOE_SNP1,background,SNP,132,C,G
P0449,0,APOE,BG_P0449_APOE_SNP2,background,SNP,79,T,A
P0450,0,APP,BG_P0450_APP_SNP1,background,SNP,790,T,C
P0450,0,PSEN1,SYN_PSEN1_R1,risk_hotspot,SNP,133,C,A
P0450,0,PSEN1,BG_P0450_PSEN1_SNP1,background,SNP,302,T,C
P0450,0,PSEN1,BG_P0450_PSEN1_SNP2,background,SNP,623,A,C
P0450,0,TREM2,BG_P0450_TREM2_SNP1,background,SNP,171,C,G
P0451,0,APP,BG_P0451_APP_SNP1,background,SNP,699,G,A
P0451,0,APOE,SYN_APOE_H1A,risk_hotspot,SNP,205,T,G
P0451,0,APOE,SYN_APOE_H1B,risk_hotspot,SNP,311,C,T
P0451,0,TREM2,BG_P0451_TREM2_SNP1,background,SNP,467,C,G
P0452,0,APP,SYN_APP_R2,risk_hotspot,SNP,452,C,G
P0452,0,APP,BG_P0452_APP_SNP1,background,SNP,643,A,C
P0452,0,PSEN2,BG_P0452_PSEN2_SNP1,background,SNP,319,A,T
P0453,0,APP,BG_P0453_APP_SNP1,background,SNP,279,C,T
P0453,0,APP,BG_P0453_APP_DEL,background,DEL,310,CCT,-
P0453,0,PSEN2,BG_P0453_PSEN2_SNP1,background,SNP,248,C,A
P0453,0,TREM2,BG_P0453_TREM2_SNP1,background,SNP,456,G,C
P0454,1,PSEN2,SYN_PSEN2_R3,risk_hotspot,SNP,615,T,G
P0454,1,APOE,SYN_APOE_H1A,risk_hotspot,SNP,205,T,G
P0454,1,APOE,SYN_APOE_H1B,risk_hotspot,SNP,311,C,T
P0454,1,APOE,BG_P0454_APOE_SNP1,background,SNP,409,C,T
P0455,1,APP,BG_P0455_APP_SNP1,background,SNP,236,T,G
P0455,1,PSEN1,SYN_PSEN1_R1,risk_hotspot,SNP,133,C,A
P0455,1,PSEN1,BG_P0455_PSEN1_SNP1,background,SNP,485,C,G
P0455,1,PSEN1,BG_P0455_PSEN1_DEL,background,DEL,74,AC,-
P0455,1,PSEN2,BG_P0455_PSEN2_SNP1,background,SNP,571,A,C
P0455,1,APOE,SYN_APOE_H1A,risk_hotspot,SNP,205,T,G
P0455,1,APOE,SYN_APOE_H1B,risk_hotspot,SNP,311,C,T
P0455,1,TREM2,BG_P0455_TREM2_SNP1,background,SNP,423,T,A
P0456,0,APP,BG_P0456_APP_SNP1,background,SNP,461,A,C
P0456,0,PSEN1,BG_P0456_PSEN1_SNP1,background,SNP,240,A,T
P0456,0,PSEN2,BG_P0456_PSEN2_DEL,background,DEL,25,A,-
P0456,0,APOE,SYN_APOE_H1A,risk_hotspot,SNP,205,T,G
P0456,0,APOE,SYN_APOE_H1B,risk_hotspot,SNP,311,C,T
P0457,0,APP,BG_P0457_APP_SNP1,background,SNP,350,G,A
P0457,0,APP,BG_P0457_APP_SNP2,background,SNP,485,G,A
P0457,0,APP,BG_P0457_APP_SNP3,background,SNP,407,T,C
P0457,0,PSEN1,SYN_PSEN1_R1,risk_hotspot,SNP,133,C,A
P0457,0,PSEN1,BG_P0457_PSEN1_SNP1,background,SNP,649,C,A
P0457,0,APOE,SYN_APOE_H1A,risk_hotspot,SNP,205,T,G
P0457,0,APOE,SYN_APOE_H1B,risk_hotspot,SNP,311,C,T
P0458,1,APP,BG_P0458_APP_SNP1,background,SNP,197,A,T
P0458,1,PSEN1,SYN_PSEN1_R2,risk_hotspot,SNP,374,C,G
P0458,1,PSEN1,BG_P0458_PSEN1_SNP1,background,SNP,457,A,G
P0458,1,PSEN2,SYN_PSEN2_R3,risk_hotspot,SNP,615,T,G
P0458,1,APOE,SYN_APOE_H1A,risk_hotspot,SNP,205,T,G
P0458,1,APOE,SYN_APOE_H1B,risk_hotspot,SNP,311,C,T
P0458,1,APOE,BG_P0458_APOE_SNP1,background,SNP,27,A,C
P0458,1,TREM2,SYN_TREM2_R2,risk_hotspot,SNP,529,C,A
P0458,1,TREM2,BG_P0458_TREM2_SNP1,background,SNP,355,A,C
P0458,1,TREM2,BG_P0458_TREM2_SNP2,background,SNP,79,C,A
P0459,0,PSEN1,SYN_PSEN1_R2,risk_hotspot,SNP,374,C,G
P0459,0,PSEN2,SYN_PSEN2_R1,risk_hotspot,SNP,166,T,C
P0459,0,PSEN2,BG_P0459_PSEN2_SNP1,background,SNP,156,G,C
P0459,0,APOE,BG_P0459_APOE_SNP1,background,SNP,527,G,T
P0460,0,PSEN1,BG_P0460_PSEN1_SNP1,background,SNP,85,G,A
P0460,0,PSEN2,BG_P0460_PSEN2_SNP1,background,SNP,388,G,A
P0460,0,APOE,BG_P0460_APOE_SNP1,background,SNP,246,G,A
P0460,0,APOE,BG_P0460_APOE_DEL,background,DEL,385,CCG,-
P0461,0,APP,BG_P0461_APP_SNP1,background,SNP,333,C,T
P0461,0,PSEN1,BG_P0461_PSEN1_SNP1,background,SNP,454,T,G
P0461,0,PSEN2,BG_P0461_PSEN2_SNP1,background,SNP,141,G,C
P0461,0,TREM2,BG_P0461_TREM2_SNP1,background,SNP,554,G,T
P0462,1,PSEN1,SYN_PSEN1_R3,risk_hotspot,INS,611,-,GCT
P0462,1,PSEN2,SYN_PSEN2_R2,risk_hotspot,DEL,407,GC,-
P0462,1,APOE,BG_P0462_APOE_SNP1,background,SNP,89,A,C
P0462,1,APOE,BG_P0462_APOE_SNP2,background,SNP,194,G,A
P0462,1,TREM2,BG_P0462_TREM2_SNP1,background,SNP,271,C,G
P0463,1,PSEN1,BG_P0463_PSEN1_SNP1,background,SNP,426,G,C
P0463,1,PSEN2,SYN_PSEN2_R2,risk_hotspot,DEL,407,GC,-
P0463,1,APOE,BG_P0463_APOE_SNP1,background,SNP,122,G,C
P0463,1,APOE,BG_P0463_APOE_INS,background,INS,114,-,AT
P0464,0,APP,SYN_APP_R1,risk_hotspot,SNP,217,G,C
P0464,0,APP,BG_P0464_APP_SNP1,background,SNP,59,T,G
P0464,0,TREM2,BG_P0464_TREM2_SNP1,background,SNP,28,T,A
P0464,0,TREM2,BG_P0464_TREM2_SNP2,background,SNP,590,T,A
P0465,0,APP,BG_P0465_APP_SNP1,background,SNP,315,C,T
P0465,0,PSEN1,SYN_PSEN1_R2,risk_hotspot,SNP,374,C,G
P0466,1,APP,SYN_APP_R2,risk_hotspot,SNP,452,C,G
P0466,1,PSEN1,SYN_PSEN1_R1,risk_hotspot,SNP,133,C,A
P0466,1,PSEN2,SYN_PSEN2_R1,risk_hotspot,SNP,166,T,C
P0466,1,PSEN2,SYN_PSEN2_R3,risk_hotspot,SNP,615,T,G
P0466,1,TREM2,SYN_TREM2_R2,risk_hotspot,SNP,529,C,A
P0467,1,APP,SYN_APP_R3,risk_hotspot,DEL,688,TCC,-
P0467,1,APP,BG_P0467_APP_SNP1,background,SNP,130,G,A
P0467,1,APP,BG_P0467_APP_SNP2,background,SNP,234,G,C
P0467,1,PSEN1,SYN_PSEN1_R1,risk_hotspot,SNP,133,C,A
P0467,1,PSEN1,SYN_PSEN1_R2,risk_hotspot,SNP,374,C,G
P0467,1,PSEN2,SYN_PSEN2_R1,risk_hotspot,SNP,166,T,C
P0467,1,PSEN2,SYN_PSEN2_R3,risk_hotspot,SNP,615,T,G
P0467,1,APOE,SYN_APOE_H1A,risk_hotspot,SNP,205,T,G
P0467,1,APOE,SYN_APOE_H1B,risk_hotspot,SNP,311,C,T
P0468,1,PSEN2,BG_P0468_PSEN2_SNP1,background,SNP,258,A,C
P0468,1,TREM2,SYN_TREM2_R1,risk_hotspot,SNP,251,C,A
P0468,1,TREM2,BG_P0468_TREM2_SNP1,background,SNP,235,G,A
P0469,1,APP,SYN_APP_R2,risk_hotspot,SNP,452,C,G
P0469,1,APP,BG_P0469_APP_SNP1,background,SNP,667,G,C
P0469,1,PSEN1,BG_P0469_PSEN1_SNP1,background,SNP,360,A,C
P0469,1,PSEN2,BG_P0469_PSEN2_SNP1,background,SNP,76,C,T
P0469,1,PSEN2,BG_P0469_PSEN2_SNP2,background,SNP,507,G,T
P0469,1,PSEN2,BG_P0469_PSEN2_SNP3,background,SNP,335,C,G
P0469,1,TREM2,SYN_TREM2_R1,risk_hotspot,SNP,251,C,A
P0469,1,TREM2,BG_P0469_TREM2_SNP1,background,SNP,566,A,C
P0470,1,APP,SYN_APP_R2,risk_hotspot,SNP,452,C,G
P0470,1,PSEN1,SYN_PSEN1_R3,risk_hotspot,INS,611,-,GCT
P0470,1,PSEN1,BG_P0470_PSEN1_SNP1,background,SNP,737,C,T
P0470,1,PSEN2,SYN_PSEN2_R2,risk_hotspot,DEL,407,GC,-
P0470,1,APOE,SYN_APOE_H1A,risk_hotspot,SNP,205,T,G
P0470,1,APOE,SYN_APOE_H1B,risk_hotspot,SNP,311,C,T
P0470,1,TREM2,BG_P0470_TREM2_SNP1,background,SNP,66,G,C
P0471,0,APP,BG_P0471_APP_SNP1,background,SNP,771,C,G
P0471,0,APOE,SYN_APOE_H1A,risk_hotspot,SNP,205,T,G
P0471,0,APOE,SYN_APOE_H1B,risk_hotspot,SNP,311,C,T
P0471,0,APOE,BG_P0471_APOE_SNP1,background,SNP,218,C,T
P0472,1,APP,BG_P0472_APP_SNP1,background,SNP,162,A,T
P0472,1,PSEN1,SYN_PSEN1_R2,risk_hotspot,SNP,374,C,G
P0472,1,PSEN2,BG_P0472_PSEN2_DEL,background,DEL,394,C,-
P0472,1,APOE,SYN_APOE_H1A,risk_hotspot,SNP,205,T,G
P0472,1,APOE,SYN_APOE_H1B,risk_hotspot,SNP,311,C,T
P0473,0,APP,BG_P0473_APP_SNP1,background,SNP,52,G,A
P0473,0,PSEN2,BG_P0473_PSEN2_SNP1,background,SNP,347,G,C
P0473,0,PSEN2,BG_P0473_PSEN2_DEL,background,DEL,398,AC,-
P0473,0,TREM2,BG_P0473_TREM2_SNP1,background,SNP,474,T,C
P0474,0,APP,BG_P0474_APP_SNP1,background,SNP,625,G,T
P0474,0,PSEN1,BG_P0474_PSEN1_SNP1,background,SNP,227,G,C
P0474,0,APOE,SYN_APOE_H1A,risk_hotspot,SNP,205,T,G
P0474,0,APOE,SYN_APOE_H1B,risk_hotspot,SNP,311,C,T
P0474,0,APOE,BG_P0474_APOE_SNP1,background,SNP,464,T,G
P0474,0,APOE,BG_P0474_APOE_SNP2,background,SNP,363,C,G
P0474,0,TREM2,BG_P0474_TREM2_SNP1,background,SNP,68,A,C
P0476,1,APP,SYN_APP_R1,risk_hotspot,SNP,217,G,C
P0476,1,APP,BG_P0476_APP_SNP1,background,SNP,157,T,G
P0476,1,APOE,BG_P0476_APOE_DEL,background,DEL,452,CCC,-
P0476,1,TREM2,BG_P0476_TREM2_SNP1,background,SNP,25,G,T
P0477,0,PSEN1,BG_P0477_PSEN1_SNP1,background,SNP,148,A,G
P0477,0,PSEN1,BG_P0477_PSEN1_SNP2,background,SNP,500,A,C
P0477,0,PSEN2,BG_P0477_PSEN2_SNP1,background,SNP,117,T,A
P0477,0,APOE,BG_P0477_APOE_SNP1,background,SNP,295,C,T
P0477,0,TREM2,BG_P0477_TREM2_SNP1,background,SNP,304,C,T
P0478,1,APP,BG_P0478_APP_SNP1,background,SNP,129,A,G
P0478,1,APP,BG_P0478_APP_DEL,background,DEL,236,TCT,-
P0478,1,PSEN1,SYN_PSEN1_R1,risk_hotspot,SNP,133,C,A
P0478,1,PSEN1,BG_P0478_PSEN1_SNP1,background,SNP,305,C,G
P0478,1,PSEN2,SYN_PSEN2_R2,risk_hotspot,DEL,407,GC,-
P0478,1,APOE,SYN_APOE_H1A,risk_hotspot,SNP,205,T,G
P0478,1,APOE,SYN_APOE_H1B,risk_hotspot,SNP,311,C,T
P0478,1,TREM2,SYN_TREM2_R2,risk_hotspot,SNP,529,C,A
P0478,1,TREM2,BG_P0478_TREM2_SNP1,background,SNP,278,C,A
P0479,1,APP,SYN_APP_R3,risk_hotspot,DEL,688,TCC,-
P0479,1,APP,BG_P0479_APP_SNP1,background,SNP,652,C,A
P0479,1,PSEN1,BG_P0479_PSEN1_SNP1,background,SNP,340,C,A
P0479,1,APOE,SYN_APOE_H1A,risk_hotspot,SNP,205,T,G
P0479,1,APOE,SYN_APOE_H1B,risk_hotspot,SNP,311,C,T
P0479,1,TREM2,SYN_TREM2_R1,risk_hotspot,SNP,251,C,A
P0480,1,APP,SYN_APP_R2,risk_hotspot,SNP,452,C,G
P0480,1,PSEN2,BG_P0480_PSEN2_SNP1,background,SNP,324,T,G
P0480,1,APOE,SYN_APOE_H1A,risk_hotspot,SNP,205,T,G
P0480,1,APOE,SYN_APOE_H1B,risk_hotspot,SNP,311,C,T
P0480,1,TREM2,SYN_TREM2_R1,risk_hotspot,SNP,251,C,A
P0480,1,TREM2,BG_P0480_TREM2_SNP1,background,SNP,652,T,A
P0481,0,PSEN1,SYN_PSEN1_R3,risk_hotspot,INS,611,-,GCT
P0481,0,PSEN1,BG_P0481_PSEN1_SNP1,background,SNP,722,T,G
P0481,0,PSEN2,BG_P0481_PSEN2_SNP1,background,SNP,220,A,C
P0481,0,PSEN2,BG_P0481_PSEN2_SNP2,background,SNP,227,T,A
P0481,0,APOE,BG_P0481_APOE_SNP1,background,SNP,365,A,G
P0481,0,APOE,BG_P0481_APOE_SNP2,background,SNP,508,C,G
P0481,0,APOE,BG_P0481_APOE_INS,background,INS,530,-,TT
P0481,0,TREM2,SYN_TREM2_R3,risk_hotspot,INS,604,-,AT
P0481,0,TREM2,BG_P0481_TREM2_SNP1,background,SNP,593,C,G
P0482,0,TREM2,BG_P0482_TREM2_SNP1,background,SNP,74,T,A
P0483,1,APP,SYN_APP_R1,risk_hotspot,SNP,217,G,C
P0483,1,APP,BG_P0483_APP_SNP1,background,SNP,230,T,A
P0483,1,APOE,SYN_APOE_H1A,risk_hotspot,SNP,205,T,G
P0483,1,APOE,SYN_APOE_H1B,risk_hotspot,SNP,311,C,T
P0483,1,APOE,BG_P0483_APOE_SNP1,background,SNP,486,A,C
P0483,1,APOE,BG_P0483_APOE_SNP2,background,SNP,107,G,A
P0484,0,APP,BG_P0484_APP_SNP1,background,SNP,736,G,C
P0484,0,APP,BG_P0484_APP_DEL,background,DEL,782,AGC,-
P0484,0,TREM2,BG_P0484_TREM2_SNP1,background,SNP,355,A,C
P0484,0,TREM2,BG_P0484_TREM2_SNP2,background,SNP,358,A,C
P0485,0,APP,BG_P0485_APP_SNP1,background,SNP,314,A,G
P0485,0,PSEN1,BG_P0485_PSEN1_SNP1,background,SNP,490,T,C
P0485,0,PSEN1,BG_P0485_PSEN1_SNP2,background,SNP,749,T,G
P0485,0,APOE,SYN_APOE_H1A,risk_hotspot,SNP,205,T,G
P0485,0,APOE,SYN_APOE_H1B,risk_hotspot,SNP,311,C,T
P0485,0,APOE,BG_P0485_APOE_SNP1,background,SNP,535,G,C
P0485,0,APOE,BG_P0485_APOE_SNP2,background,SNP,509,C,G
P0485,0,TREM2,BG_P0485_TREM2_SNP1,background,SNP,61,A,G
P0485,0,TREM2,BG_P0485_TREM2_SNP2,background,SNP,610,G,C
P0485,0,TREM2,BG_P0485_TREM2_SNP3,background,SNP,580,A,G
P0486,1,PSEN2,BG_P0486_PSEN2_SNP1,background,SNP,153,G,T
P0486,1,APOE,SYN_APOE_H1A,risk_hotspot,SNP,205,T,G
P0486,1,APOE,SYN_APOE_H1B,risk_hotspot,SNP,311,C,T
P0486,1,APOE,BG_P0486_APOE_SNP1,background,SNP,269,A,C
P0486,1,TREM2,SYN_TREM2_R2,risk_hotspot,SNP,529,C,A
P0487,0,APP,SYN_APP_R1,risk_hotspot,SNP,217,G,C
P0487,0,APP,BG_P0487_APP_SNP1,background,SNP,109,A,T
P0487,0,PSEN2,BG_P0487_PSEN2_SNP1,background,SNP,456,C,T
P0487,0,PSEN2,BG_P0487_PSEN2_SNP2,background,SNP,125,G,T
P0487,0,APOE,BG_P0487_APOE_SNP1,background,SNP,240,T,C
P0487,0,TREM2,BG_P0487_TREM2_SNP1,background,SNP,149,T,C
P0487,0,TREM2,BG_P0487_TREM2_SNP2,background,SNP,664,C,G
P0488,0,PSEN1,SYN_PSEN1_R2,risk_hotspot,SNP,374,C,G
P0488,0,PSEN2,BG_P0488_PSEN2_SNP1,background,SNP,194,G,A
P0488,0,TREM2,BG_P0488_TREM2_SNP1,background,SNP,293,C,A
P0488,0,TREM2,BG_P0488_TREM2_SNP2,background,SNP,549,A,G
P0489,1,APOE,BG_P0489_APOE_SNP1,background,SNP,278,A,G
P0489,1,APOE,BG_P0489_APOE_SNP2,background,SNP,28,C,A
P0489,1,TREM2,SYN_TREM2_R1,risk_hotspot,SNP,251,C,A
P0489,1,TREM2,BG_P0489_TREM2_SNP1,background,SNP,595,C,G
P0491,1,APP,BG_P0491_APP_SNP1,background,SNP,352,T,C
P0491,1,APOE,SYN_APOE_H1A,risk_hotspot,SNP,205,T,G
P0491,1,APOE,SYN_APOE_H1B,risk_hotspot,SNP,311,C,T
P0491,1,APOE,BG_P0491_APOE_SNP1,background,SNP,478,G,T
P0491,1,APOE,BG_P0491_APOE_SNP2,background,SNP,290,G,A
P0491,1,TREM2,BG_P0491_TREM2_SNP1,background,SNP,479,T,C
P0492,1,PSEN1,BG_P0492_PSEN1_SNP1,background,SNP,326,C,T
P0492,1,PSEN2,SYN_PSEN2_R2,risk_hotspot,DEL,407,GC,-
P0492,1,APOE,BG_P0492_APOE_SNP1,background,SNP,189,T,A
P0492,1,APOE,BG_P0492_APOE_SNP2,background,SNP,76,T,A
P0492,1,TREM2,SYN_TREM2_R2,risk_hotspot,SNP,529,C,A
P0492,1,TREM2,SYN_TREM2_R3,risk_hotspot,INS,604,-,AT
P0492,1,TREM2,BG_P0492_TREM2_SNP1,background,SNP,281,C,T
P0494,0,PSEN1,BG_P0494_PSEN1_SNP1,background,SNP,273,G,A
P0494,0,TREM2,BG_P0494_TREM2_SNP1,background,SNP,410,C,A
P0495,0,APP,BG_P0495_APP_SNP1,background,SNP,865,A,G
P0495,0,APP,BG_P0495_APP_SNP2,background,SNP,197,A,C
P0495,0,TREM2,BG_P0495_TREM2_INS,background,INS,113,-,TA
P0496,0,APP,BG_P0496_APP_SNP1,background,SNP,707,C,A
P0496,0,APOE,BG_P0496_APOE_SNP1,background,SNP,320,G,T
P0497,1,APP,BG_P0497_APP_DEL,background,DEL,107,C,-
P0497,1,PSEN2,BG_P0497_PSEN2_SNP1,background,SNP,576,T,G
P0497,1,TREM2,BG_P0497_TREM2_SNP1,background,SNP,412,T,G
P0497,1,TREM2,BG_P0497_TREM2_SNP2,background,SNP,617,A,T
P0498,0,APP,SYN_APP_R2,risk_hotspot,SNP,452,C,G
P0498,0,APP,BG_P0498_APP_SNP1,background,SNP,814,A,C
P0498,0,APP,BG_P0498_APP_SNP2,background,SNP,857,C,T
P0498,0,PSEN1,BG_P0498_PSEN1_SNP1,background,SNP,315,C,T
P0498,0,PSEN2,BG_P0498_PSEN2_SNP1,background,SNP,75,C,T
P0499,0,PSEN1,BG_P0499_PSEN1_SNP1,background,SNP,284,T,A
P0499,0,PSEN2,BG_P0499_PSEN2_SNP1,background,SNP,23,C,G
P0499,0,APOE,BG_P0499_APOE_SNP1,background,SNP,134,G,A
P0500,0,PSEN2,BG_P0500_PSEN2_SNP1,background,SNP,660,T,A
P0501,1,APP,SYN_APP_R2,risk_hotspot,SNP,452,C,G
P0501,1,APP,BG_P0501_APP_SNP1,background,SNP,283,G,A
P0501,1,APP,BG_P0501_APP_SNP2,background,SNP,524,A,C
P0501,1,PSEN1,BG_P0501_PSEN1_SNP1,background,SNP,117,C,A
P0501,1,PSEN1,BG_P0501_PSEN1_SNP2,background,SNP,150,C,A
P0501,1,PSEN2,SYN_PSEN2_R3,risk_hotspot,SNP,615,T,G
P0501,1,PSEN2,BG_P0501_PSEN2_SNP1,background,SNP,566,C,A
P0501,1,APOE,SYN_APOE_H1A,risk_hotspot,SNP,205,T,G
P0501,1,APOE,SYN_APOE_H1B,risk_hotspot,SNP,311,C,T
P0501,1,TREM2,SYN_TREM2_R3,risk_hotspot,INS,604,-,AT
P0502,0,PSEN1,BG_P0502_PSEN1_SNP1,background,SNP,181,A,C
P0502,0,PSEN2,BG_P0502_PSEN2_SNP1,background,SNP,724,C,G
P0502,0,PSEN2,BG_P0502_PSEN2_SNP2,background,SNP,572,G,T
P0502,0,APOE,BG_P0502_APOE_SNP1,background,SNP,128,G,A
P0503,1,PSEN1,BG_P0503_PSEN1_SNP1,background,SNP,169,G,A
P0503,1,PSEN1,BG_P0503_PSEN1_SNP2,background,SNP,640,A,T
P0503,1,PSEN2,SYN_PSEN2_R3,risk_hotspot,SNP,615,T,G
P0503,1,APOE,SYN_APOE_H1A,risk_hotspot,SNP,205,T,G
P0503,1,APOE,SYN_APOE_H1B,risk_hotspot,SNP,311,C,T
P0503,1,TREM2,SYN_TREM2_R2,risk_hotspot,SNP,529,C,A
P0504,0,PSEN1,BG_P0504_PSEN1_SNP1,background,SNP,161,A,C
P0504,0,PSEN2,BG_P0504_PSEN2_SNP1,background,SNP,449,C,T
P0504,0,PSEN2,BG_P0504_PSEN2_SNP2,background,SNP,59,A,T
P0504,0,PSEN2,BG_P0504_PSEN2_SNP3,background,SNP,154,T,A
P0504,0,APOE,BG_P0504_APOE_SNP1,background,SNP,548,G,C
P0505,0,PSEN2,BG_P0505_PSEN2_SNP1,background,SNP,534,T,A
P0505,0,APOE,SYN_APOE_H1A,risk_hotspot,SNP,205,T,G
P0505,0,APOE,SYN_APOE_H1B,risk_hotspot,SNP,311,C,T
P0506,1,PSEN1,SYN_PSEN1_R1,risk_hotspot,SNP,133,C,A
P0506,1,PSEN2,BG_P0506_PSEN2_SNP1,background,SNP,524,T,A
P0506,1,APOE,SYN_APOE_H1A,risk_hotspot,SNP,205,T,G
P0506,1,APOE,SYN_APOE_H1B,risk_hotspot,SNP,311,C,T
P0506,1,APOE,BG_P0506_APOE_SNP1,background,SNP,529,G,C
P0507,1,APP,BG_P0507_APP_SNP1,background,SNP,762,G,C
P0507,1,APP,BG_P0507_APP_SNP2,background,SNP,637,C,T
P0507,1,APOE,SYN_APOE_H1A,risk_hotspot,SNP,205,T,G
P0507,1,APOE,SYN_APOE_H1B,risk_hotspot,SNP,311,C,T
P0507,1,APOE,BG_P0507_APOE_SNP1,background,SNP,94,C,T
P0508,0,PSEN1,BG_P0508_PSEN1_SNP1,background,SNP,219,C,G
P0508,0,PSEN1,BG_P0508_PSEN1_SNP2,background,SNP,522,C,A
P0508,0,PSEN1,BG_P0508_PSEN1_SNP3,background,SNP,323,C,T
P0509,0,PSEN2,BG_P0509_PSEN2_INS,background,INS,595,-,C
P0509,0,APOE,SYN_APOE_H1A,risk_hotspot,SNP,205,T,G
P0509,0,APOE,SYN_APOE_H1B,risk_hotspot,SNP,311,C,T
P0509,0,APOE,BG_P0509_APOE_INS,background,INS,247,-,GTC
P0509,0,TREM2,BG_P0509_TREM2_SNP1,background,SNP,580,A,C
P0510,0,APP,SYN_APP_R3,risk_hotspot,DEL,688,TCC,-
P0510,0,APP,BG_P0510_APP_SNP1,background,SNP,292,A,G
P0510,0,PSEN2,SYN_PSEN2_R2,risk_hotspot,DEL,407,GC,-
P0510,0,APOE,BG_P0510_APOE_SNP1,background,SNP,72,C,G
P0510,0,APOE,BG_P0510_APOE_SNP2,background,SNP,258,C,T
P0510,0,APOE,BG_P0510_APOE_SNP3,background,SNP,408,C,G
P0511,0,PSEN2,SYN_PSEN2_R2,risk_hotspot,DEL,407,GC,-
P0511,0,PSEN2,SYN_PSEN2_R3,risk_hotspot,SNP,615,T,G
P0511,0,PSEN2,BG_P0511_PSEN2_SNP1,background,SNP,183,A,T
P0511,0,APOE,BG_P0511_APOE_SNP1,background,SNP,283,C,A
P0512,0,APOE,BG_P0512_APOE_SNP1,background,SNP,433,C,A
P0512,0,TREM2,BG_P0512_TREM2_SNP1,background,SNP,259,T,C
P0512,0,TREM2,BG_P0512_TREM2_SNP2,background,SNP,516,A,C
P0512,0,TREM2,BG_P0512_TREM2_SNP3,background,SNP,184,G,C
P0513,0,PSEN1,BG_P0513_PSEN1_SNP1,background,SNP,694,T,A
P0513,0,PSEN2,BG_P0513_PSEN2_SNP1,background,SNP,93,C,G
P0513,0,TREM2,BG_P0513_TREM2_SNP1,background,SNP,72,G,T
P0513,0,TREM2,BG_P0513_TREM2_SNP2,background,SNP,551,C,G
P0514,0,APP,BG_P0514_APP_SNP1,background,SNP,468,G,C
P0514,0,APP,BG_P0514_APP_SNP2,background,SNP,640,C,G
P0514,0,PSEN1,SYN_PSEN1_R2,risk_hotspot,SNP,374,C,G
P0514,0,PSEN1,BG_P0514_PSEN1_SNP1,background,SNP,155,A,C
P0514,0,PSEN2,BG_P0514_PSEN2_SNP1,background,SNP,90,T,A
P0514,0,APOE,SYN_APOE_H1A,risk_hotspot,SNP,205,T,G
P0514,0,APOE,SYN_APOE_H1B,risk_hotspot,SNP,311,C,T
P0515,0,APP,BG_P0515_APP_SNP1,background,SNP,540,A,C
P0515,0,PSEN1,BG_P0515_PSEN1_SNP1,background,SNP,509,T,A
P0515,0,PSEN2,BG_P0515_PSEN2_SNP1,background,SNP,263,G,T
P0515,0,TREM2,BG_P0515_TREM2_SNP1,background,SNP,598,T,G
P0516,1,APP,SYN_APP_R1,risk_hotspot,SNP,217,G,C
P0516,1,PSEN2,BG_P0516_PSEN2_SNP1,background,SNP,644,G,A
P0516,1,APOE,SYN_APOE_H1A,risk_hotspot,SNP,205,T,G
P0516,1,APOE,SYN_APOE_H1B,risk_hotspot,SNP,311,C,T
P0516,1,APOE,BG_P0516_APOE_SNP1,background,SNP,231,G,C
P0517,1,APP,SYN_APP_R1,risk_hotspot,SNP,217,G,C
P0517,1,APP,BG_P0517_APP_SNP1,background,SNP,102,G,C
P0517,1,PSEN1,BG_P0517_PSEN1_SNP1,background,SNP,100,G,T
P0517,1,APOE,SYN_APOE_H1A,risk_hotspot,SNP,205,T,G
P0517,1,APOE,SYN_APOE_H1B,risk_hotspot,SNP,311,C,T
P0517,1,APOE,BG_P0517_APOE_SNP1,background,SNP,246,G,C
P0517,1,TREM2,BG_P0517_TREM2_SNP1,background,SNP,557,G,T
P0518,0,PSEN1,BG_P0518_PSEN1_SNP1,background,SNP,318,A,G
P0518,0,PSEN2,BG_P0518_PSEN2_SNP1,background,SNP,718,A,G
P0518,0,APOE,BG_P0518_APOE_SNP1,background,SNP,176,A,C
P0518,0,TREM2,BG_P0518_TREM2_SNP1,background,SNP,542,C,T
P0518,0,TREM2,BG_P0518_TREM2_SNP2,background,SNP,208,A,G
P0519,1,PSEN1,SYN_PSEN1_R2,risk_hotspot,SNP,374,C,G
P0519,1,APOE,SYN_APOE_H1A,risk_hotspot,SNP,205,T,G
P0519,1,APOE,SYN_APOE_H1B,risk_hotspot,SNP,311,C,T
P0520,1,APP,SYN_APP_R1,risk_hotspot,SNP,217,G,C
P0520,1,APP,BG_P0520_APP_SNP1,background,SNP,389,G,T
P0520,1,APP,BG_P0520_APP_SNP2,background,SNP,640,C,A
P0520,1,PSEN2,BG_P0520_PSEN2_SNP1,background,SNP,576,T,G
P0520,1,PSEN2,BG_P0520_PSEN2_SNP2,background,SNP,455,T,C
P0520,1,APOE,SYN_APOE_H1A,risk_hotspot,SNP,205,T,G
P0520,1,APOE,SYN_APOE_H1B,risk_hotspot,SNP,311,C,T
P0520,1,APOE,BG_P0520_APOE_SNP1,background,SNP,165,C,G
P0520,1,TREM2,SYN_TREM2_R3,risk_hotspot,INS,604,-,AT
P0521,0,APP,BG_P0521_APP_SNP1,background,SNP,226,G,A
P0521,0,APP,BG_P0521_APP_INS,background,INS,535,-,CCA
P0521,0,PSEN2,BG_P0521_PSEN2_SNP1,background,SNP,58,T,G
P0521,0,PSEN2,BG_P0521_PSEN2_DEL,background,DEL,447,G,-
P0521,0,APOE,BG_P0521_APOE_SNP1,background,SNP,97,G,A
P0522,0,APP,BG_P0522_APP_SNP1,background,SNP,195,C,G
P0522,0,PSEN1,SYN_PSEN1_R2,risk_hotspot,SNP,374,C,G
P0522,0,PSEN1,BG_P0522_PSEN1_SNP1,background,SNP,169,G,T
P0522,0,PSEN2,BG_P0522_PSEN2_SNP1,background,SNP,689,T,A
P0522,0,APOE,BG_P0522_APOE_SNP1,background,SNP,472,C,T
P0523,0,PSEN1,BG_P0523_PSEN1_SNP1,background,SNP,46,C,G
P0523,0,PSEN2,BG_P0523_PSEN2_SNP1,background,SNP,293,A,T
P0523,0,TREM2,BG_P0523_TREM2_DEL,background,DEL,415,GA,-
P0524,1,APP,BG_P0524_APP_SNP1,background,SNP,284,G,T
P0524,1,PSEN1,BG_P0524_PSEN1_SNP1,background,SNP,585,A,C
P0524,1,PSEN1,BG_P0524_PSEN1_SNP2,background,SNP,670,A,C
P0524,1,APOE,SYN_APOE_H1A,risk_hotspot,SNP,205,T,G
P0524,1,APOE,SYN_APOE_H1B,risk_hotspot,SNP,311,C,T
P0525,0,APP,SYN_APP_R1,risk_hotspot,SNP,217,G,C
P0525,0,APP,BG_P0525_APP_INS,background,INS,210,-,G
P0525,0,APOE,SYN_APOE_H1A,risk_hotspot,SNP,205,T,G
P0525,0,APOE,SYN_APOE_H1B,risk_hotspot,SNP,311,C,T
P0525,0,APOE,BG_P0525_APOE_SNP1,background,SNP,95,T,G
P0526,0,APOE,SYN_APOE_H1A,risk_hotspot,SNP,205,T,G
P0526,0,APOE,SYN_APOE_H1B,risk_hotspot,SNP,311,C,T
P0526,0,APOE,BG_P0526_APOE_SNP1,background,SNP,126,T,C
P0526,0,APOE,BG_P0526_APOE_SNP2,background,SNP,49,A,C
P0526,0,TREM2,BG_P0526_TREM2_SNP1,background,SNP,293,C,G
P0526,0,TREM2,BG_P0526_TREM2_SNP2,background,SNP,403,A,C
P0526,0,TREM2,BG_P0526_TREM2_SNP3,background,SNP,103,C,T
P0527,0,APP,BG_P0527_APP_SNP1,background,SNP,813,A,C
P0527,0,APP,BG_P0527_APP_SNP2,background,SNP,141,G,C
P0527,0,PSEN1,BG_P0527_PSEN1_SNP1,background,SNP,235,C,T
P0527,0,PSEN1,BG_P0527_PSEN1_SNP2,background,SNP,530,A,T
P0527,0,APOE,SYN_APOE_H1A,risk_hotspot,SNP,205,T,G
P0527,0,APOE,SYN_APOE_H1B,risk_hotspot,SNP,311,C,T
P0528,0,APP,BG_P0528_APP_SNP1,background,SNP,750,T,G
P0528,0,APP,BG_P0528_APP_SNP2,background,SNP,793,A,G
P0528,0,APP,BG_P0528_APP_SNP3,background,SNP,727,C,G
P0528,0,PSEN1,BG_P0528_PSEN1_SNP1,background,SNP,445,C,A
P0528,0,PSEN1,BG_P0528_PSEN1_SNP2,background,SNP,26,T,A
P0528,0,APOE,BG_P0528_APOE_INS,background,INS,553,-,CA
P0528,0,TREM2,BG_P0528_TREM2_SNP1,background,SNP,124,G,T
P0529,0,APOE,BG_P0529_APOE_SNP1,background,SNP,84,C,A
P0529,0,TREM2,BG_P0529_TREM2_SNP1,background,SNP,631,G,C
P0530,0,APP,BG_P0530_APP_INS,background,INS,805,-,AT
P0530,0,APOE,BG_P0530_APOE_INS,background,INS,93,-,TC
P0531,1,PSEN2,BG_P0531_PSEN2_SNP1,background,SNP,323,G,C
P0531,1,APOE,SYN_APOE_H1A,risk_hotspot,SNP,205,T,G
P0531,1,APOE,SYN_APOE_H1B,risk_hotspot,SNP,311,C,T
P0531,1,APOE,BG_P0531_APOE_SNP1,background,SNP,404,T,C
P0531,1,TREM2,SYN_TREM2_R2,risk_hotspot,SNP,529,C,A
P0532,0,APP,BG_P0532_APP_SNP1,background,SNP,347,A,T
P0532,0,APP,BG_P0532_APP_SNP2,background,SNP,520,T,A
P0532,0,APOE,SYN_APOE_H1A,risk_hotspot,SNP,205,T,G
P0532,0,APOE,SYN_APOE_H1B,risk_hotspot,SNP,311,C,T
P0532,0,APOE,BG_P0532_APOE_SNP1,background,SNP,29,A,G
P0533,0,PSEN1,SYN_PSEN1_R2,risk_hotspot,SNP,374,C,G
P0533,0,PSEN1,BG_P0533_PSEN1_SNP1,background,SNP,515,G,T
P0533,0,APOE,BG_P0533_APOE_SNP1,background,SNP,404,T,C
P0533,0,APOE,BG_P0533_APOE_SNP2,background,SNP,407,A,G
P0533,0,APOE,BG_P0533_APOE_SNP3,background,SNP,283,C,G
P0533,0,TREM2,BG_P0533_TREM2_SNP1,background,SNP,646,A,T
P0533,0,TREM2,BG_P0533_TREM2_DEL,background,DEL,155,AC,-
P0534,0,PSEN1,SYN_PSEN1_R2,risk_hotspot,SNP,374,C,G
P0534,0,PSEN2,BG_P0534_PSEN2_SNP1,background,SNP,371,A,T
P0534,0,PSEN2,BG_P0534_PSEN2_SNP2,background,SNP,631,G,T
P0534,0,PSEN2,BG_P0534_PSEN2_SNP3,background,SNP,141,G,T
P0534,0,PSEN2,BG_P0534_PSEN2_SNP4,background,SNP,554,T,C
P0535,0,PSEN2,BG_P0535_PSEN2_DEL,background,DEL,150,GA,-
P0535,0,TREM2,BG_P0535_TREM2_SNP1,background,SNP,457,C,G
P0536,0,PSEN1,BG_P0536_PSEN1_SNP1,background,SNP,253,C,A
P0537,0,APP,SYN_APP_R3,risk_hotspot,DEL,688,TCC,-
P0537,0,APP,BG_P0537_APP_SNP1,background,SNP,730,A,G
P0537,0,PSEN1,BG_P0537_PSEN1_SNP1,background,SNP,383,G,T
P0537,0,PSEN1,BG_P0537_PSEN1_SNP2,background,SNP,650,T,C
P0537,0,APOE,BG_P0537_APOE_INS,background,INS,463,-,C
P0537,0,TREM2,SYN_TREM2_R2,risk_hotspot,SNP,529,C,A
P0538,0,APP,SYN_APP_R1,risk_hotspot,SNP,217,G,C
P0538,0,APP,BG_P0538_APP_SNP1,background,SNP,228,A,G
P0538,0,PSEN1,BG_P0538_PSEN1_SNP1,background,SNP,584,C,T
P0538,0,APOE,BG_P0538_APOE_SNP1,background,SNP,219,G,T
P0538,0,APOE,BG_P0538_APOE_INS,background,INS,218,-,TAG
P0538,0,TREM2,BG_P0538_TREM2_SNP1,background,SNP,100,T,A
P0539,0,PSEN2,BG_P0539_PSEN2_SNP1,background,SNP,608,C,T
P0539,0,APOE,BG_P0539_APOE_SNP1,background,SNP,497,T,A
P0539,0,TREM2,BG_P0539_TREM2_SNP1,background,SNP,216,T,G
P0539,0,TREM2,BG_P0539_TREM2_SNP2,background,SNP,114,G,T
P0540,1,APP,BG_P0540_APP_SNP1,background,SNP,125,T,G
P0540,1,APP,BG_P0540_APP_SNP2,background,SNP,790,T,G
P0540,1,PSEN1,SYN_PSEN1_R1,risk_hotspot,SNP,133,C,A
P0540,1,PSEN1,SYN_PSEN1_R3,risk_hotspot,INS,611,-,GCT
P0540,1,PSEN1,BG_P0540_PSEN1_SNP1,background,SNP,237,T,A
P0540,1,PSEN2,SYN_PSEN2_R3,risk_hotspot,SNP,615,T,G
P0540,1,PSEN2,BG_P0540_PSEN2_SNP1,background,SNP,453,C,A
P0540,1,PSEN2,BG_P0540_PSEN2_SNP2,background,SNP,528,C,T
P0540,1,APOE,BG_P0540_APOE_SNP1,background,SNP,542,A,T
P0540,1,APOE,BG_P0540_APOE_SNP2,background,SNP,243,A,T
P0540,1,TREM2,BG_P0540_TREM2_SNP1,background,SNP,490,A,T
P0541,1,APP,BG_P0541_APP_SNP1,background,SNP,624,G,A
P0541,1,PSEN1,BG_P0541_PSEN1_SNP1,background,SNP,160,A,T
P0541,1,PSEN1,BG_P0541_PSEN1_SNP2,background,SNP,587,A,C
P0541,1,APOE,SYN_APOE_H1A,risk_hotspot,SNP,205,T,G
P0541,1,APOE,SYN_APOE_H1B,risk_hotspot,SNP,311,C,T
P0541,1,TREM2,SYN_TREM2_R2,risk_hotspot,SNP,529,C,A
P0541,1,TREM2,BG_P0541_TREM2_SNP1,background,SNP,23,T,C
P0542,0,APP,BG_P0542_APP_DEL,background,DEL,95,T,-
P0542,0,PSEN2,BG_P0542_PSEN2_SNP1,background,SNP,549,G,A
P0542,0,APOE,SYN_APOE_H1A,risk_hotspot,SNP,205,T,G
P0542,0,APOE,SYN_APOE_H1B,risk_hotspot,SNP,311,C,T
P0542,0,APOE,BG_P0542_APOE_SNP1,background,SNP,172,T,G
P0542,0,APOE,BG_P0542_APOE_SNP2,background,SNP,390,T,A
P0542,0,TREM2,BG_P0542_TREM2_SNP1,background,SNP,451,A,C
P0543,0,APP,BG_P0543_APP_SNP1,background,SNP,770,C,A
P0543,0,APP,BG_P0543_APP_SNP2,background,SNP,223,C,G
P0543,0,APOE,BG_P0543_APOE_DEL,background,DEL,147,G,-
P0543,0,TREM2,SYN_TREM2_R2,risk_hotspot,SNP,529,C,A
P0544,0,APP,BG_P0544_APP_SNP1,background,SNP,794,G,T
P0544,0,APP,BG_P0544_APP_INS,background,INS,147,-,G
P0544,0,PSEN2,BG_P0544_PSEN2_SNP1,background,SNP,21,T,G
P0545,0,PSEN1,SYN_PSEN1_R1,risk_hotspot,SNP,133,C,A
P0545,0,PSEN1,BG_P0545_PSEN1_SNP1,background,SNP,714,G,A
P0545,0,APOE,BG_P0545_APOE_SNP1,background,SNP,579,G,T
P0546,0,APP,SYN_APP_R1,risk_hotspot,SNP,217,G,C
P0546,0,APP,BG_P0546_APP_SNP1,background,SNP,660,G,T
P0546,0,PSEN1,SYN_PSEN1_R1,risk_hotspot,SNP,133,C,A
P0546,0,PSEN1,BG_P0546_PSEN1_SNP1,background,SNP,44,T,C
P0546,0,PSEN2,BG_P0546_PSEN2_SNP1,background,SNP,514,G,A
P0546,0,PSEN2,BG_P0546_PSEN2_SNP2,background,SNP,99,G,T
P0546,0,TREM2,BG_P0546_TREM2_SNP1,background,SNP,401,T,A
P0547,0,TREM2,BG_P0547_TREM2_SNP1,background,SNP,147,G,A
P0548,0,PSEN1,BG_P0548_PSEN1_SNP1,background,SNP,457,A,G
P0548,0,TREM2,BG_P0548_TREM2_SNP1,background,SNP,591,C,A
P0548,0,TREM2,BG_P0548_TREM2_SNP2,background,SNP,263,T,G
P0549,0,APP,BG_P0549_APP_SNP1,background,SNP,410,C,A
P0549,0,APP,BG_P0549_APP_SNP2,background,SNP,585,T,A
P0549,0,PSEN1,BG_P0549_PSEN1_SNP1,background,SNP,451,G,A
P0549,0,APOE,BG_P0549_APOE_SNP1,background,SNP,506,C,A
P0549,0,TREM2,BG_P0549_TREM2_SNP1,background,SNP,324,G,T
P0550,1,APP,SYN_APP_R2,risk_hotspot,SNP,452,C,G
P0550,1,PSEN1,SYN_PSEN1_R2,risk_hotspot,SNP,374,C,G
P0550,1,PSEN1,BG_P0550_PSEN1_SNP1,background,SNP,166,T,G
P0550,1,PSEN1,BG_P0550_PSEN1_SNP2,background,SNP,42,G,C
P0550,1,TREM2,SYN_TREM2_R1,risk_hotspot,SNP,251,C,A
P0550,1,TREM2,BG_P0550_TREM2_SNP1,background,SNP,409,C,T
P0551,0,APP,BG_P0551_APP_SNP1,background,SNP,852,G,T
P0551,0,APP,BG_P0551_APP_SNP2,background,SNP,819,G,T
P0551,0,PSEN1,BG_P0551_PSEN1_SNP1,background,SNP,27,A,G
P0551,0,PSEN2,BG_P0551_PSEN2_SNP1,background,SNP,236,C,T
P0552,0,APP,BG_P0552_APP_SNP1,background,SNP,732,A,C
P0552,0,PSEN1,BG_P0552_PSEN1_SNP1,background,SNP,496,T,A
P0552,0,PSEN2,BG_P0552_PSEN2_SNP1,background,SNP,401,A,C
P0552,0,APOE,SYN_APOE_H1A,risk_hotspot,SNP,205,T,G
P0552,0,APOE,SYN_APOE_H1B,risk_hotspot,SNP,311,C,T
P0552,0,TREM2,BG_P0552_TREM2_SNP1,background,SNP,52,C,G
P0553,1,APP,SYN_APP_R1,risk_hotspot,SNP,217,G,C
P0553,1,PSEN2,BG_P0553_PSEN2_SNP1,background,SNP,372,A,T
P0553,1,TREM2,BG_P0553_TREM2_SNP1,background,SNP,682,C,A
P0553,1,TREM2,BG_P0553_TREM2_SNP2,background,SNP,632,G,A
P0553,1,TREM2,BG_P0553_TREM2_SNP3,background,SNP,213,T,G
P0553,1,TREM2,BG_P0553_TREM2_SNP4,background,SNP,626,G,A
P0554,0,PSEN1,BG_P0554_PSEN1_SNP1,background,SNP,252,A,T
P0554,0,APOE,BG_P0554_APOE_SNP1,background,SNP,35,G,A
P0555,1,PSEN1,SYN_PSEN1_R1,risk_hotspot,SNP,133,C,A
P0555,1,PSEN1,BG_P0555_PSEN1_SNP1,background,SNP,195,T,G
P0555,1,APOE,SYN_APOE_H1A,risk_hotspot,SNP,205,T,G
P0555,1,APOE,SYN_APOE_H1B,risk_hotspot,SNP,311,C,T
P0555,1,APOE,BG_P0555_APOE_SNP1,background,SNP,335,C,A
P0556,0,APP,BG_P0556_APP_SNP1,background,SNP,370,C,T
P0556,0,APP,BG_P0556_APP_SNP2,background,SNP,567,G,T
P0556,0,TREM2,BG_P0556_TREM2_SNP1,background,SNP,669,T,A
P0557,0,APP,SYN_APP_R2,risk_hotspot,SNP,452,C,G
P0557,0,APP,BG_P0557_APP_SNP1,background,SNP,568,C,T
P0557,0,PSEN2,BG_P0557_PSEN2_SNP1,background,SNP,30,C,A
P0557,0,APOE,BG_P0557_APOE_SNP1,background,SNP,56,C,G
P0557,0,TREM2,SYN_TREM2_R1,risk_hotspot,SNP,251,C,A
P0557,0,TREM2,BG_P0557_TREM2_SNP1,background,SNP,278,C,G
P0558,1,PSEN1,BG_P0558_PSEN1_SNP1,background,SNP,165,G,C
P0558,1,PSEN1,BG_P0558_PSEN1_SNP2,background,SNP,462,G,C
P0558,1,APOE,SYN_APOE_H1A,risk_hotspot,SNP,205,T,G
P0558,1,APOE,SYN_APOE_H1B,risk_hotspot,SNP,311,C,T
P0558,1,APOE,BG_P0558_APOE_SNP1,background,SNP,20,C,T
P0558,1,APOE,BG_P0558_APOE_SNP2,background,SNP,535,G,A
P0558,1,APOE,BG_P0558_APOE_DEL,background,DEL,266,GGA,-
P0558,1,TREM2,BG_P0558_TREM2_SNP1,background,SNP,548,C,A
P0559,0,APP,BG_P0559_APP_SNP1,background,SNP,873,G,A
P0559,0,PSEN1,BG_P0559_PSEN1_SNP1,background,SNP,646,C,G
P0559,0,PSEN1,BG_P0559_PSEN1_SNP2,background,SNP,424,G,C
P0559,0,PSEN2,BG_P0559_PSEN2_SNP1,background,SNP,581,C,A
P0559,0,PSEN2,BG_P0559_PSEN2_SNP2,background,SNP,676,A,G
P0559,0,PSEN2,BG_P0559_PSEN2_SNP3,background,SNP,98,G,C
P0560,0,PSEN1,BG_P0560_PSEN1_SNP1,background,SNP,561,A,G
P0560,0,PSEN1,BG_P0560_PSEN1_SNP2,background,SNP,380,T,C
P0560,0,PSEN1,BG_P0560_PSEN1_SNP3,background,SNP,517,A,T
P0560,0,PSEN2,BG_P0560_PSEN2_SNP1,background,SNP,106,T,A
P0560,0,TREM2,BG_P0560_TREM2_DEL,background,DEL,315,A,-
P0561,0,TREM2,BG_P0561_TREM2_SNP1,background,SNP,697,G,C
P0562,1,APP,SYN_APP_R1,risk_hotspot,SNP,217,G,C
P0562,1,APP,BG_P0562_APP_SNP1,background,SNP,320,A,C
P0562,1,PSEN1,SYN_PSEN1_R3,risk_hotspot,INS,611,-,GCT
P0562,1,PSEN1,BG_P0562_PSEN1_SNP1,background,SNP,647,C,G
P0562,1,PSEN2,BG_P0562_PSEN2_SNP1,background,SNP,20,C,A
P0562,1,APOE,SYN_APOE_H1A,risk_hotspot,SNP,205,T,G
P0562,1,APOE,SYN_APOE_H1B,risk_hotspot,SNP,311,C,T
P0563,0,PSEN1,SYN_PSEN1_R1,risk_hotspot,SNP,133,C,A
P0563,0,PSEN2,BG_P0563_PSEN2_SNP1,background,SNP,342,G,T
P0563,0,APOE,BG_P0563_APOE_DEL,background,DEL,154,G,-
P0563,0,TREM2,BG_P0563_TREM2_SNP1,background,SNP,166,C,A
P0564,1,APP,SYN_APP_R1,risk_hotspot,SNP,217,G,C
P0564,1,APP,SYN_APP_R3,risk_hotspot,DEL,688,TCC,-
P0564,1,PSEN1,SYN_PSEN1_R1,risk_hotspot,SNP,133,C,A
P0564,1,APOE,SYN_APOE_H1A,risk_hotspot,SNP,205,T,G
P0564,1,APOE,SYN_APOE_H1B,risk_hotspot,SNP,311,C,T
P0564,1,TREM2,BG_P0564_TREM2_SNP1,background,SNP,664,C,T
P0565,0,APOE,BG_P0565_APOE_SNP1,background,SNP,529,G,C
P0565,0,TREM2,BG_P0565_TREM2_SNP1,background,SNP,127,G,T
P0565,0,TREM2,BG_P0565_TREM2_SNP2,background,SNP,584,T,A
P0565,0,TREM2,BG_P0565_TREM2_SNP3,background,SNP,653,G,C
P0565,0,TREM2,BG_P0565_TREM2_SNP4,background,SNP,182,G,T
P0566,1,APP,BG_P0566_APP_INS,background,INS,675,-,G
P0566,1,PSEN1,SYN_PSEN1_R2,risk_hotspot,SNP,374,C,G
P0566,1,APOE,BG_P0566_APOE_SNP1,background,SNP,41,C,G
P0567,0,PSEN2,BG_P0567_PSEN2_SNP1,background,SNP,510,T,G
P0567,0,APOE,BG_P0567_APOE_SNP1,background,SNP,117,T,C
P0567,0,APOE,BG_P0567_APOE_SNP2,background,SNP,387,G,A
P0568,0,PSEN1,BG_P0568_PSEN1_SNP1,background,SNP,115,C,A
P0568,0,APOE,BG_P0568_APOE_SNP1,background,SNP,84,C,G
P0568,0,TREM2,BG_P0568_TREM2_SNP1,background,SNP,433,T,G
P0568,0,TREM2,BG_P0568_TREM2_SNP2,background,SNP,204,C,G
P0568,0,TREM2,BG_P0568_TREM2_SNP3,background,SNP,281,C,G
P0568,0,TREM2,BG_P0568_TREM2_DEL,background,DEL,54,AGT,-
P0569,1,PSEN1,SYN_PSEN1_R1,risk_hotspot,SNP,133,C,A
P0569,1,PSEN1,BG_P0569_PSEN1_SNP1,background,SNP,697,A,C
P0569,1,PSEN2,SYN_PSEN2_R3,risk_hotspot,SNP,615,T,G
P0569,1,PSEN2,BG_P0569_PSEN2_SNP1,background,SNP,53,A,C
P0569,1,TREM2,SYN_TREM2_R2,risk_hotspot,SNP,529,C,A
P0570,0,APP,BG_P0570_APP_SNP1,background,SNP,868,G,T
P0570,0,APP,BG_P0570_APP_SNP2,background,SNP,363,G,A
P0570,0,PSEN1,BG_P0570_PSEN1_SNP1,background,SNP,303,G,C
P0570,0,APOE,BG_P0570_APOE_SNP1,background,SNP,547,T,G
P0572,1,APP,BG_P0572_APP_SNP1,background,SNP,265,G,T
P0572,1,PSEN1,SYN_PSEN1_R2,risk_hotspot,SNP,374,C,G
P0572,1,PSEN1,BG_P0572_PSEN1_SNP1,background,SNP,250,C,T
P0572,1,PSEN2,BG_P0572_PSEN2_SNP1,background,SNP,392,T,C
P0572,1,TREM2,SYN_TREM2_R1,risk_hotspot,SNP,251,C,A
P0573,0,APOE,SYN_APOE_H1A,risk_hotspot,SNP,205,T,G
P0573,0,APOE,SYN_APOE_H1B,risk_hotspot,SNP,311,C,T
P0573,0,TREM2,BG_P0573_TREM2_SNP1,background,SNP,547,G,T
P0574,0,APP,BG_P0574_APP_SNP1,background,SNP,611,C,A
P0574,0,PSEN1,BG_P0574_PSEN1_SNP1,background,SNP,29,G,A
P0575,0,APOE,BG_P0575_APOE_SNP1,background,SNP,413,T,G
P0575,0,TREM2,BG_P0575_TREM2_SNP1,background,SNP,419,A,C
P0576,1,APP,SYN_APP_R1,risk_hotspot,SNP,217,G,C
P0576,1,PSEN1,SYN_PSEN1_R1,risk_hotspot,SNP,133,C,A
P0576,1,PSEN2,BG_P0576_PSEN2_SNP1,background,SNP,96,C,T
P0576,1,TREM2,BG_P0576_TREM2_SNP1,background,SNP,555,T,G
P0576,1,TREM2,BG_P0576_TREM2_SNP2,background,SNP,186,A,G
P0577,0,APP,BG_P0577_APP_SNP1,background,SNP,377,T,C
P0577,0,PSEN1,BG_P0577_PSEN1_SNP1,background,SNP,652,G,C
P0577,0,APOE,BG_P0577_APOE_DEL,background,DEL,189,TT,-
P0578,1,APP,SYN_APP_R1,risk_hotspot,SNP,217,G,C
P0578,1,APP,SYN_APP_R2,risk_hotspot,SNP,452,C,G
P0578,1,APP,BG_P0578_APP_SNP1,background,SNP,55,T,G
P0578,1,PSEN1,BG_P0578_PSEN1_SNP1,background,SNP,755,A,G
P0578,1,PSEN1,BG_P0578_PSEN1_SNP2,background,SNP,576,C,T
P0578,1,PSEN2,BG_P0578_PSEN2_SNP1,background,SNP,123,A,T
P0578,1,APOE,SYN_APOE_H1A,risk_hotspot,SNP,205,T,G
P0578,1,APOE,SYN_APOE_H1B,risk_hotspot,SNP,311,C,T
P0578,1,TREM2,SYN_TREM2_R3,risk_hotspot,INS,604,-,AT
P0579,1,APP,SYN_APP_R1,risk_hotspot,SNP,217,G,C
P0579,1,APP,BG_P0579_APP_SNP1,background,SNP,308,A,G
P0579,1,TREM2,BG_P0579_TREM2_SNP1,background,SNP,336,A,C
P0580,0,PSEN2,BG_P0580_PSEN2_SNP1,background,SNP,89,A,G
P0581,0,PSEN2,BG_P0581_PSEN2_SNP1,background,SNP,700,T,C
P0581,0,PSEN2,BG_P0581_PSEN2_DEL,background,DEL,649,AA,-
P0581,0,APOE,BG_P0581_APOE_SNP1,background,SNP,83,C,T
P0581,0,APOE,BG_P0581_APOE_SNP2,background,SNP,132,C,G
P0582,0,APP,BG_P0582_APP_SNP1,background,SNP,207,C,G
P0582,0,PSEN2,BG_P0582_PSEN2_SNP1,background,SNP,468,A,G
P0582,0,APOE,BG_P0582_APOE_SNP1,background,SNP,378,C,A
P0582,0,APOE,BG_P0582_APOE_SNP2,background,SNP,57,G,A
P0582,0,APOE,BG_P0582_APOE_SNP3,background,SNP,74,C,T
P0583,0,APP,BG_P0583_APP_SNP1,background,SNP,348,T,A
P0583,0,APP,BG_P0583_APP_SNP2,background,SNP,30,G,C
P0583,0,APP,BG_P0583_APP_SNP3,background,SNP,165,G,A
P0583,0,APOE,BG_P0583_APOE_SNP1,background,SNP,64,A,T
P0584,1,APP,BG_P0584_APP_SNP1,background,SNP,173,G,C
P0584,1,PSEN1,SYN_PSEN1_R1,risk_hotspot,SNP,133,C,A
P0584,1,PSEN1,SYN_PSEN1_R3,risk_hotspot,INS,611,-,GCT
P0584,1,APOE,SYN_APOE_H1A,risk_hotspot,SNP,205,T,G
P0584,1,APOE,SYN_APOE_H1B,risk_hotspot,SNP,311,C,T
P0584,1,APOE,BG_P0584_APOE_SNP1,background,SNP,254,C,G
P0584,1,TREM2,BG_P0584_TREM2_SNP1,background,SNP,229,C,T
P0584,1,TREM2,BG_P0584_TREM2_SNP2,background,SNP,237,C,T
P0584,1,TREM2,BG_P0584_TREM2_SNP3,background,SNP,116,G,C
P0585,0,APP,BG_P0585_APP_SNP1,background,SNP,206,G,C
P0585,0,PSEN2,BG_P0585_PSEN2_SNP1,background,SNP,673,C,T
P0585,0,APOE,BG_P0585_APOE_SNP1,background,SNP,112,G,A
P0586,0,PSEN1,BG_P0586_PSEN1_SNP1,background,SNP,121,G,T
P0586,0,APOE,SYN_APOE_H1A,risk_hotspot,SNP,205,T,G
P0586,0,APOE,SYN_APOE_H1B,risk_hotspot,SNP,311,C,T
P0586,0,APOE,BG_P0586_APOE_SNP1,background,SNP,435,C,T
P0587,0,PSEN2,BG_P0587_PSEN2_SNP1,background,SNP,35,T,A
P0587,0,APOE,SYN_APOE_H1A,risk_hotspot,SNP,205,T,G
P0587,0,APOE,SYN_APOE_H1B,risk_hotspot,SNP,311,C,T
P0587,0,APOE,BG_P0587_APOE_SNP1,background,SNP,462,A,T
P0587,0,TREM2,BG_P0587_TREM2_SNP1,background,SNP,483,T,C
P0588,0,APOE,BG_P0588_APOE_SNP1,background,SNP,356,C,A
P0589,0,APP,BG_P0589_APP_SNP1,background,SNP,741,T,A
P0589,0,PSEN1,BG_P0589_PSEN1_SNP1,background,SNP,637,T,A
P0589,0,PSEN2,BG_P0589_PSEN2_SNP1,background,SNP,218,G,T
P0589,0,PSEN2,BG_P0589_PSEN2_SNP2,background,SNP,579,C,T
P0590,0,APP,BG_P0590_APP_SNP1,background,SNP,522,A,C
P0590,0,PSEN1,BG_P0590_PSEN1_SNP1,background,SNP,197,G,T
P0590,0,PSEN2,BG_P0590_PSEN2_SNP1,background,SNP,79,T,C
P0591,0,APP,BG_P0591_APP_SNP1,background,SNP,479,C,A
P0591,0,APOE,BG_P0591_APOE_SNP1,background,SNP,546,G,T
P0592,0,PSEN1,BG_P0592_PSEN1_SNP1,background,SNP,544,G,C
P0592,0,PSEN1,BG_P0592_PSEN1_SNP2,background,SNP,402,G,C
P0592,0,PSEN2,BG_P0592_PSEN2_SNP1,background,SNP,564,A,C
P0592,0,PSEN2,BG_P0592_PSEN2_SNP2,background,SNP,633,A,G
P0592,0,PSEN2,BG_P0592_PSEN2_SNP3,background,SNP,376,G,A
P0592,0,APOE,BG_P0592_APOE_SNP1,background,SNP,460,C,T
P0592,0,TREM2,BG_P0592_TREM2_SNP1,background,SNP,415,G,T
P0592,0,TREM2,BG_P0592_TREM2_DEL,background,DEL,267,CAA,-
P0593,0,APP,BG_P0593_APP_SNP1,background,SNP,526,C,A
P0593,0,PSEN2,SYN_PSEN2_R3,risk_hotspot,SNP,615,T,G
P0593,0,PSEN2,BG_P0593_PSEN2_SNP1,background,SNP,271,T,C
P0594,0,APOE,SYN_APOE_H1A,risk_hotspot,SNP,205,T,G
P0594,0,APOE,SYN_APOE_H1B,risk_hotspot,SNP,311,C,T
P0594,0,TREM2,BG_P0594_TREM2_SNP1,background,SNP,559,C,G
P0594,0,TREM2,BG_P0594_TREM2_SNP2,background,SNP,381,A,G
P0595,1,APP,SYN_APP_R2,risk_hotspot,SNP,452,C,G
P0595,1,PSEN1,SYN_PSEN1_R1,risk_hotspot,SNP,133,C,A
P0595,1,PSEN1,BG_P0595_PSEN1_SNP1,background,SNP,294,A,T
P0595,1,PSEN2,SYN_PSEN2_R2,risk_hotspot,DEL,407,GC,-
P0596,0,PSEN1,BG_P0596_PSEN1_SNP1,background,SNP,568,C,T
P0596,0,PSEN2,BG_P0596_PSEN2_SNP1,background,SNP,46,G,C
P0596,0,APOE,BG_P0596_APOE_SNP1,background,SNP,261,T,G
P0597,0,APP,BG_P0597_APP_SNP1,background,SNP,806,T,A
P0597,0,APP,BG_P0597_APP_SNP2,background,SNP,561,T,G
P0597,0,PSEN2,BG_P0597_PSEN2_SNP1,background,SNP,474,G,C
P0597,0,APOE,BG_P0597_APOE_SNP1,background,SNP,570,A,C
P0598,0,APP,BG_P0598_APP_SNP1,background,SNP,660,G,A
P0598,0,APP,BG_P0598_APP_SNP2,background,SNP,721,T,G
P0598,0,APP,BG_P0598_APP_SNP3,background,SNP,107,C,A
P0598,0,APP,BG_P0598_APP_SNP4,background,SNP,542,T,G
P0598,0,PSEN2,BG_P0598_PSEN2_SNP1,background,SNP,666,G,T
P0599,0,APP,BG_P0599_APP_INS,background,INS,187,-,TA
P0599,0,PSEN1,BG_P0599_PSEN1_SNP1,background,SNP,656,C,G
P0599,0,PSEN1,BG_P0599_PSEN1_INS,background,INS,619,-,TG
P0600,0,APP,BG_P0600_APP_SNP1,background,SNP,750,T,A
P0600,0,PSEN1,BG_P0600_PSEN1_SNP1,background,SNP,561,A,C
P0600,0,PSEN2,BG_P0600_PSEN2_SNP1,background,SNP,451,A,T
P0600,0,APOE,SYN_APOE_H1A,risk_hotspot,SNP,205,T,G
P0600,0,APOE,SYN_APOE_H1B,risk_hotspot,SNP,311,C,T
P0600,0,TREM2,SYN_TREM2_R1,risk_hotspot,SNP,251,C,A
P0601,0,PSEN1,BG_P0601_PSEN1_SNP1,background,SNP,733,T,A
P0601,0,APOE,BG_P0601_APOE_SNP1,background,SNP,388,T,A
P0602,0,APP,BG_P0602_APP_SNP1,background,SNP,242,A,C
P0602,0,PSEN1,BG_P0602_PSEN1_SNP1,background,SNP,428,A,T
P0602,0,APOE,BG_P0602_APOE_SNP1,background,SNP,528,G,C
P0602,0,TREM2,BG_P0602_TREM2_SNP1,background,SNP,194,C,T
P0603,0,APP,BG_P0603_APP_SNP1,background,SNP,725,A,C
P0603,0,PSEN1,BG_P0603_PSEN1_DEL,background,DEL,354,GAG,-
P0603,0,PSEN2,SYN_PSEN2_R3,risk_hotspot,SNP,615,T,G
P0603,0,PSEN2,BG_P0603_PSEN2_SNP1,background,SNP,181,T,C
P0604,1,APP,BG_P0604_APP_SNP1,background,SNP,268,G,T
P0604,1,APP,BG_P0604_APP_SNP2,background,SNP,333,C,A
P0604,1,PSEN1,BG_P0604_PSEN1_SNP1,background,SNP,79,A,G
P0604,1,PSEN1,BG_P0604_PSEN1_SNP2,background,SNP,49,T,C
P0604,1,PSEN1,BG_P0604_PSEN1_INS,background,INS,518,-,TCT
P0604,1,PSEN2,SYN_PSEN2_R1,risk_hotspot,SNP,166,T,C
P0604,1,PSEN2,SYN_PSEN2_R2,risk_hotspot,DEL,407,GC,-
P0604,1,APOE,BG_P0604_APOE_SNP1,background,SNP,169,G,T
P0604,1,TREM2,BG_P0604_TREM2_SNP1,background,SNP,201,G,A
P0605,0,APP,BG_P0605_APP_SNP1,background,SNP,45,C,T
P0605,0,PSEN1,BG_P0605_PSEN1_SNP1,background,SNP,472,C,G
P0605,0,PSEN1,BG_P0605_PSEN1_SNP2,background,SNP,442,G,T
P0605,0,PSEN2,BG_P0605_PSEN2_SNP1,background,SNP,393,G,A
P0605,0,APOE,BG_P0605_APOE_SNP1,background,SNP,496,C,A
P0606,0,PSEN2,BG_P0606_PSEN2_SNP1,background,SNP,132,C,A
P0606,0,TREM2,BG_P0606_TREM2_SNP1,background,SNP,294,T,G
P0606,0,TREM2,BG_P0606_TREM2_SNP2,background,SNP,45,A,T
P0607,0,APP,BG_P0607_APP_SNP1,background,SNP,89,G,T
P0607,0,PSEN2,BG_P0607_PSEN2_SNP1,background,SNP,99,G,T
P0607,0,APOE,SYN_APOE_H1A,risk_hotspot,SNP,205,T,G
P0607,0,APOE,SYN_APOE_H1B,risk_hotspot,SNP,311,C,T
P0607,0,APOE,BG_P0607_APOE_SNP1,background,SNP,273,G,T
P0608,0,APP,BG_P0608_APP_SNP1,background,SNP,658,G,C
P0608,0,PSEN1,BG_P0608_PSEN1_SNP1,background,SNP,721,G,C
P0609,0,APP,SYN_APP_R2,risk_hotspot,SNP,452,C,G
P0609,0,PSEN1,BG_P0609_PSEN1_SNP1,background,SNP,725,G,T
P0609,0,PSEN2,SYN_PSEN2_R1,risk_hotspot,SNP,166,T,C
P0609,0,PSEN2,BG_P0609_PSEN2_SNP1,background,SNP,193,C,G
P0609,0,APOE,BG_P0609_APOE_SNP1,background,SNP,174,C,T
P0610,0,PSEN1,BG_P0610_PSEN1_SNP1,background,SNP,656,C,A
P0610,0,PSEN2,BG_P0610_PSEN2_SNP1,background,SNP,708,G,A
P0610,0,APOE,BG_P0610_APOE_SNP1,background,SNP,489,G,A
P0610,0,APOE,BG_P0610_APOE_SNP2,background,SNP,535,G,C
P0610,0,TREM2,BG_P0610_TREM2_SNP1,background,SNP,456,G,T
P0610,0,TREM2,BG_P0610_TREM2_SNP2,background,SNP,495,G,C
P0611,1,APP,BG_P0611_APP_DEL,background,DEL,640,CTA,-
P0611,1,PSEN1,BG_P0611_PSEN1_SNP1,background,SNP,321,C,T
P0611,1,PSEN2,SYN_PSEN2_R3,risk_hotspot,SNP,615,T,G
P0611,1,PSEN2,BG_P0611_PSEN2_SNP1,background,SNP,643,C,A
P0611,1,APOE,SYN_APOE_H1A,risk_hotspot,SNP,205,T,G
P0611,1,APOE,SYN_APOE_H1B,risk_hotspot,SNP,311,C,T
P0611,1,APOE,BG_P0611_APOE_SNP1,background,SNP,494,C,G
P0611,1,APOE,BG_P0611_APOE_SNP2,background,SNP,159,C,G
P0611,1,TREM2,BG_P0611_TREM2_SNP1,background,SNP,538,C,G
P0611,1,TREM2,BG_P0611_TREM2_DEL,background,DEL,107,GCT,-
P0612,1,APP,BG_P0612_APP_SNP1,background,SNP,316,G,C
P0612,1,PSEN1,SYN_PSEN1_R1,risk_hotspot,SNP,133,C,A
P0612,1,PSEN1,BG_P0612_PSEN1_SNP1,background,SNP,392,C,G
P0612,1,APOE,SYN_APOE_H1A,risk_hotspot,SNP,205,T,G
P0612,1,APOE,SYN_APOE_H1B,risk_hotspot,SNP,311,C,T
P0612,1,TREM2,BG_P0612_TREM2_SNP1,background,SNP,456,G,T
P0612,1,TREM2,BG_P0612_TREM2_DEL,background,DEL,545,GA,-
P0613,0,APP,SYN_APP_R1,risk_hotspot,SNP,217,G,C
P0613,0,PSEN1,BG_P0613_PSEN1_SNP1,background,SNP,217,T,A
P0614,0,APP,BG_P0614_APP_SNP1,background,SNP,254,C,T
P0614,0,APP,BG_P0614_APP_SNP2,background,SNP,568,C,G
P0614,0,PSEN1,BG_P0614_PSEN1_SNP1,background,SNP,84,A,T
P0614,0,PSEN1,BG_P0614_PSEN1_SNP2,background,SNP,641,C,A
P0614,0,PSEN2,BG_P0614_PSEN2_SNP1,background,SNP,201,C,A
P0614,0,APOE,BG_P0614_APOE_SNP1,background,SNP,123,A,G
P0614,0,TREM2,BG_P0614_TREM2_SNP1,background,SNP,592,T,C
P0615,0,APP,BG_P0615_APP_SNP1,background,SNP,299,A,C
P0615,0,PSEN1,BG_P0615_PSEN1_SNP1,background,SNP,571,C,A
P0615,0,PSEN1,BG_P0615_PSEN1_SNP2,background,SNP,527,G,A
P0615,0,PSEN2,BG_P0615_PSEN2_SNP1,background,SNP,200,C,G
P0615,0,PSEN2,BG_P0615_PSEN2_SNP2,background,SNP,590,A,G
P0615,0,TREM2,BG_P0615_TREM2_SNP1,background,SNP,295,A,T
P0616,0,PSEN1,BG_P0616_PSEN1_SNP1,background,SNP,511,T,A
P0616,0,APOE,SYN_APOE_H1A,risk_hotspot,SNP,205,T,G
P0616,0,APOE,SYN_APOE_H1B,risk_hotspot,SNP,311,C,T
P0616,0,APOE,BG_P0616_APOE_SNP1,background,SNP,445,G,A
P0616,0,APOE,BG_P0616_APOE_SNP2,background,SNP,338,G,C
P0616,0,TREM2,BG_P0616_TREM2_SNP1,background,SNP,382,A,G
P0616,0,TREM2,BG_P0616_TREM2_SNP2,background,SNP,464,T,G
P0616,0,TREM2,BG_P0616_TREM2_SNP3,background,SNP,211,C,A
P0617,1,APP,BG_P0617_APP_SNP1,background,SNP,362,G,C
P0617,1,PSEN1,SYN_PSEN1_R1,risk_hotspot,SNP,133,C,A
P0617,1,PSEN1,BG_P0617_PSEN1_SNP1,background,SNP,143,A,C
P0617,1,PSEN2,SYN_PSEN2_R3,risk_hotspot,SNP,615,T,G
P0617,1,APOE,SYN_APOE_H1A,risk_hotspot,SNP,205,T,G
P0617,1,APOE,SYN_APOE_H1B,risk_hotspot,SNP,311,C,T
P0618,1,APP,SYN_APP_R3,risk_hotspot,DEL,688,TCC,-
P0618,1,APP,BG_P0618_APP_SNP1,background,SNP,389,G,A
P0618,1,APP,BG_P0618_APP_SNP2,background,SNP,364,C,A
P0618,1,PSEN1,SYN_PSEN1_R1,risk_hotspot,SNP,133,C,A
P0618,1,PSEN1,BG_P0618_PSEN1_SNP1,background,SNP,81,G,A
P0618,1,PSEN2,SYN_PSEN2_R1,risk_hotspot,SNP,166,T,C
P0618,1,TREM2,SYN_TREM2_R1,risk_hotspot,SNP,251,C,A
P0619,0,APP,BG_P0619_APP_SNP1,background,SNP,414,G,T
P0619,0,PSEN1,BG_P0619_PSEN1_SNP1,background,SNP,289,C,G
P0619,0,PSEN1,BG_P0619_PSEN1_SNP2,background,SNP,755,A,G
P0619,0,PSEN2,BG_P0619_PSEN2_SNP1,background,SNP,138,T,G
P0619,0,PSEN2,BG_P0619_PSEN2_INS,background,INS,123,-,TC
P0619,0,TREM2,BG_P0619_TREM2_DEL,background,DEL,638,TAC,-
P0620,0,PSEN2,BG_P0620_PSEN2_SNP1,background,SNP,24,T,G
P0620,0,APOE,SYN_APOE_H1A,risk_hotspot,SNP,205,T,G
P0620,0,APOE,SYN_APOE_H1B,risk_hotspot,SNP,311,C,T
P0621,0,PSEN2,BG_P0621_PSEN2_SNP1,background,SNP,689,T,A
P0621,0,TREM2,BG_P0621_TREM2_SNP1,background,SNP,266,T,G
P0622,1,APP,SYN_APP_R1,risk_hotspot,SNP,217,G,C
P0622,1,PSEN1,SYN_PSEN1_R3,risk_hotspot,INS,611,-,GCT
P0622,1,PSEN1,BG_P0622_PSEN1_SNP1,background,SNP,23,A,T
P0622,1,APOE,SYN_APOE_H1A,risk_hotspot,SNP,205,T,G
P0622,1,APOE,SYN_APOE_H1B,risk_hotspot,SNP,311,C,T
P0622,1,APOE,BG_P0622_APOE_SNP1,background,SNP,489,G,C
P0622,1,TREM2,BG_P0622_TREM2_SNP1,background,SNP,495,G,A
P0623,0,PSEN1,BG_P0623_PSEN1_SNP1,background,SNP,529,T,G
P0624,0,PSEN1,SYN_PSEN1_R1,risk_hotspot,SNP,133,C,A
P0624,0,PSEN2,BG_P0624_PSEN2_SNP1,background,SNP,585,C,G
P0624,0,TREM2,BG_P0624_TREM2_SNP1,background,SNP,412,T,G
P0625,1,APP,SYN_APP_R3,risk_hotspot,DEL,688,TCC,-
P0625,1,PSEN1,SYN_PSEN1_R3,risk_hotspot,INS,611,-,GCT
P0625,1,PSEN1,BG_P0625_PSEN1_SNP1,background,SNP,495,T,A
P0625,1,PSEN1,BG_P0625_PSEN1_SNP2,background,SNP,528,G,T
P0625,1,PSEN2,SYN_PSEN2_R2,risk_hotspot,DEL,407,GC,-
P0625,1,APOE,SYN_APOE_H1A,risk_hotspot,SNP,205,T,G
P0625,1,APOE,SYN_APOE_H1B,risk_hotspot,SNP,311,C,T
P0625,1,APOE,BG_P0625_APOE_SNP1,background,SNP,349,C,G
P0625,1,TREM2,BG_P0625_TREM2_SNP1,background,SNP,38,G,A
P0626,0,PSEN1,BG_P0626_PSEN1_SNP1,background,SNP,67,C,G
P0626,0,PSEN2,BG_P0626_PSEN2_INS,background,INS,545,-,TT
P0626,0,APOE,BG_P0626_APOE_SNP1,background,SNP,239,C,T
P0626,0,TREM2,BG_P0626_TREM2_SNP1,background,SNP,389,G,T
P0627,1,PSEN2,BG_P0627_PSEN2_SNP1,background,SNP,637,A,C
P0627,1,APOE,BG_P0627_APOE_SNP1,background,SNP,54,C,A
P0627,1,APOE,BG_P0627_APOE_SNP2,background,SNP,337,C,A
P0628,0,APP,SYN_APP_R3,risk_hotspot,DEL,688,TCC,-
P0628,0,PSEN2,BG_P0628_PSEN2_SNP1,background,SNP,366,T,C
P0628,0,APOE,BG_P0628_APOE_SNP1,background,SNP,439,C,G
P0628,0,APOE,BG_P0628_APOE_SNP2,background,SNP,143,T,A
P0628,0,TREM2,BG_P0628_TREM2_SNP1,background,SNP,678,A,C
P0629,0,APP,BG_P0629_APP_SNP1,background,SNP,543,A,C
P0629,0,APP,BG_P0629_APP_SNP2,background,SNP,186,C,T
P0629,0,PSEN1,BG_P0629_PSEN1_SNP1,background,SNP,383,G,C
P0629,0,APOE,BG_P0629_APOE_DEL,background,DEL,239,CTT,-
P0629,0,TREM2,BG_P0629_TREM2_DEL,background,DEL,514,CAA,-
P0630,0,APP,SYN_APP_R2,risk_hotspot,SNP,452,C,G
P0630,0,PSEN1,BG_P0630_PSEN1_SNP1,background,SNP,449,C,T
P0630,0,TREM2,BG_P0630_TREM2_SNP1,background,SNP,239,C,G
P0631,1,PSEN1,SYN_PSEN1_R2,risk_hotspot,SNP,374,C,G
P0631,1,PSEN1,BG_P0631_PSEN1_SNP1,background,SNP,417,A,C
P0631,1,APOE,SYN_APOE_H1A,risk_hotspot,SNP,205,T,G
P0631,1,APOE,SYN_APOE_H1B,risk_hotspot,SNP,311,C,T
P0631,1,TREM2,SYN_TREM2_R2,risk_hotspot,SNP,529,C,A
P0631,1,TREM2,SYN_TREM2_R3,risk_hotspot,INS,604,-,AT
P0632,0,PSEN1,BG_P0632_PSEN1_SNP1,background,SNP,429,G,C
P0632,0,APOE,BG_P0632_APOE_SNP1,background,SNP,337,C,G
P0632,0,TREM2,BG_P0632_TREM2_SNP1,background,SNP,93,T,A
P0633,0,APP,BG_P0633_APP_SNP1,background,SNP,140,C,G
P0633,0,APP,BG_P0633_APP_INS,background,INS,641,-,GC
P0633,0,PSEN1,BG_P0633_PSEN1_SNP1,background,SNP,110,G,A
P0633,0,PSEN1,BG_P0633_PSEN1_SNP2,background,SNP,300,G,T
P0633,0,APOE,SYN_APOE_H1A,risk_hotspot,SNP,205,T,G
P0633,0,APOE,SYN_APOE_H1B,risk_hotspot,SNP,311,C,T
P0633,0,APOE,BG_P0633_APOE_SNP1,background,SNP,111,C,G
P0633,0,TREM2,BG_P0633_TREM2_SNP1,background,SNP,428,A,T
P0633,0,TREM2,BG_P0633_TREM2_SNP2,background,SNP,448,G,T
P0634,0,APOE,BG_P0634_APOE_SNP1,background,SNP,556,G,C
P0635,1,PSEN1,SYN_PSEN1_R2,risk_hotspot,SNP,374,C,G
P0635,1,APOE,SYN_APOE_H1A,risk_hotspot,SNP,205,T,G
P0635,1,APOE,SYN_APOE_H1B,risk_hotspot,SNP,311,C,T
P0635,1,TREM2,BG_P0635_TREM2_SNP1,background,SNP,545,G,T
P0636,0,APP,BG_P0636_APP_SNP1,background,SNP,673,A,G
P0637,0,APP,BG_P0637_APP_SNP1,background,SNP,245,G,C
P0637,0,APP,BG_P0637_APP_SNP2,background,SNP,270,C,G
P0637,0,PSEN1,BG_P0637_PSEN1_SNP1,background,SNP,671,T,G
P0637,0,PSEN1,BG_P0637_PSEN1_SNP2,background,SNP,759,C,A
P0637,0,APOE,BG_P0637_APOE_SNP1,background,SNP,138,A,G
P0637,0,TREM2,BG_P0637_TREM2_SNP1,background,SNP,227,C,A
P0637,0,TREM2,BG_P0637_TREM2_SNP2,background,SNP,74,T,A
P0637,0,TREM2,BG_P0637_TREM2_SNP3,background,SNP,505,C,G
P0638,0,TREM2,BG_P0638_TREM2_SNP1,background,SNP,218,T,A
P0639,0,APP,BG_P0639_APP_SNP1,background,SNP,91,C,A
P0639,0,APOE,SYN_APOE_H1A,risk_hotspot,SNP,205,T,G
P0639,0,APOE,SYN_APOE_H1B,risk_hotspot,SNP,311,C,T
P0639,0,APOE,BG_P0639_APOE_SNP1,background,SNP,169,G,A
P0640,0,APP,BG_P0640_APP_SNP1,background,SNP,711,G,A
P0640,0,PSEN2,BG_P0640_PSEN2_SNP1,background,SNP,447,G,A
P0640,0,APOE,SYN_APOE_H1A,risk_hotspot,SNP,205,T,G
P0640,0,APOE,SYN_APOE_H1B,risk_hotspot,SNP,311,C,T
P0641,1,APP,SYN_APP_R1,risk_hotspot,SNP,217,G,C
P0641,1,APP,SYN_APP_R3,risk_hotspot,DEL,688,TCC,-
P0641,1,PSEN1,SYN_PSEN1_R3,risk_hotspot,INS,611,-,GCT
P0641,1,PSEN1,BG_P0641_PSEN1_SNP1,background,SNP,644,T,G
P0641,1,APOE,BG_P0641_APOE_SNP1,background,SNP,354,C,T
P0641,1,APOE,BG_P0641_APOE_SNP2,background,SNP,261,T,C
P0642,1,PSEN2,SYN_PSEN2_R3,risk_hotspot,SNP,615,T,G
P0642,1,APOE,BG_P0642_APOE_SNP1,background,SNP,252,G,C
P0643,1,APP,SYN_APP_R2,risk_hotspot,SNP,452,C,G
P0643,1,APP,BG_P0643_APP_SNP1,background,SNP,672,C,T
P0643,1,PSEN1,SYN_PSEN1_R1,risk_hotspot,SNP,133,C,A
P0643,1,PSEN1,BG_P0643_PSEN1_SNP1,background,SNP,193,T,A
P0643,1,TREM2,SYN_TREM2_R3,risk_hotspot,INS,604,-,AT
P0643,1,TREM2,BG_P0643_TREM2_SNP1,background,SNP,562,G,A
P0643,1,TREM2,BG_P0643_TREM2_SNP2,background,SNP,239,C,T
P0644,1,PSEN2,SYN_PSEN2_R1,risk_hotspot,SNP,166,T,C
P0644,1,PSEN2,SYN_PSEN2_R2,risk_hotspot,DEL,407,GC,-
P0644,1,PSEN2,BG_P0644_PSEN2_SNP1,background,SNP,500,T,C
P0644,1,APOE,SYN_APOE_H1A,risk_hotspot,SNP,205,T,G
P0644,1,APOE,SYN_APOE_H1B,risk_hotspot,SNP,311,C,T
P0644,1,APOE,BG_P0644_APOE_SNP1,background,SNP,129,C,T
P0644,1,TREM2,SYN_TREM2_R2,risk_hotspot,SNP,529,C,A
P0644,1,TREM2,SYN_TREM2_R3,risk_hotspot,INS,604,-,AT
P0645,0,APP,BG_P0645_APP_SNP1,background,SNP,423,A,G
P0645,0,APP,BG_P0645_APP_SNP2,background,SNP,667,G,A
P0645,0,PSEN1,BG_P0645_PSEN1_SNP1,background,SNP,95,G,T
P0645,0,TREM2,BG_P0645_TREM2_SNP1,background,SNP,141,C,G
P0646,1,PSEN2,SYN_PSEN2_R3,risk_hotspot,SNP,615,T,G
P0646,1,PSEN2,BG_P0646_PSEN2_SNP1,background,SNP,559,A,C
P0646,1,APOE,SYN_APOE_H1A,risk_hotspot,SNP,205,T,G
P0646,1,APOE,SYN_APOE_H1B,risk_hotspot,SNP,311,C,T
P0646,1,TREM2,BG_P0646_TREM2_SNP1,background,SNP,37,T,C
P0647,0,PSEN1,BG_P0647_PSEN1_SNP1,background,SNP,473,C,G
P0647,0,PSEN1,BG_P0647_PSEN1_SNP2,background,SNP,480,A,G
P0647,0,PSEN1,BG_P0647_PSEN1_SNP3,background,SNP,188,G,C
P0647,0,PSEN1,BG_P0647_PSEN1_SNP4,background,SNP,634,A,C
P0647,0,PSEN2,BG_P0647_PSEN2_SNP1,background,SNP,110,G,C
P0647,0,APOE,BG_P0647_APOE_SNP1,background,SNP,541,C,T
P0647,0,TREM2,BG_P0647_TREM2_SNP1,background,SNP,665,A,G
P0648,0,APP,BG_P0648_APP_SNP1,background,SNP,394,C,A
P0648,0,PSEN1,BG_P0648_PSEN1_SNP1,background,SNP,683,A,C
P0648,0,PSEN1,BG_P0648_PSEN1_SNP2,background,SNP,550,G,A
P0648,0,APOE,SYN_APOE_H1A,risk_hotspot,SNP,205,T,G
P0648,0,APOE,SYN_APOE_H1B,risk_hotspot,SNP,311,C,T
P0648,0,APOE,BG_P0648_APOE_SNP1,background,SNP,466,C,G
P0648,0,APOE,BG_P0648_APOE_SNP2,background,SNP,390,T,G
P0648,0,APOE,BG_P0648_APOE_SNP3,background,SNP,233,G,T
P0648,0,TREM2,BG_P0648_TREM2_SNP1,background,SNP,44,T,C
P0648,0,TREM2,BG_P0648_TREM2_SNP2,background,SNP,503,C,A
P0649,0,APP,BG_P0649_APP_SNP1,background,SNP,841,A,C
P0649,0,APP,BG_P0649_APP_SNP2,background,SNP,353,T,A
P0649,0,PSEN1,BG_P0649_PSEN1_SNP1,background,SNP,477,A,C
P0649,0,PSEN2,BG_P0649_PSEN2_SNP1,background,SNP,394,C,G
P0649,0,APOE,BG_P0649_APOE_SNP1,background,SNP,443,G,C
P0649,0,TREM2,BG_P0649_TREM2_SNP1,background,SNP,148,G,C
P0650,1,APP,SYN_APP_R1,risk_hotspot,SNP,217,G,C
P0650,1,PSEN2,BG_P0650_PSEN2_SNP1,background,SNP,656,C,A
P0651,0,APP,BG_P0651_APP_SNP1,background,SNP,550,C,T
P0651,0,TREM2,BG_P0651_TREM2_SNP1,background,SNP,264,G,C
P0651,0,TREM2,BG_P0651_TREM2_SNP2,background,SNP,329,G,C
P0652,0,APP,BG_P0652_APP_SNP1,background,SNP,80,G,T
P0652,0,PSEN1,SYN_PSEN1_R2,risk_hotspot,SNP,374,C,G
P0652,0,PSEN2,BG_P0652_PSEN2_SNP1,background,SNP,465,T,G
P0652,0,PSEN2,BG_P0652_PSEN2_SNP2,background,SNP,48,C,T
P0652,0,APOE,BG_P0652_APOE_SNP1,background,SNP,234,C,G
P0652,0,APOE,BG_P0652_APOE_SNP2,background,SNP,281,C,T
P0652,0,APOE,BG_P0652_APOE_SNP3,background,SNP,148,C,A
P0653,0,PSEN1,BG_P0653_PSEN1_SNP1,background,SNP,451,G,C
P0653,0,APOE,BG_P0653_APOE_SNP1,background,SNP,533,G,C
P0654,1,APP,SYN_APP_R1,risk_hotspot,SNP,217,G,C
P0654,1,APP,BG_P0654_APP_SNP1,background,SNP,401,G,A
P0654,1,APP,BG_P0654_APP_SNP2,background,SNP,680,G,C
P0654,1,PSEN1,SYN_PSEN1_R1,risk_hotspot,SNP,133,C,A
P0654,1,PSEN1,BG_P0654_PSEN1_SNP1,background,SNP,201,C,G
P0654,1,PSEN2,SYN_PSEN2_R2,risk_hotspot,DEL,407,GC,-
P0654,1,PSEN2,BG_P0654_PSEN2_INS,background,INS,340,-,A
P0654,1,TREM2,SYN_TREM2_R3,risk_hotspot,INS,604,-,AT
P0654,1,TREM2,BG_P0654_TREM2_SNP1,background,SNP,588,T,C
P0654,1,TREM2,BG_P0654_TREM2_SNP2,background,SNP,153,C,T
P0654,1,TREM2,BG_P0654_TREM2_SNP3,background,SNP,432,A,C
P0655,0,PSEN2,BG_P0655_PSEN2_SNP1,background,SNP,519,C,T
P0655,0,APOE,BG_P0655_APOE_SNP1,background,SNP,108,G,C
P0656,0,APOE,BG_P0656_APOE_SNP1,background,SNP,417,C,T
P0656,0,APOE,BG_P0656_APOE_DEL,background,DEL,163,GG,-
P0656,0,TREM2,BG_P0656_TREM2_SNP1,background,SNP,449,G,A
P0657,0,APP,BG_P0657_APP_SNP1,background,SNP,197,A,G
P0657,0,PSEN1,BG_P0657_PSEN1_SNP1,background,SNP,388,G,A
P0657,0,APOE,BG_P0657_APOE_SNP1,background,SNP,403,G,C
P0657,0,APOE,BG_P0657_APOE_SNP2,background,SNP,388,T,A
P0658,0,APP,BG_P0658_APP_SNP1,background,SNP,766,C,A
P0658,0,APP,BG_P0658_APP_SNP2,background,SNP,754,A,T
P0658,0,APP,BG_P0658_APP_DEL,background,DEL,745,GGC,-
P0658,0,PSEN1,BG_P0658_PSEN1_SNP1,background,SNP,495,T,C
P0658,0,APOE,BG_P0658_APOE_SNP1,background,SNP,188,G,C
P0658,0,APOE,BG_P0658_APOE_INS,background,INS,269,-,C
P0659,0,APP,BG_P0659_APP_SNP1,background,SNP,245,G,T
P0659,0,APP,BG_P0659_APP_SNP2,background,SNP,149,T,G
P0659,0,APP,BG_P0659_APP_SNP3,background,SNP,410,C,T
P0659,0,PSEN1,BG_P0659_PSEN1_SNP1,background,SNP,310,C,G
P0659,0,PSEN1,BG_P0659_PSEN1_SNP2,background,SNP,553,T,A
P0659,0,PSEN1,BG_P0659_PSEN1_SNP3,background,SNP,534,T,A
P0659,0,APOE,BG_P0659_APOE_SNP1,background,SNP,229,G,T
P0659,0,TREM2,BG_P0659_TREM2_SNP1,background,SNP,459,C,T
P0659,0,TREM2,BG_P0659_TREM2_SNP2,background,SNP,396,G,T
P0660,0,APP,BG_P0660_APP_SNP1,background,SNP,441,A,T
P0660,0,PSEN1,BG_P0660_PSEN1_SNP1,background,SNP,237,T,G
P0660,0,APOE,SYN_APOE_H1A,risk_hotspot,SNP,205,T,G
P0660,0,APOE,SYN_APOE_H1B,risk_hotspot,SNP,311,C,T
P0660,0,TREM2,BG_P0660_TREM2_SNP1,background,SNP,356,T,A
P0660,0,TREM2,BG_P0660_TREM2_SNP2,background,SNP,653,G,T
P0660,0,TREM2,BG_P0660_TREM2_SNP3,background,SNP,320,G,A
P0661,0,APP,BG_P0661_APP_DEL,background,DEL,756,A,-
P0661,0,PSEN1,BG_P0661_PSEN1_SNP1,background,SNP,366,C,G
P0661,0,PSEN2,BG_P0661_PSEN2_SNP1,background,SNP,191,C,A
P0661,0,PSEN2,BG_P0661_PSEN2_SNP2,background,SNP,503,C,G
P0661,0,APOE,BG_P0661_APOE_SNP1,background,SNP,335,C,G
P0661,0,TREM2,SYN_TREM2_R1,risk_hotspot,SNP,251,C,A
P0661,0,TREM2,BG_P0661_TREM2_SNP1,background,SNP,377,G,C
P0662,1,APP,SYN_APP_R3,risk_hotspot,DEL,688,TCC,-
P0662,1,APP,BG_P0662_APP_SNP1,background,SNP,169,C,G
P0662,1,APP,BG_P0662_APP_SNP2,background,SNP,847,G,C
P0662,1,PSEN1,SYN_PSEN1_R1,risk_hotspot,SNP,133,C,A
P0662,1,PSEN1,SYN_PSEN1_R2,risk_hotspot,SNP,374,C,G
P0662,1,PSEN1,BG_P0662_PSEN1_SNP1,background,SNP,478,A,T
P0662,1,PSEN2,BG_P0662_PSEN2_SNP1,background,SNP,283,G,T
P0662,1,TREM2,SYN_TREM2_R3,risk_hotspot,INS,604,-,AT
P0662,1,TREM2,BG_P0662_TREM2_SNP1,background,SNP,98,T,A
P0663,0,PSEN1,SYN_PSEN1_R1,risk_hotspot,SNP,133,C,A
P0663,0,APOE,BG_P0663_APOE_SNP1,background,SNP,55,G,T
P0664,0,TREM2,BG_P0664_TREM2_SNP1,background,SNP,295,A,C
P0665,1,PSEN1,SYN_PSEN1_R2,risk_hotspot,SNP,374,C,G
P0665,1,PSEN1,BG_P0665_PSEN1_SNP1,background,SNP,585,A,T
P0665,1,PSEN2,BG_P0665_PSEN2_SNP1,background,SNP,539,G,C
P0665,1,APOE,SYN_APOE_H1A,risk_hotspot,SNP,205,T,G
P0665,1,APOE,SYN_APOE_H1B,risk_hotspot,SNP,311,C,T
P0665,1,APOE,BG_P0665_APOE_SNP1,background,SNP,269,A,T
P0665,1,TREM2,SYN_TREM2_R2,risk_hotspot,SNP,529,C,A
P0666,1,APP,SYN_APP_R1,risk_hotspot,SNP,217,G,C
P0666,1,PSEN1,SYN_PSEN1_R2,risk_hotspot,SNP,374,C,G
P0666,1,PSEN1,BG_P0666_PSEN1_SNP1,background,SNP,112,A,G
P0666,1,PSEN2,BG_P0666_PSEN2_SNP1,background,SNP,534,T,A
P0666,1,APOE,BG_P0666_APOE_SNP1,background,SNP,463,C,T
P0666,1,APOE,BG_P0666_APOE_SNP2,background,SNP,47,A,C
P0666,1,TREM2,BG_P0666_TREM2_SNP1,background,SNP,491,T,C
P0667,0,PSEN1,SYN_PSEN1_R3,risk_hotspot,INS,611,-,GCT
P0667,0,PSEN1,BG_P0667_PSEN1_SNP1,background,SNP,483,G,A
P0667,0,PSEN1,BG_P0667_PSEN1_SNP2,background,SNP,33,G,T
P0667,0,TREM2,BG_P0667_TREM2_SNP1,background,SNP,476,A,G
P0668,0,APP,BG_P0668_APP_SNP1,background,SNP,475,T,C
P0668,0,PSEN1,BG_P0668_PSEN1_SNP1,background,SNP,285,T,G
P0668,0,APOE,SYN_APOE_H1A,risk_hotspot,SNP,205,T,G
P0668,0,APOE,SYN_APOE_H1B,risk_hotspot,SNP,311,C,T
P0668,0,TREM2,SYN_TREM2_R2,risk_hotspot,SNP,529,C,A
P0668,0,TREM2,BG_P0668_TREM2_SNP1,background,SNP,266,T,G
P0668,0,TREM2,BG_P0668_TREM2_SNP2,background,SNP,654,C,A
P0668,0,TREM2,BG_P0668_TREM2_SNP3,background,SNP,290,G,C
P0669,1,PSEN2,SYN_PSEN2_R3,risk_hotspot,SNP,615,T,G
P0669,1,APOE,SYN_APOE_H1A,risk_hotspot,SNP,205,T,G
P0669,1,APOE,SYN_APOE_H1B,risk_hotspot,SNP,311,C,T
P0669,1,APOE,BG_P0669_APOE_SNP1,background,SNP,346,G,C
P0669,1,APOE,BG_P0669_APOE_SNP2,background,SNP,185,C,A
P0669,1,TREM2,SYN_TREM2_R1,risk_hotspot,SNP,251,C,A
P0669,1,TREM2,BG_P0669_TREM2_SNP1,background,SNP,582,T,A
P0670,0,APP,BG_P0670_APP_SNP1,background,SNP,203,G,T
P0670,0,PSEN2,BG_P0670_PSEN2_SNP1,background,SNP,671,C,G
P0670,0,TREM2,BG_P0670_TREM2_SNP1,background,SNP,296,G,A
P0671,1,APP,BG_P0671_APP_SNP1,background,SNP,160,A,T
P0671,1,PSEN1,BG_P0671_PSEN1_SNP1,background,SNP,689,A,C
P0671,1,APOE,SYN_APOE_H1A,risk_hotspot,SNP,205,T,G
P0671,1,APOE,SYN_APOE_H1B,risk_hotspot,SNP,311,C,T
P0671,1,APOE,BG_P0671_APOE_SNP1,background,SNP,515,A,T
P0671,1,APOE,BG_P0671_APOE_SNP2,background,SNP,471,A,C
P0671,1,APOE,BG_P0671_APOE_SNP3,background,SNP,176,A,G
P0671,1,APOE,BG_P0671_APOE_SNP4,background,SNP,29,A,C
P0671,1,TREM2,SYN_TREM2_R1,risk_hotspot,SNP,251,C,A
P0671,1,TREM2,BG_P0671_TREM2_SNP1,background,SNP,669,T,A
P0671,1,TREM2,BG_P0671_TREM2_SNP2,background,SNP,458,C,A
P0672,0,PSEN2,BG_P0672_PSEN2_SNP1,background,SNP,76,C,G
P0672,0,TREM2,BG_P0672_TREM2_SNP1,background,SNP,412,T,A
P0673,0,APOE,BG_P0673_APOE_SNP1,background,SNP,422,G,T
P0673,0,APOE,BG_P0673_APOE_SNP2,background,SNP,371,T,A
P0673,0,APOE,BG_P0673_APOE_SNP3,background,SNP,303,G,C
P0673,0,TREM2,BG_P0673_TREM2_SNP1,background,SNP,376,C,G
P0674,0,APP,BG_P0674_APP_SNP1,background,SNP,197,A,C
P0674,0,APP,BG_P0674_APP_SNP2,background,SNP,34,A,T
P0674,0,APP,BG_P0674_APP_SNP3,background,SNP,643,A,C
P0674,0,PSEN1,BG_P0674_PSEN1_SNP1,background,SNP,86,A,G
P0674,0,PSEN2,BG_P0674_PSEN2_SNP1,background,SNP,556,G,T
P0674,0,APOE,SYN_APOE_H1A,risk_hotspot,SNP,205,T,G
P0674,0,APOE,SYN_APOE_H1B,risk_hotspot,SNP,311,C,T
P0674,0,APOE,BG_P0674_APOE_SNP1,background,SNP,30,G,A
P0675,1,APP,SYN_APP_R1,risk_hotspot,SNP,217,G,C
P0675,1,APP,BG_P0675_APP_SNP1,background,SNP,498,G,C
P0675,1,PSEN2,BG_P0675_PSEN2_SNP1,background,SNP,81,T,C
P0675,1,APOE,SYN_APOE_H1A,risk_hotspot,SNP,205,T,G
P0675,1,APOE,SYN_APOE_H1B,risk_hotspot,SNP,311,C,T
P0676,0,PSEN2,SYN_PSEN2_R1,risk_hotspot,SNP,166,T,C
P0676,0,TREM2,BG_P0676_TREM2_SNP1,background,SNP,34,C,A
P0677,1,PSEN1,SYN_PSEN1_R1,risk_hotspot,SNP,133,C,A
P0677,1,PSEN2,BG_P0677_PSEN2_SNP1,background,SNP,352,T,C
P0677,1,APOE,SYN_APOE_H1A,risk_hotspot,SNP,205,T,G
P0677,1,APOE,SYN_APOE_H1B,risk_hotspot,SNP,311,C,T
P0677,1,APOE,BG_P0677_APOE_SNP1,background,SNP,30,G,C
P0678,0,APP,BG_P0678_APP_SNP1,background,SNP,192,G,T
P0678,0,PSEN2,BG_P0678_PSEN2_SNP1,background,SNP,93,C,T
P0678,0,APOE,SYN_APOE_H1A,risk_hotspot,SNP,205,T,G
P0678,0,APOE,SYN_APOE_H1B,risk_hotspot,SNP,311,C,T
P0678,0,APOE,BG_P0678_APOE_SNP1,background,SNP,278,A,C
P0678,0,TREM2,SYN_TREM2_R1,risk_hotspot,SNP,251,C,A
P0678,0,TREM2,BG_P0678_TREM2_SNP1,background,SNP,196,A,T
P0678,0,TREM2,BG_P0678_TREM2_DEL,background,DEL,240,A,-
P0679,0,APP,BG_P0679_APP_SNP1,background,SNP,580,C,A
P0679,0,PSEN1,BG_P0679_PSEN1_SNP1,background,SNP,161,A,T
P0679,0,PSEN2,BG_P0679_PSEN2_SNP1,background,SNP,490,C,A
P0679,0,APOE,BG_P0679_APOE_SNP1,background,SNP,504,C,T
P0680,0,PSEN2,BG_P0680_PSEN2_SNP1,background,SNP,569,A,T
P0680,0,APOE,SYN_APOE_H1A,risk_hotspot,SNP,205,T,G
P0680,0,APOE,SYN_APOE_H1B,risk_hotspot,SNP,311,C,T
P0680,0,APOE,BG_P0680_APOE_SNP1,background,SNP,551,C,T
P0680,0,APOE,BG_P0680_APOE_SNP2,background,SNP,118,T,C
P0680,0,TREM2,BG_P0680_TREM2_SNP1,background,SNP,296,G,T
P0681,1,PSEN1,SYN_PSEN1_R2,risk_hotspot,SNP,374,C,G
P0681,1,PSEN1,BG_P0681_PSEN1_SNP1,background,SNP,211,G,C
P0681,1,APOE,SYN_APOE_H1A,risk_hotspot,SNP,205,T,G
P0681,1,APOE,SYN_APOE_H1B,risk_hotspot,SNP,311,C,T
P0681,1,TREM2,BG_P0681_TREM2_SNP1,background,SNP,426,C,T
P0681,1,TREM2,BG_P0681_TREM2_DEL,background,DEL,365,T,-
P0682,0,APOE,BG_P0682_APOE_SNP1,background,SNP,219,G,T
P0682,0,TREM2,BG_P0682_TREM2_SNP1,background,SNP,42,A,T
P0683,1,APP,BG_P0683_APP_SNP1,background,SNP,665,A,C
P0683,1,PSEN1,BG_P0683_PSEN1_SNP1,background,SNP,326,C,A
P0683,1,PSEN2,BG_P0683_PSEN2_SNP1,background,SNP,491,T,G
P0683,1,APOE,SYN_APOE_H1A,risk_hotspot,SNP,205,T,G
P0683,1,APOE,SYN_APOE_H1B,risk_hotspot,SNP,311,C,T
P0683,1,TREM2,BG_P0683_TREM2_SNP1,background,SNP,234,T,G
P0684,0,PSEN1,BG_P0684_PSEN1_SNP1,background,SNP,574,A,T
P0684,0,PSEN1,BG_P0684_PSEN1_INS,background,INS,41,-,TT
P0684,0,APOE,SYN_APOE_H1A,risk_hotspot,SNP,205,T,G
P0684,0,APOE,SYN_APOE_H1B,risk_hotspot,SNP,311,C,T
P0685,1,APP,BG_P0685_APP_SNP1,background,SNP,656,T,G
P0685,1,PSEN2,BG_P0685_PSEN2_SNP1,background,SNP,237,C,A
P0685,1,PSEN2,BG_P0685_PSEN2_INS,background,INS,631,-,CTA
P0685,1,TREM2,SYN_TREM2_R2,risk_hotspot,SNP,529,C,A
P0687,0,APP,BG_P0687_APP_INS,background,INS,362,-,CA
P0687,0,PSEN2,BG_P0687_PSEN2_SNP1,background,SNP,237,C,G
P0687,0,APOE,BG_P0687_APOE_SNP1,background,SNP,21,G,A
P0688,0,APP,BG_P0688_APP_SNP1,background,SNP,821,C,T
P0688,0,APOE,BG_P0688_APOE_SNP1,background,SNP,513,T,C
P0689,0,PSEN2,BG_P0689_PSEN2_SNP1,background,SNP,223,C,G
P0689,0,PSEN2,BG_P0689_PSEN2_DEL,background,DEL,363,GCA,-
P0689,0,APOE,BG_P0689_APOE_INS,background,INS,34,-,T
P0690,0,APP,BG_P0690_APP_SNP1,background,SNP,28,T,A
P0690,0,APP,BG_P0690_APP_SNP2,background,SNP,816,A,G
P0690,0,PSEN2,BG_P0690_PSEN2_SNP1,background,SNP,456,C,G
P0690,0,APOE,SYN_APOE_H1A,risk_hotspot,SNP,205,T,G
P0690,0,APOE,SYN_APOE_H1B,risk_hotspot,SNP,311,C,T
P0691,0,PSEN1,BG_P0691_PSEN1_SNP1,background,SNP,752,G,C
P0691,0,PSEN1,BG_P0691_PSEN1_SNP2,background,SNP,532,A,T
P0691,0,PSEN1,BG_P0691_PSEN1_SNP3,background,SNP,698,T,G
P0691,0,APOE,BG_P0691_APOE_SNP1,background,SNP,193,C,G
P0691,0,APOE,BG_P0691_APOE_SNP2,background,SNP,168,A,G
P0691,0,APOE,BG_P0691_APOE_SNP3,background,SNP,389,G,A
P0692,0,APP,BG_P0692_APP_SNP1,background,SNP,711,G,A
P0692,0,PSEN1,BG_P0692_PSEN1_SNP1,background,SNP,440,C,A
P0692,0,TREM2,BG_P0692_TREM2_SNP1,background,SNP,562,G,T
P0692,0,TREM2,BG_P0692_TREM2_SNP2,background,SNP,184,G,A
P0692,0,TREM2,BG_P0692_TREM2_INS,background,INS,221,-,AG
P0693,0,PSEN1,BG_P0693_PSEN1_SNP1,background,SNP,708,G,A
P0693,0,PSEN2,SYN_PSEN2_R3,risk_hotspot,SNP,615,T,G
P0693,0,APOE,SYN_APOE_H1A,risk_hotspot,SNP,205,T,G
P0693,0,APOE,SYN_APOE_H1B,risk_hotspot,SNP,311,C,T
P0693,0,APOE,BG_P0693_APOE_SNP1,background,SNP,544,G,T
P0693,0,TREM2,SYN_TREM2_R2,risk_hotspot,SNP,529,C,A
P0693,0,TREM2,BG_P0693_TREM2_SNP1,background,SNP,188,T,C
P0694,0,APP,BG_P0694_APP_SNP1,background,SNP,536,C,T
P0694,0,PSEN2,BG_P0694_PSEN2_SNP1,background,SNP,446,G,C
P0694,0,APOE,BG_P0694_APOE_SNP1,background,SNP,557,A,C
P0695,0,PSEN1,BG_P0695_PSEN1_SNP1,background,SNP,575,G,C
P0695,0,PSEN2,BG_P0695_PSEN2_SNP1,background,SNP,628,A,G
P0695,0,PSEN2,BG_P0695_PSEN2_SNP2,background,SNP,724,C,G
P0695,0,APOE,BG_P0695_APOE_SNP1,background,SNP,408,C,A
P0696,1,APP,SYN_APP_R1,risk_hotspot,SNP,217,G,C
P0696,1,APP,BG_P0696_APP_SNP1,background,SNP,106,T,A
P0696,1,PSEN1,SYN_PSEN1_R1,risk_hotspot,SNP,133,C,A
P0696,1,PSEN2,BG_P0696_PSEN2_SNP1,background,SNP,371,A,T
P0696,1,APOE,SYN_APOE_H1A,risk_hotspot,SNP,205,T,G
P0696,1,APOE,SYN_APOE_H1B,risk_hotspot,SNP,311,C,T
P0696,1,TREM2,BG_P0696_TREM2_SNP1,background,SNP,309,G,C
P0697,1,APP,SYN_APP_R1,risk_hotspot,SNP,217,G,C
P0697,1,APP,SYN_APP_R2,risk_hotspot,SNP,452,C,G
P0697,1,APP,BG_P0697_APP_SNP1,background,SNP,175,G,C
P0697,1,APP,BG_P0697_APP_SNP2,background,SNP,35,T,C
P0697,1,PSEN1,SYN_PSEN1_R2,risk_hotspot,SNP,374,C,G
P0697,1,PSEN1,SYN_PSEN1_R3,risk_hotspot,INS,611,-,GCT
P0697,1,PSEN2,SYN_PSEN2_R3,risk_hotspot,SNP,615,T,G
P0697,1,PSEN2,BG_P0697_PSEN2_SNP1,background,SNP,104,T,G
P0697,1,APOE,BG_P0697_APOE_SNP1,background,SNP,177,C,T
P0697,1,TREM2,BG_P0697_TREM2_SNP1,background,SNP,216,T,A
P0698,0,PSEN1,BG_P0698_PSEN1_SNP1,background,SNP,668,T,A
P0698,0,PSEN2,BG_P0698_PSEN2_SNP1,background,SNP,289,T,A
P0698,0,PSEN2,BG_P0698_PSEN2_SNP2,background,SNP,358,C,A
P0698,0,PSEN2,BG_P0698_PSEN2_SNP3,background,SNP,644,G,C
P0698,0,TREM2,BG_P0698_TREM2_SNP1,background,SNP,238,T,C
P0698,0,TREM2,BG_P0698_TREM2_SNP2,background,SNP,22,T,G
P0698,0,TREM2,BG_P0698_TREM2_SNP3,background,SNP,224,T,G
P0700,0,APOE,BG_P0700_APOE_SNP1,background,SNP,22,G,A
P0700,0,TREM2,BG_P0700_TREM2_SNP1,background,SNP,307,A,T
P0701,0,APP,BG_P0701_APP_SNP1,background,SNP,605,T,C
P0701,0,PSEN1,BG_P0701_PSEN1_SNP1,background,SNP,558,T,A
P0701,0,APOE,BG_P0701_APOE_SNP1,background,SNP,56,C,A
P0701,0,TREM2,BG_P0701_TREM2_SNP1,background,SNP,367,T,G
P0702,0,APOE,BG_P0702_APOE_SNP1,background,SNP,362,G,A
P0702,0,TREM2,BG_P0702_TREM2_SNP1,background,SNP,576,T,C
P0702,0,TREM2,BG_P0702_TREM2_SNP2,background,SNP,58,T,C
P0702,0,TREM2,BG_P0702_TREM2_DEL,background,DEL,164,CC,-
P0703,0,PSEN2,BG_P0703_PSEN2_INS,background,INS,568,-,T
P0703,0,TREM2,SYN_TREM2_R3,risk_hotspot,INS,604,-,AT
P0704,1,APP,SYN_APP_R2,risk_hotspot,SNP,452,C,G
P0704,1,APP,BG_P0704_APP_SNP1,background,SNP,246,G,T
P0704,1,APP,BG_P0704_APP_SNP2,background,SNP,113,T,A
P0704,1,PSEN1,SYN_PSEN1_R1,risk_hotspot,SNP,133,C,A
P0704,1,PSEN2,BG_P0704_PSEN2_SNP1,background,SNP,714,T,G
P0704,1,PSEN2,BG_P0704_PSEN2_INS,background,INS,226,-,GT
P0704,1,APOE,SYN_APOE_H1A,risk_hotspot,SNP,205,T,G
P0704,1,APOE,SYN_APOE_H1B,risk_hotspot,SNP,311,C,T
P0705,1,APP,SYN_APP_R2,risk_hotspot,SNP,452,C,G
P0705,1,PSEN2,BG_P0705_PSEN2_SNP1,background,SNP,719,G,C
P0705,1,PSEN2,BG_P0705_PSEN2_SNP2,background,SNP,671,C,G
P0705,1,APOE,SYN_APOE_H1A,risk_hotspot,SNP,205,T,G
P0705,1,APOE,SYN_APOE_H1B,risk_hotspot,SNP,311,C,T
P0705,1,APOE,BG_P0705_APOE_SNP1,background,SNP,235,G,T
P0705,1,APOE,BG_P0705_APOE_SNP2,background,SNP,118,T,G
P0705,1,TREM2,BG_P0705_TREM2_SNP1,background,SNP,518,C,G
P0706,0,PSEN2,SYN_PSEN2_R1,risk_hotspot,SNP,166,T,C
P0706,0,APOE,BG_P0706_APOE_SNP1,background,SNP,48,A,G
P0707,1,APP,SYN_APP_R2,risk_hotspot,SNP,452,C,G
P0707,1,APP,BG_P0707_APP_SNP1,background,SNP,435,T,C
P0707,1,PSEN1,SYN_PSEN1_R3,risk_hotspot,INS,611,-,GCT
P0707,1,PSEN1,BG_P0707_PSEN1_SNP1,background,SNP,624,C,A
P0707,1,PSEN2,BG_P0707_PSEN2_SNP1,background,SNP,176,G,T
P0707,1,APOE,BG_P0707_APOE_SNP1,background,SNP,154,G,T
P0708,1,APP,SYN_APP_R1,risk_hotspot,SNP,217,G,C
P0708,1,APP,SYN_APP_R3,risk_hotspot,DEL,688,TCC,-
P0708,1,PSEN1,BG_P0708_PSEN1_SNP1,background,SNP,390,G,A
P0708,1,PSEN2,BG_P0708_PSEN2_SNP1,background,SNP,281,A,T
P0708,1,APOE,SYN_APOE_H1A,risk_hotspot,SNP,205,T,G
P0708,1,APOE,SYN_APOE_H1B,risk_hotspot,SNP,311,C,T
P0709,1,APP,SYN_APP_R1,risk_hotspot,SNP,217,G,C
P0709,1,APP,BG_P0709_APP_SNP1,background,SNP,585,T,G
P0709,1,APOE,SYN_APOE_H1A,risk_hotspot,SNP,205,T,G
P0709,1,APOE,SYN_APOE_H1B,risk_hotspot,SNP,311,C,T
P0710,0,TREM2,BG_P0710_TREM2_SNP1,background,SNP,390,C,A
P0711,0,PSEN1,BG_P0711_PSEN1_SNP1,background,SNP,41,A,C
P0711,0,PSEN2,BG_P0711_PSEN2_SNP1,background,SNP,308,A,C
P0711,0,APOE,BG_P0711_APOE_SNP1,background,SNP,215,C,A
P0711,0,TREM2,BG_P0711_TREM2_SNP1,background,SNP,94,A,T
P0711,0,TREM2,BG_P0711_TREM2_DEL,background,DEL,402,GAG,-
P0712,0,APP,BG_P0712_APP_SNP1,background,SNP,253,T,A
P0712,0,APP,BG_P0712_APP_SNP2,background,SNP,409,T,C
P0712,0,APP,BG_P0712_APP_SNP3,background,SNP,52,G,T
P0712,0,PSEN1,BG_P0712_PSEN1_SNP1,background,SNP,343,A,T
P0712,0,PSEN2,BG_P0712_PSEN2_SNP1,background,SNP,287,T,C
P0713,1,PSEN1,SYN_PSEN1_R1,risk_hotspot,SNP,133,C,A
P0713,1,PSEN1,SYN_PSEN1_R2,risk_hotspot,SNP,374,C,G
P0713,1,APOE,SYN_APOE_H1A,risk_hotspot,SNP,205,T,G
P0713,1,APOE,SYN_APOE_H1B,risk_hotspot,SNP,311,C,T
P0713,1,APOE,BG_P0713_APOE_SNP1,background,SNP,541,C,G
P0713,1,TREM2,SYN_TREM2_R1,risk_hotspot,SNP,251,C,A
P0713,1,TREM2,SYN_TREM2_R2,risk_hotspot,SNP,529,C,A
P0713,1,TREM2,BG_P0713_TREM2_SNP1,background,SNP,112,G,T
P0714,1,APP,BG_P0714_APP_SNP1,background,SNP,144,C,T
P0714,1,PSEN2,SYN_PSEN2_R1,risk_hotspot,SNP,166,T,C
P0714,1,PSEN2,BG_P0714_PSEN2_SNP1,background,SNP,31,C,T
P0714,1,PSEN2,BG_P0714_PSEN2_SNP2,background,SNP,425,C,G
P0714,1,APOE,SYN_APOE_H1A,risk_hotspot,SNP,205,T,G
P0714,1,APOE,SYN_APOE_H1B,risk_hotspot,SNP,311,C,T
P0714,1,APOE,BG_P0714_APOE_SNP1,background,SNP,59,C,A
P0714,1,TREM2,SYN_TREM2_R3,risk_hotspot,INS,604,-,AT
P0715,0,PSEN2,SYN_PSEN2_R2,risk_hotspot,DEL,407,GC,-
P0715,0,PSEN2,BG_P0715_PSEN2_SNP1,background,SNP,679,T,G
P0715,0,TREM2,BG_P0715_TREM2_SNP1,background,SNP,320,G,C
P0716,0,PSEN1,BG_P0716_PSEN1_SNP1,background,SNP,145,C,T
P0717,1,APP,BG_P0717_APP_SNP1,background,SNP,196,T,A
P0717,1,PSEN1,BG_P0717_PSEN1_SNP1,background,SNP,383,G,A
P0717,1,PSEN2,SYN_PSEN2_R1,risk_hotspot,SNP,166,T,C
P0717,1,PSEN2,SYN_PSEN2_R2,risk_hotspot,DEL,407,GC,-
P0717,1,PSEN2,SYN_PSEN2_R3,risk_hotspot,SNP,615,T,G
P0717,1,APOE,BG_P0717_APOE_SNP1,background,SNP,70,G,A
P0717,1,APOE,BG_P0717_APOE_SNP2,background,SNP,69,C,G
P0717,1,TREM2,SYN_TREM2_R2,risk_hotspot,SNP,529,C,A
P0718,0,APP,SYN_APP_R1,risk_hotspot,SNP,217,G,C
P0719,0,APOE,BG_P0719_APOE_SNP1,background,SNP,397,A,T
P0719,0,APOE,BG_P0719_APOE_SNP2,background,SNP,262,G,T
P0719,0,APOE,BG_P0719_APOE_SNP3,background,SNP,376,C,G
P0719,0,APOE,BG_P0719_APOE_SNP4,background,SNP,302,G,A
P0719,0,TREM2,BG_P0719_TREM2_SNP1,background,SNP,585,C,G
P0719,0,TREM2,BG_P0719_TREM2_SNP2,background,SNP,627,G,T
P0719,0,TREM2,BG_P0719_TREM2_SNP3,background,SNP,180,C,A
P0720,1,PSEN1,SYN_PSEN1_R1,risk_hotspot,SNP,133,C,A
P0720,1,PSEN2,SYN_PSEN2_R1,risk_hotspot,SNP,166,T,C
P0720,1,PSEN2,BG_P0720_PSEN2_DEL,background,DEL,59,ACC,-
P0720,1,TREM2,SYN_TREM2_R2,risk_hotspot,SNP,529,C,A
P0720,1,TREM2,BG_P0720_TREM2_INS,background,INS,585,-,G
P0721,1,APP,SYN_APP_R2,risk_hotspot,SNP,452,C,G
P0721,1,PSEN1,SYN_PSEN1_R1,risk_hotspot,SNP,133,C,A
P0721,1,PSEN1,BG_P0721_PSEN1_SNP1,background,SNP,200,C,A
P0721,1,APOE,SYN_APOE_H1A,risk_hotspot,SNP,205,T,G
P0721,1,APOE,SYN_APOE_H1B,risk_hotspot,SNP,311,C,T
P0721,1,TREM2,SYN_TREM2_R2,risk_hotspot,SNP,529,C,A
P0721,1,TREM2,SYN_TREM2_R3,risk_hotspot,INS,604,-,AT
P0721,1,TREM2,BG_P0721_TREM2_SNP1,background,SNP,425,G,A
P0722,1,APP,SYN_APP_R1,risk_hotspot,SNP,217,G,C
P0722,1,APP,BG_P0722_APP_SNP1,background,SNP,178,T,G
P0722,1,PSEN1,SYN_PSEN1_R3,risk_hotspot,INS,611,-,GCT
P0722,1,PSEN1,BG_P0722_PSEN1_SNP1,background,SNP,478,A,T
P0722,1,PSEN2,SYN_PSEN2_R3,risk_hotspot,SNP,615,T,G
P0722,1,PSEN2,BG_P0722_PSEN2_INS,background,INS,558,-,CCC
P0722,1,APOE,SYN_APOE_H1A,risk_hotspot,SNP,205,T,G
P0722,1,APOE,SYN_APOE_H1B,risk_hotspot,SNP,311,C,T
P0722,1,APOE,BG_P0722_APOE_SNP1,background,SNP,262,G,T
P0723,0,APP,BG_P0723_APP_SNP1,background,SNP,741,T,A
P0723,0,PSEN2,BG_P0723_PSEN2_DEL,background,DEL,594,GAA,-
P0724,0,APP,SYN_APP_R1,risk_hotspot,SNP,217,G,C
P0724,0,PSEN1,SYN_PSEN1_R2,risk_hotspot,SNP,374,C,G
P0724,0,PSEN1,BG_P0724_PSEN1_SNP1,background,SNP,221,A,G
P0724,0,PSEN2,BG_P0724_PSEN2_SNP1,background,SNP,675,T,C
P0724,0,APOE,BG_P0724_APOE_SNP1,background,SNP,84,C,G
P0724,0,APOE,BG_P0724_APOE_SNP2,background,SNP,523,G,T
P0724,0,TREM2,BG_P0724_TREM2_SNP1,background,SNP,453,A,C
P0725,0,APP,BG_P0725_APP_SNP1,background,SNP,817,A,T
P0725,0,APP,BG_P0725_APP_SNP2,background,SNP,334,G,C
P0725,0,APOE,SYN_APOE_H1A,risk_hotspot,SNP,205,T,G
P0725,0,APOE,SYN_APOE_H1B,risk_hotspot,SNP,311,C,T
P0726,1,APP,BG_P0726_APP_SNP1,background,SNP,372,C,A
P0726,1,PSEN1,SYN_PSEN1_R2,risk_hotspot,SNP,374,C,G
P0726,1,PSEN1,BG_P0726_PSEN1_SNP1,background,SNP,448,G,T
P0726,1,APOE,BG_P0726_APOE_SNP1,background,SNP,505,T,C
P0726,1,TREM2,BG_P0726_TREM2_SNP1,background,SNP,413,A,C
P0726,1,TREM2,BG_P0726_TREM2_SNP2,background,SNP,542,C,G
P0727,0,PSEN1,BG_P0727_PSEN1_SNP1,background,SNP,669,G,T
P0727,0,PSEN1,BG_P0727_PSEN1_SNP2,background,SNP,407,C,A
P0728,0,PSEN1,SYN_PSEN1_R1,risk_hotspot,SNP,133,C,A
P0728,0,PSEN2,BG_P0728_PSEN2_SNP1,background,SNP,668,G,A
P0728,0,APOE,SYN_APOE_H1A,risk_hotspot,SNP,205,T,G
P0728,0,APOE,SYN_APOE_H1B,risk_hotspot,SNP,311,C,T
P0729,1,PSEN2,SYN_PSEN2_R3,risk_hotspot,SNP,615,T,G
P0729,1,APOE,BG_P0729_APOE_SNP1,background,SNP,156,C,G
P0729,1,APOE,BG_P0729_APOE_SNP2,background,SNP,337,C,G
P0729,1,TREM2,BG_P0729_TREM2_SNP1,background,SNP,38,G,C
P0729,1,TREM2,BG_P0729_TREM2_SNP2,background,SNP,176,G,A
P0729,1,TREM2,BG_P0729_TREM2_SNP3,background,SNP,84,T,C
P0730,0,APOE,BG_P0730_APOE_INS,background,INS,484,-,CAT
P0731,0,APP,BG_P0731_APP_SNP1,background,SNP,150,C,G
P0731,0,APP,BG_P0731_APP_SNP2,background,SNP,33,G,T
P0731,0,PSEN1,BG_P0731_PSEN1_SNP1,background,SNP,351,C,T
P0731,0,APOE,BG_P0731_APOE_SNP1,background,SNP,400,C,A
P0731,0,APOE,BG_P0731_APOE_SNP2,background,SNP,45,G,T
P0731,0,TREM2,BG_P0731_TREM2_SNP1,background,SNP,368,G,C
P0732,0,APP,BG_P0732_APP_SNP1,background,SNP,331,G,T
P0732,0,PSEN1,SYN_PSEN1_R1,risk_hotspot,SNP,133,C,A
P0733,0,APP,BG_P0733_APP_SNP1,background,SNP,386,T,C
P0733,0,APP,BG_P0733_APP_SNP2,background,SNP,59,T,C
P0733,0,APP,BG_P0733_APP_SNP3,background,SNP,131,T,C
P0733,0,PSEN2,BG_P0733_PSEN2_DEL,background,DEL,639,AT,-
P0734,1,APP,BG_P0734_APP_SNP1,background,SNP,600,A,T
P0734,1,PSEN1,BG_P0734_PSEN1_SNP1,background,SNP,222,C,G
P0734,1,APOE,SYN_APOE_H1A,risk_hotspot,SNP,205,T,G
P0734,1,APOE,SYN_APOE_H1B,risk_hotspot,SNP,311,C,T
P0734,1,APOE,BG_P0734_APOE_SNP1,background,SNP,357,C,T
P0734,1,TREM2,BG_P0734_TREM2_SNP1,background,SNP,224,T,A
P0734,1,TREM2,BG_P0734_TREM2_SNP2,background,SNP,237,C,A
P0735,1,PSEN2,SYN_PSEN2_R1,risk_hotspot,SNP,166,T,C
P0735,1,PSEN2,SYN_PSEN2_R3,risk_hotspot,SNP,615,T,G
P0735,1,APOE,SYN_APOE_H1A,risk_hotspot,SNP,205,T,G
P0735,1,APOE,SYN_APOE_H1B,risk_hotspot,SNP,311,C,T
P0735,1,TREM2,BG_P0735_TREM2_SNP1,background,SNP,207,C,T
P0735,1,TREM2,BG_P0735_TREM2_INS,background,INS,473,-,AA
P0736,1,APP,BG_P0736_APP_SNP1,background,SNP,459,C,T
P0736,1,APP,BG_P0736_APP_SNP2,background,SNP,537,A,G
P0736,1,PSEN1,SYN_PSEN1_R3,risk_hotspot,INS,611,-,GCT
P0736,1,PSEN2,SYN_PSEN2_R1,risk_hotspot,SNP,166,T,C
P0736,1,PSEN2,BG_P0736_PSEN2_SNP1,background,SNP,184,A,G
P0736,1,APOE,SYN_APOE_H1A,risk_hotspot,SNP,205,T,G
P0736,1,APOE,SYN_APOE_H1B,risk_hotspot,SNP,311,C,T
P0736,1,APOE,BG_P0736_APOE_SNP1,background,SNP,455,C,T
P0736,1,TREM2,SYN_TREM2_R1,risk_hotspot,SNP,251,C,A
P0736,1,TREM2,BG_P0736_TREM2_SNP1,background,SNP,452,C,G
P0737,1,APP,SYN_APP_R1,risk_hotspot,SNP,217,G,C
P0737,1,APP,BG_P0737_APP_SNP1,background,SNP,41,T,G
P0737,1,PSEN2,BG_P0737_PSEN2_SNP1,background,SNP,448,G,A
P0737,1,APOE,BG_P0737_APOE_DEL,background,DEL,24,A,-
P0737,1,TREM2,SYN_TREM2_R1,risk_hotspot,SNP,251,C,A
P0737,1,TREM2,BG_P0737_TREM2_SNP1,background,SNP,577,G,A
P0737,1,TREM2,BG_P0737_TREM2_SNP2,background,SNP,229,C,A
P0738,0,APP,BG_P0738_APP_SNP1,background,SNP,239,G,A
P0738,0,APP,BG_P0738_APP_SNP2,background,SNP,570,T,C
P0738,0,PSEN1,BG_P0738_PSEN1_SNP1,background,SNP,738,C,G
P0738,0,APOE,SYN_APOE_H1A,risk_hotspot,SNP,205,T,G
P0738,0,APOE,SYN_APOE_H1B,risk_hotspot,SNP,311,C,T
P0739,1,PSEN1,SYN_PSEN1_R3,risk_hotspot,INS,611,-,GCT
P0739,1,PSEN1,BG_P0739_PSEN1_SNP1,background,SNP,61,A,T
P0739,1,APOE,SYN_APOE_H1A,risk_hotspot,SNP,205,T,G
P0739,1,APOE,SYN_APOE_H1B,risk_hotspot,SNP,311,C,T
P0739,1,APOE,BG_P0739_APOE_SNP1,background,SNP,377,G,T
P0740,1,APP,SYN_APP_R1,risk_hotspot,SNP,217,G,C
P0740,1,APOE,SYN_APOE_H1A,risk_hotspot,SNP,205,T,G
P0740,1,APOE,SYN_APOE_H1B,risk_hotspot,SNP,311,C,T
P0740,1,TREM2,BG_P0740_TREM2_SNP1,background,SNP,244,A,G
P0740,1,TREM2,BG_P0740_TREM2_SNP2,background,SNP,497,T,C
P0741,0,APP,SYN_APP_R1,risk_hotspot,SNP,217,G,C
P0741,0,APP,BG_P0741_APP_SNP1,background,SNP,339,G,T
P0741,0,PSEN2,BG_P0741_PSEN2_SNP1,background,SNP,248,C,A
P0741,0,PSEN2,BG_P0741_PSEN2_SNP2,background,SNP,397,A,T
P0741,0,TREM2,BG_P0741_TREM2_SNP1,background,SNP,410,C,A
P0742,0,APP,BG_P0742_APP_SNP1,background,SNP,696,C,G
P0742,0,APP,BG_P0742_APP_SNP2,background,SNP,370,C,G
P0742,0,PSEN2,BG_P0742_PSEN2_SNP1,background,SNP,287,T,C
P0742,0,PSEN2,BG_P0742_PSEN2_DEL,background,DEL,186,T,-
P0742,0,APOE,BG_P0742_APOE_SNP1,background,SNP,237,C,T
P0742,0,APOE,BG_P0742_APOE_SNP2,background,SNP,218,C,G
P0742,0,TREM2,BG_P0742_TREM2_SNP1,background,SNP,699,G,C
P0743,1,APP,SYN_APP_R2,risk_hotspot,SNP,452,C,G
P0743,1,PSEN1,SYN_PSEN1_R1,risk_hotspot,SNP,133,C,A
P0743,1,PSEN2,BG_P0743_PSEN2_SNP1,background,SNP,153,G,T
P0743,1,TREM2,BG_P0743_TREM2_SNP1,background,SNP,65,C,G
P0744,1,APP,BG_P0744_APP_SNP1,background,SNP,118,C,A
P0744,1,PSEN1,SYN_PSEN1_R1,risk_hotspot,SNP,133,C,A
P0744,1,PSEN1,BG_P0744_PSEN1_SNP1,background,SNP,263,A,C
P0744,1,PSEN2,BG_P0744_PSEN2_SNP1,background,SNP,99,G,A
P0744,1,APOE,BG_P0744_APOE_SNP1,background,SNP,134,G,T
P0744,1,APOE,BG_P0744_APOE_SNP2,background,SNP,393,A,T
P0745,0,APP,BG_P0745_APP_SNP1,background,SNP,768,G,C
P0745,0,APP,BG_P0745_APP_DEL,background,DEL,337,CA,-
P0745,0,PSEN1,BG_P0745_PSEN1_SNP1,background,SNP,341,C,G
P0745,0,APOE,BG_P0745_APOE_SNP1,background,SNP,245,C,T
P0746,0,APP,BG_P0746_APP_SNP1,background,SNP,843,A,G
P0746,0,PSEN1,BG_P0746_PSEN1_SNP1,background,SNP,184,T,C
P0746,0,PSEN2,BG_P0746_PSEN2_SNP1,background,SNP,501,C,T
P0746,0,TREM2,BG_P0746_TREM2_SNP1,background,SNP,418,C,T
P0746,0,TREM2,BG_P0746_TREM2_SNP2,background,SNP,581,T,G
P0747,1,APP,SYN_APP_R2,risk_hotspot,SNP,452,C,G
P0747,1,APP,BG_P0747_APP_SNP1,background,SNP,186,C,G
P0747,1,PSEN1,SYN_PSEN1_R1,risk_hotspot,SNP,133,C,A
P0747,1,PSEN1,BG_P0747_PSEN1_SNP1,background,SNP,430,T,C
P0747,1,PSEN1,BG_P0747_PSEN1_SNP2,background,SNP,725,G,A
P0747,1,PSEN2,BG_P0747_PSEN2_SNP1,background,SNP,330,C,G
P0747,1,PSEN2,BG_P0747_PSEN2_SNP2,background,SNP,186,T,G
P0747,1,PSEN2,BG_P0747_PSEN2_INS,background,INS,699,-,GG
P0747,1,TREM2,BG_P0747_TREM2_SNP1,background,SNP,518,C,A
P0747,1,TREM2,BG_P0747_TREM2_SNP2,background,SNP,494,C,T
P0748,0,PSEN1,BG_P0748_PSEN1_SNP1,background,SNP,435,C,A
P0748,0,PSEN2,BG_P0748_PSEN2_SNP1,background,SNP,329,C,A
P0748,0,TREM2,BG_P0748_TREM2_SNP1,background,SNP,410,C,G
P0749,0,PSEN1,BG_P0749_PSEN1_SNP1,background,SNP,581,A,G
P0749,0,PSEN1,BG_P0749_PSEN1_SNP2,background,SNP,453,G,C
P0749,0,PSEN2,BG_P0749_PSEN2_SNP1,background,SNP,251,G,A
P0749,0,PSEN2,BG_P0749_PSEN2_DEL,background,DEL,122,CA,-
P0750,1,APP,SYN_APP_R2,risk_hotspot,SNP,452,C,G
P0750,1,APP,BG_P0750_APP_SNP1,background,SNP,640,C,T
P0750,1,PSEN1,SYN_PSEN1_R2,risk_hotspot,SNP,374,C,G
P0750,1,PSEN1,BG_P0750_PSEN1_SNP1,background,SNP,632,A,C
P0750,1,PSEN1,BG_P0750_PSEN1_SNP2,background,SNP,499,G,T
P0750,1,PSEN2,SYN_PSEN2_R1,risk_hotspot,SNP,166,T,C
P0750,1,APOE,SYN_APOE_H1A,risk_hotspot,SNP,205,T,G
P0750,1,APOE,SYN_APOE_H1B,risk_hotspot,SNP,311,C,T
P0750,1,TREM2,SYN_TREM2_R1,risk_hotspot,SNP,251,C,A
P0750,1,TREM2,BG_P0750_TREM2_SNP1,background,SNP,304,C,G
P0750,1,TREM2,BG_P0750_TREM2_SNP2,background,SNP,22,T,A
P0751,0,PSEN1,SYN_PSEN1_R3,risk_hotspot,INS,611,-,GCT
P0751,0,PSEN1,BG_P0751_PSEN1_SNP1,background,SNP,60,G,T
P0751,0,PSEN1,BG_P0751_PSEN1_DEL,background,DEL,325,AC,-
P0751,0,APOE,BG_P0751_APOE_SNP1,background,SNP,99,C,G
P0751,0,APOE,BG_P0751_APOE_SNP2,background,SNP,422,G,T
P0751,0,TREM2,SYN_TREM2_R2,risk_hotspot,SNP,529,C,A
P0752,0,APP,BG_P0752_APP_SNP1,background,SNP,839,A,G
P0752,0,APP,BG_P0752_APP_SNP2,background,SNP,416,C,G
P0752,0,APP,BG_P0752_APP_SNP3,background,SNP,249,A,C
P0752,0,PSEN1,BG_P0752_PSEN1_DEL,background,DEL,685,G,-
P0752,0,PSEN2,BG_P0752_PSEN2_SNP1,background,SNP,67,C,T
P0752,0,PSEN2,BG_P0752_PSEN2_SNP2,background,SNP,495,C,T
P0752,0,APOE,SYN_APOE_H1A,risk_hotspot,SNP,205,T,G
P0752,0,APOE,SYN_APOE_H1B,risk_hotspot,SNP,311,C,T
P0752,0,TREM2,BG_P0752_TREM2_SNP1,background,SNP,677,G,C
P0752,0,TREM2,BG_P0752_TREM2_SNP2,background,SNP,269,A,G
P0753,0,APP,SYN_APP_R2,risk_hotspot,SNP,452,C,G
P0753,0,APP,BG_P0753_APP_SNP1,background,SNP,411,G,C
P0753,0,PSEN1,BG_P0753_PSEN1_SNP1,background,SNP,295,C,G
P0753,0,PSEN1,BG_P0753_PSEN1_SNP2,background,SNP,227,G,C
P0753,0,PSEN1,BG_P0753_PSEN1_SNP3,background,SNP,528,G,C
P0753,0,PSEN1,BG_P0753_PSEN1_INS,background,INS,407,-,AGG
P0753,0,PSEN2,BG_P0753_PSEN2_SNP1,background,SNP,665,G,A
P0753,0,APOE,SYN_APOE_H1A,risk_hotspot,SNP,205,T,G
P0753,0,APOE,SYN_APOE_H1B,risk_hotspot,SNP,311,C,T
P0753,0,TREM2,BG_P0753_TREM2_SNP1,background,SNP,83,G,T
P0754,0,APP,BG_P0754_APP_SNP1,background,SNP,21,C,G
P0754,0,PSEN1,BG_P0754_PSEN1_SNP1,background,SNP,729,C,A
P0754,0,APOE,BG_P0754_APOE_SNP1,background,SNP,339,C,G
P0754,0,TREM2,BG_P0754_TREM2_SNP1,background,SNP,408,C,T
P0755,1,APP,SYN_APP_R1,risk_hotspot,SNP,217,G,C
P0755,1,APP,SYN_APP_R3,risk_hotspot,DEL,688,TCC,-
P0755,1,APP,BG_P0755_APP_SNP1,background,SNP,349,T,C
P0755,1,PSEN1,SYN_PSEN1_R1,risk_hotspot,SNP,133,C,A
P0755,1,PSEN1,BG_P0755_PSEN1_SNP1,background,SNP,646,C,G
P0755,1,PSEN2,SYN_PSEN2_R1,risk_hotspot,SNP,166,T,C
P0755,1,APOE,BG_P0755_APOE_SNP1,background,SNP,536,A,T
P0755,1,TREM2,BG_P0755_TREM2_SNP1,background,SNP,310,G,A
P0756,0,APP,BG_P0756_APP_SNP1,background,SNP,170,G,T
P0756,0,APP,BG_P0756_APP_SNP2,background,SNP,504,A,G
P0756,0,PSEN1,BG_P0756_PSEN1_SNP1,background,SNP,89,C,T
P0756,0,PSEN2,BG_P0756_PSEN2_SNP1,background,SNP,97,T,G
P0756,0,APOE,BG_P0756_APOE_SNP1,background,SNP,32,A,G
P0756,0,APOE,BG_P0756_APOE_SNP2,background,SNP,47,A,T
P0757,0,APP,BG_P0757_APP_SNP1,background,SNP,96,T,C
P0758,0,APP,BG_P0758_APP_SNP1,background,SNP,98,C,A
P0758,0,APP,BG_P0758_APP_INS,background,INS,65,-,GT
P0758,0,PSEN1,BG_P0758_PSEN1_SNP1,background,SNP,685,G,C
P0758,0,PSEN1,BG_P0758_PSEN1_SNP2,background,SNP,207,A,G
P0758,0,PSEN2,BG_P0758_PSEN2_SNP1,background,SNP,311,A,C
P0758,0,PSEN2,BG_P0758_PSEN2_SNP2,background,SNP,367,C,T
P0758,0,PSEN2,BG_P0758_PSEN2_SNP3,background,SNP,219,T,C
P0758,0,APOE,BG_P0758_APOE_SNP1,background,SNP,158,G,C
P0759,0,PSEN2,BG_P0759_PSEN2_SNP1,background,SNP,540,G,T
P0759,0,TREM2,BG_P0759_TREM2_SNP1,background,SNP,438,A,C
P0760,1,PSEN1,SYN_PSEN1_R1,risk_hotspot,SNP,133,C,A
P0760,1,PSEN1,BG_P0760_PSEN1_SNP1,background,SNP,109,A,G
P0760,1,PSEN2,BG_P0760_PSEN2_SNP1,background,SNP,506,C,A
P0760,1,APOE,SYN_APOE_H1A,risk_hotspot,SNP,205,T,G
P0760,1,APOE,SYN_APOE_H1B,risk_hotspot,SNP,311,C,T
P0760,1,TREM2,BG_P0760_TREM2_SNP1,background,SNP,610,G,C
P0761,1,APP,BG_P0761_APP_SNP1,background,SNP,859,G,A
P0761,1,APOE,SYN_APOE_H1A,risk_hotspot,SNP,205,T,G
P0761,1,APOE,SYN_APOE_H1B,risk_hotspot,SNP,311,C,T
P0762,0,TREM2,BG_P0762_TREM2_SNP1,background,SNP,189,C,A
P0763,0,APP,BG_P0763_APP_SNP1,background,SNP,799,G,C
P0763,0,PSEN1,BG_P0763_PSEN1_SNP1,background,SNP,669,G,C
P0763,0,PSEN1,BG_P0763_PSEN1_SNP2,background,SNP,213,G,A
P0763,0,PSEN2,SYN_PSEN2_R2,risk_hotspot,DEL,407,GC,-
P0763,0,APOE,BG_P0763_APOE_SNP1,background,SNP,295,C,A
P0763,0,TREM2,BG_P0763_TREM2_SNP1,background,SNP,51,A,C
P0764,0,APP,BG_P0764_APP_DEL,background,DEL,834,C,-
P0764,0,PSEN1,BG_P0764_PSEN1_SNP1,background,SNP,190,G,T
P0764,0,PSEN1,BG_P0764_PSEN1_SNP2,background,SNP,350,A,T
P0764,0,APOE,BG_P0764_APOE_SNP1,background,SNP,545,C,T
P0765,0,TREM2,BG_P0765_TREM2_SNP1,background,SNP,438,A,C
P0766,0,APP,BG_P0766_APP_SNP1,background,SNP,62,A,T
P0766,0,APP,BG_P0766_APP_SNP2,background,SNP,299,A,C
P0766,0,TREM2,BG_P0766_TREM2_SNP1,background,SNP,166,C,A
P0767,0,APP,BG_P0767_APP_SNP1,background,SNP,291,T,C
P0767,0,TREM2,BG_P0767_TREM2_SNP1,background,SNP,312,T,A
P0768,0,APP,BG_P0768_APP_INS,background,INS,810,-,AAT
P0768,0,PSEN2,BG_P0768_PSEN2_SNP1,background,SNP,215,T,G
P0768,0,TREM2,BG_P0768_TREM2_SNP1,background,SNP,243,C,T
P0769,1,APP,BG_P0769_APP_SNP1,background,SNP,497,C,T
P0769,1,PSEN1,SYN_PSEN1_R3,risk_hotspot,INS,611,-,GCT
P0769,1,PSEN1,BG_P0769_PSEN1_SNP1,background,SNP,161,A,G
P0769,1,PSEN1,BG_P0769_PSEN1_SNP2,background,SNP,626,C,G
P0769,1,APOE,SYN_APOE_H1A,risk_hotspot,SNP,205,T,G
P0769,1,APOE,SYN_APOE_H1B,risk_hotspot,SNP,311,C,T
P0769,1,TREM2,BG_P0769_TREM2_SNP1,background,SNP,123,G,C
P0770,0,APP,BG_P0770_APP_INS,background,INS,39,-,A
P0770,0,PSEN2,BG_P0770_PSEN2_SNP1,background,SNP,527,T,C
P0770,0,APOE,BG_P0770_APOE_SNP1,background,SNP,423,G,C
P0770,0,TREM2,BG_P0770_TREM2_SNP1,background,SNP,588,T,C
P0771,1,PSEN1,SYN_PSEN1_R1,risk_hotspot,SNP,133,C,A
P0771,1,PSEN2,BG_P0771_PSEN2_SNP1,background,SNP,249,A,C
P0771,1,APOE,SYN_APOE_H1A,risk_hotspot,SNP,205,T,G
P0771,1,APOE,SYN_APOE_H1B,risk_hotspot,SNP,311,C,T
P0772,0,APOE,BG_P0772_APOE_SNP1,background,SNP,372,A,C
P0772,0,TREM2,BG_P0772_TREM2_SNP1,background,SNP,456,G,T
P0772,0,TREM2,BG_P0772_TREM2_SNP2,background,SNP,311,T,A
P0773,0,APP,BG_P0773_APP_SNP1,background,SNP,491,A,G
P0773,0,PSEN1,BG_P0773_PSEN1_SNP1,background,SNP,363,A,G
P0773,0,PSEN1,BG_P0773_PSEN1_SNP2,background,SNP,659,A,C
P0773,0,PSEN2,BG_P0773_PSEN2_SNP1,background,SNP,242,G,C
P0773,0,PSEN2,BG_P0773_PSEN2_SNP2,background,SNP,335,C,A
P0773,0,TREM2,BG_P0773_TREM2_SNP1,background,SNP,415,G,C
P0773,0,TREM2,BG_P0773_TREM2_SNP2,background,SNP,472,C,T
P0774,1,APP,BG_P0774_APP_SNP1,background,SNP,353,T,C
P0774,1,PSEN1,SYN_PSEN1_R1,risk_hotspot,SNP,133,C,A
P0774,1,PSEN2,BG_P0774_PSEN2_SNP1,background,SNP,157,C,A
P0774,1,PSEN2,BG_P0774_PSEN2_SNP2,background,SNP,20,C,T
P0774,1,APOE,SYN_APOE_H1A,risk_hotspot,SNP,205,T,G
P0774,1,APOE,SYN_APOE_H1B,risk_hotspot,SNP,311,C,T
P0774,1,APOE,BG_P0774_APOE_SNP1,background,SNP,462,A,G
P0774,1,TREM2,SYN_TREM2_R1,risk_hotspot,SNP,251,C,A
P0775,1,PSEN1,SYN_PSEN1_R2,risk_hotspot,SNP,374,C,G
P0775,1,PSEN1,BG_P0775_PSEN1_SNP1,background,SNP,54,A,G
P0775,1,PSEN1,BG_P0775_PSEN1_SNP2,background,SNP,726,G,T
P0775,1,TREM2,BG_P0775_TREM2_SNP1,background,SNP,63,T,G
P0776,1,PSEN2,BG_P0776_PSEN2_SNP1,background,SNP,58,T,A
P0776,1,APOE,BG_P0776_APOE_SNP1,background,SNP,289,C,G
P0776,1,TREM2,BG_P0776_TREM2_INS,background,INS,70,-,CG
P0777,0,APP,BG_P0777_APP_SNP1,background,SNP,147,T,C
P0777,0,APP,BG_P0777_APP_SNP2,background,SNP,413,G,C
P0777,0,PSEN1,BG_P0777_PSEN1_SNP1,background,SNP,494,C,G
P0777,0,PSEN1,BG_P0777_PSEN1_DEL,background,DEL,214,TT,-
P0777,0,APOE,SYN_APOE_H1A,risk_hotspot,SNP,205,T,G
P0777,0,APOE,SYN_APOE_H1B,risk_hotspot,SNP,311,C,T
P0777,0,APOE,BG_P0777_APOE_SNP1,background,SNP,303,G,C
P0777,0,TREM2,BG_P0777_TREM2_SNP1,background,SNP,325,G,T
P0777,0,TREM2,BG_P0777_TREM2_SNP2,background,SNP,656,A,G
P0778,0,APOE,BG_P0778_APOE_SNP1,background,SNP,293,G,T
P0778,0,TREM2,SYN_TREM2_R3,risk_hotspot,INS,604,-,AT
P0778,0,TREM2,BG_P0778_TREM2_SNP1,background,SNP,437,T,A
P0779,0,PSEN1,BG_P0779_PSEN1_SNP1,background,SNP,578,C,A
P0779,0,PSEN1,BG_P0779_PSEN1_SNP2,background,SNP,156,T,A
P0780,0,APOE,BG_P0780_APOE_SNP1,background,SNP,564,T,A
P0780,0,TREM2,BG_P0780_TREM2_SNP1,background,SNP,325,G,C
P0780,0,TREM2,BG_P0780_TREM2_INS,background,INS,668,-,GCA
P0781,0,APP,BG_P0781_APP_SNP1,background,SNP,713,G,A
P0781,0,APP,BG_P0781_APP_SNP2,background,SNP,585,T,A
P0781,0,PSEN1,BG_P0781_PSEN1_SNP1,background,SNP,414,T,A
P0781,0,PSEN1,BG_P0781_PSEN1_SNP2,background,SNP,66,A,G
P0781,0,APOE,BG_P0781_APOE_SNP1,background,SNP,473,G,C
P0782,0,APOE,SYN_APOE_H1A,risk_hotspot,SNP,205,T,G
P0782,0,APOE,SYN_APOE_H1B,risk_hotspot,SNP,311,C,T
P0782,0,TREM2,BG_P0782_TREM2_SNP1,background,SNP,106,A,C
P0783,0,APP,BG_P0783_APP_SNP1,background,SNP,58,A,C
P0783,0,APP,BG_P0783_APP_SNP2,background,SNP,712,C,A
P0783,0,PSEN1,BG_P0783_PSEN1_SNP1,background,SNP,436,T,G
P0784,0,APP,BG_P0784_APP_SNP1,background,SNP,667,G,A
P0784,0,APP,BG_P0784_APP_SNP2,background,SNP,44,G,A
P0784,0,PSEN1,BG_P0784_PSEN1_SNP1,background,SNP,123,C,A
P0784,0,APOE,BG_P0784_APOE_SNP1,background,SNP,381,G,A
P0785,0,APP,SYN_APP_R2,risk_hotspot,SNP,452,C,G
P0785,0,PSEN1,BG_P0785_PSEN1_SNP1,background,SNP,32,A,T
P0785,0,PSEN1,BG_P0785_PSEN1_SNP2,background,SNP,343,A,G
P0785,0,PSEN2,BG_P0785_PSEN2_SNP1,background,SNP,639,A,T
P0786,0,PSEN1,SYN_PSEN1_R3,risk_hotspot,INS,611,-,GCT
P0786,0,PSEN2,BG_P0786_PSEN2_DEL,background,DEL,311,AGA,-
P0786,0,APOE,BG_P0786_APOE_SNP1,background,SNP,543,T,G
P0786,0,TREM2,BG_P0786_TREM2_SNP1,background,SNP,179,T,G
P0786,0,TREM2,BG_P0786_TREM2_SNP2,background,SNP,388,C,A
P0786,0,TREM2,BG_P0786_TREM2_SNP3,background,SNP,34,C,T
P0787,1,APP,BG_P0787_APP_SNP1,background,SNP,758,C,G
P0787,1,PSEN1,SYN_PSEN1_R1,risk_hotspot,SNP,133,C,A
P0787,1,PSEN1,BG_P0787_PSEN1_SNP1,background,SNP,435,C,A
P0787,1,PSEN1,BG_P0787_PSEN1_SNP2,background,SNP,414,T,C
P0787,1,APOE,BG_P0787_APOE_SNP1,background,SNP,370,C,G
P0787,1,TREM2,BG_P0787_TREM2_SNP1,background,SNP,536,T,C
P0787,1,TREM2,BG_P0787_TREM2_SNP2,background,SNP,418,C,G
P0787,1,TREM2,BG_P0787_TREM2_SNP3,background,SNP,437,T,C
P0788,1,PSEN1,BG_P0788_PSEN1_SNP1,background,SNP,511,T,C
P0789,0,PSEN2,BG_P0789_PSEN2_SNP1,background,SNP,287,T,C
P0789,0,APOE,SYN_APOE_H1A,risk_hotspot,SNP,205,T,G
P0789,0,APOE,SYN_APOE_H1B,risk_hotspot,SNP,311,C,T
P0789,0,TREM2,BG_P0789_TREM2_SNP1,background,SNP,515,A,G
P0790,1,APP,BG_P0790_APP_SNP1,background,SNP,119,C,T
P0790,1,APP,BG_P0790_APP_SNP2,background,SNP,243,G,A
P0790,1,PSEN1,SYN_PSEN1_R1,risk_hotspot,SNP,133,C,A
P0790,1,APOE,SYN_APOE_H1A,risk_hotspot,SNP,205,T,G
P0790,1,APOE,SYN_APOE_H1B,risk_hotspot,SNP,311,C,T
P0790,1,APOE,BG_P0790_APOE_SNP1,background,SNP,164,G,A
P0790,1,TREM2,SYN_TREM2_R1,risk_hotspot,SNP,251,C,A
P0790,1,TREM2,BG_P0790_TREM2_SNP1,background,SNP,403,A,C
P0791,0,PSEN1,BG_P0791_PSEN1_SNP1,background,SNP,588,C,A
P0791,0,PSEN2,BG_P0791_PSEN2_SNP1,background,SNP,645,T,A
P0791,0,PSEN2,BG_P0791_PSEN2_SNP2,background,SNP,447,G,C
P0791,0,TREM2,BG_P0791_TREM2_SNP1,background,SNP,584,T,A
P0792,0,APOE,BG_P0792_APOE_SNP1,background,SNP,23,A,G
P0793,0,PSEN2,BG_P0793_PSEN2_SNP1,background,SNP,592,G,A
P0793,0,APOE,SYN_APOE_H1A,risk_hotspot,SNP,205,T,G
P0793,0,APOE,SYN_APOE_H1B,risk_hotspot,SNP,311,C,T
P0793,0,APOE,BG_P0793_APOE_SNP1,background,SNP,346,G,A
P0794,1,PSEN1,BG_P0794_PSEN1_SNP1,background,SNP,680,T,G
P0794,1,PSEN2,BG_P0794_PSEN2_SNP1,background,SNP,434,T,G
P0794,1,APOE,BG_P0794_APOE_SNP1,background,SNP,502,A,T
P0794,1,APOE,BG_P0794_APOE_DEL,background,DEL,247,GGG,-
P0794,1,TREM2,BG_P0794_TREM2_SNP1,background,SNP,80,T,A
P0794,1,TREM2,BG_P0794_TREM2_SNP2,background,SNP,98,T,G
P0795,0,PSEN1,SYN_PSEN1_R2,risk_hotspot,SNP,374,C,G
P0795,0,PSEN1,BG_P0795_PSEN1_SNP1,background,SNP,521,T,C
P0795,0,APOE,SYN_APOE_H1A,risk_hotspot,SNP,205,T,G
P0795,0,APOE,SYN_APOE_H1B,risk_hotspot,SNP,311,C,T
P0795,0,APOE,BG_P0795_APOE_SNP1,background,SNP,292,A,G
P0795,0,APOE,BG_P0795_APOE_DEL,background,DEL,83,CC,-
P0795,0,TREM2,BG_P0795_TREM2_SNP1,background,SNP,610,G,T
P0796,1,APP,BG_P0796_APP_SNP1,background,SNP,559,G,T
P0796,1,APOE,SYN_APOE_H1A,risk_hotspot,SNP,205,T,G
P0796,1,APOE,SYN_APOE_H1B,risk_hotspot,SNP,311,C,T
P0797,0,APP,SYN_APP_R2,risk_hotspot,SNP,452,C,G
P0797,0,APP,BG_P0797_APP_SNP1,background,SNP,24,A,T
P0797,0,PSEN1,BG_P0797_PSEN1_SNP1,background,SNP,474,T,G
P0797,0,PSEN2,BG_P0797_PSEN2_INS,background,INS,386,-,GT
P0797,0,TREM2,BG_P0797_TREM2_SNP1,background,SNP,136,T,C
P0798,0,APP,BG_P0798_APP_SNP1,background,SNP,843,A,T
P0798,0,APP,BG_P0798_APP_SNP2,background,SNP,415,G,T
P0798,0,APP,BG_P0798_APP_SNP3,background,SNP,495,G,C
P0798,0,PSEN1,BG_P0798_PSEN1_SNP1,background,SNP,62,T,A
P0798,0,TREM2,BG_P0798_TREM2_SNP1,background,SNP,507,C,A
P0798,0,TREM2,BG_P0798_TREM2_SNP2,background,SNP,616,T,A
P0799,0,PSEN1,BG_P0799_PSEN1_SNP1,background,SNP,184,T,G
P0799,0,APOE,SYN_APOE_H1A,risk_hotspot,SNP,205,T,G
P0799,0,APOE,SYN_APOE_H1B,risk_hotspot,SNP,311,C,T
P0800,0,PSEN2,BG_P0800_PSEN2_SNP1,background,SNP,288,A,G
P0800,0,TREM2,SYN_TREM2_R1,risk_hotspot,SNP,251,C,A
P0801,0,PSEN1,BG_P0801_PSEN1_INS,background,INS,603,-,GT
P0802,1,APP,SYN_APP_R1,risk_hotspot,SNP,217,G,C
P0802,1,APP,BG_P0802_APP_SNP1,background,SNP,267,C,T
P0802,1,TREM2,BG_P0802_TREM2_SNP1,background,SNP,103,C,G
P0803,0,PSEN2,BG_P0803_PSEN2_SNP1,background,SNP,137,G,A
P0803,0,TREM2,BG_P0803_TREM2_SNP1,background,SNP,307,A,C
P0804,0,APP,SYN_APP_R3,risk_hotspot,DEL,688,TCC,-
P0804,0,APOE,SYN_APOE_H1A,risk_hotspot,SNP,205,T,G
P0804,0,APOE,SYN_APOE_H1B,risk_hotspot,SNP,311,C,T
P0804,0,APOE,BG_P0804_APOE_SNP1,background,SNP,259,G,C
P0805,1,APP,SYN_APP_R1,risk_hotspot,SNP,217,G,C
P0805,1,APP,SYN_APP_R2,risk_hotspot,SNP,452,C,G
P0805,1,PSEN1,SYN_PSEN1_R1,risk_hotspot,SNP,133,C,A
P0805,1,PSEN1,SYN_PSEN1_R3,risk_hotspot,INS,611,-,GCT
P0805,1,PSEN2,BG_P0805_PSEN2_SNP1,background,SNP,585,C,A
P0805,1,PSEN2,BG_P0805_PSEN2_SNP2,background,SNP,550,G,C
P0805,1,APOE,SYN_APOE_H1A,risk_hotspot,SNP,205,T,G
P0805,1,APOE,SYN_APOE_H1B,risk_hotspot,SNP,311,C,T
P0806,1,APP,BG_P0806_APP_SNP1,background,SNP,725,A,T
P0806,1,PSEN1,SYN_PSEN1_R3,risk_hotspot,INS,611,-,GCT
P0806,1,PSEN1,BG_P0806_PSEN1_SNP1,background,SNP,514,A,C
P0806,1,APOE,SYN_APOE_H1A,risk_hotspot,SNP,205,T,G
P0806,1,APOE,SYN_APOE_H1B,risk_hotspot,SNP,311,C,T
P0806,1,TREM2,SYN_TREM2_R2,risk_hotspot,SNP,529,C,A
P0806,1,TREM2,BG_P0806_TREM2_SNP1,background,SNP,268,A,C
P0807,0,APP,SYN_APP_R1,risk_hotspot,SNP,217,G,C
P0807,0,PSEN1,BG_P0807_PSEN1_SNP1,background,SNP,487,G,A
P0807,0,PSEN1,BG_P0807_PSEN1_SNP2,background,SNP,264,G,A
P0807,0,PSEN2,BG_P0807_PSEN2_SNP1,background,SNP,228,G,C
P0807,0,PSEN2,BG_P0807_PSEN2_INS,background,INS,24,-,CC
P0807,0,TREM2,BG_P0807_TREM2_DEL,background,DEL,447,TG,-
P0808,0,PSEN1,SYN_PSEN1_R1,risk_hotspot,SNP,133,C,A
P0809,0,PSEN1,BG_P0809_PSEN1_SNP1,background,SNP,183,G,C
P0809,0,PSEN1,BG_P0809_PSEN1_SNP2,background,SNP,219,C,G
P0809,0,PSEN2,BG_P0809_PSEN2_SNP1,background,SNP,137,G,T
P0809,0,APOE,BG_P0809_APOE_SNP1,background,SNP,142,A,G
P0810,0,APP,SYN_APP_R1,risk_hotspot,SNP,217,G,C
P0810,0,PSEN1,BG_P0810_PSEN1_SNP1,background,SNP,546,A,T
P0810,0,PSEN1,BG_P0810_PSEN1_SNP2,background,SNP,28,A,T
P0810,0,PSEN1,BG_P0810_PSEN1_SNP3,background,SNP,298,C,A
P0810,0,APOE,BG_P0810_APOE_SNP1,background,SNP,215,C,A
P0811,0,APP,BG_P0811_APP_SNP1,background,SNP,326,C,A
P0811,0,PSEN1,BG_P0811_PSEN1_SNP1,background,SNP,392,C,G
P0812,1,PSEN2,SYN_PSEN2_R1,risk_hotspot,SNP,166,T,C
P0812,1,PSEN2,BG_P0812_PSEN2_SNP1,background,SNP,681,T,C
P0812,1,APOE,SYN_APOE_H1A,risk_hotspot,SNP,205,T,G
P0812,1,APOE,SYN_APOE_H1B,risk_hotspot,SNP,311,C,T
P0812,1,TREM2,BG_P0812_TREM2_SNP1,background,SNP,149,T,A
P0813,0,APP,BG_P0813_APP_SNP1,background,SNP,331,G,T
P0813,0,APP,BG_P0813_APP_SNP2,background,SNP,440,C,T
P0813,0,PSEN1,SYN_PSEN1_R2,risk_hotspot,SNP,374,C,G
P0813,0,PSEN1,BG_P0813_PSEN1_SNP1,background,SNP,223,C,T
P0813,0,PSEN2,BG_P0813_PSEN2_SNP1,background,SNP,696,C,A
P0813,0,APOE,BG_P0813_APOE_SNP1,background,SNP,482,C,G
P0813,0,APOE,BG_P0813_APOE_SNP2,background,SNP,577,C,A
P0814,0,APP,BG_P0814_APP_SNP1,background,SNP,286,G,A
P0814,0,APP,BG_P0814_APP_SNP2,background,SNP,283,G,C
P0814,0,APP,BG_P0814_APP_SNP3,background,SNP,144,C,T
P0814,0,APP,BG_P0814_APP_SNP4,background,SNP,774,A,T
P0814,0,APOE,BG_P0814_APOE_SNP1,background,SNP,24,A,C
P0814,0,APOE,BG_P0814_APOE_SNP2,background,SNP,389,G,C
P0815,0,PSEN2,BG_P0815_PSEN2_DEL,background,DEL,271,TG,-
P0815,0,APOE,SYN_APOE_H1A,risk_hotspot,SNP,205,T,G
P0815,0,APOE,SYN_APOE_H1B,risk_hotspot,SNP,311,C,T
P0816,0,PSEN1,BG_P0816_PSEN1_SNP1,background,SNP,439,C,A
P0816,0,APOE,BG_P0816_APOE_SNP1,background,SNP,157,G,C
P0816,0,TREM2,SYN_TREM2_R1,risk_hotspot,SNP,251,C,A
P0817,0,APP,BG_P0817_APP_DEL,background,DEL,768,GAC,-
P0817,0,PSEN1,BG_P0817_PSEN1_SNP1,background,SNP,720,A,G
P0817,0,TREM2,BG_P0817_TREM2_SNP1,background,SNP,277,T,A
P0817,0,TREM2,BG_P0817_TREM2_SNP2,background,SNP,244,A,C
P0818,0,PSEN1,BG_P0818_PSEN1_SNP1,background,SNP,486,A,C
P0818,0,PSEN2,SYN_PSEN2_R1,risk_hotspot,SNP,166,T,C
P0818,0,PSEN2,BG_P0818_PSEN2_SNP1,background,SNP,325,A,G
P0818,0,PSEN2,BG_P0818_PSEN2_SNP2,background,SNP,454,T,A
P0818,0,TREM2,BG_P0818_TREM2_SNP1,background,SNP,234,T,C
P0819,0,PSEN2,BG_P0819_PSEN2_SNP1,background,SNP,295,C,A
P0819,0,APOE,BG_P0819_APOE_SNP1,background,SNP,464,T,G
P0819,0,APOE,BG_P0819_APOE_SNP2,background,SNP,76,T,C
P0820,0,APP,BG_P0820_APP_SNP1,background,SNP,439,A,G
P0820,0,PSEN2,BG_P0820_PSEN2_SNP1,background,SNP,78,G,C
P0821,0,APP,BG_P0821_APP_SNP1,background,SNP,439,A,G
P0821,0,APP,BG_P0821_APP_SNP2,background,SNP,143,A,G
P0821,0,PSEN2,BG_P0821_PSEN2_SNP1,background,SNP,108,C,A
P0821,0,APOE,SYN_APOE_H1A,risk_hotspot,SNP,205,T,G
P0821,0,APOE,SYN_APOE_H1B,risk_hotspot,SNP,311,C,T
P0821,0,TREM2,BG_P0821_TREM2_SNP1,background,SNP,685,T,A
P0822,1,PSEN2,BG_P0822_PSEN2_SNP1,background,SNP,433,C,G
P0822,1,APOE,SYN_APOE_H1A,risk_hotspot,SNP,205,T,G
P0822,1,APOE,SYN_APOE_H1B,risk_hotspot,SNP,311,C,T
P0822,1,TREM2,BG_P0822_TREM2_SNP1,background,SNP,170,C,A
P0823,0,APP,BG_P0823_APP_SNP1,background,SNP,182,G,C
P0823,0,PSEN2,BG_P0823_PSEN2_SNP1,background,SNP,413,C,A
P0824,0,APP,BG_P0824_APP_DEL,background,DEL,28,TTG,-
P0824,0,PSEN1,BG_P0824_PSEN1_SNP1,background,SNP,581,A,G
P0824,0,APOE,SYN_APOE_H1A,risk_hotspot,SNP,205,T,G
P0824,0,APOE,SYN_APOE_H1B,risk_hotspot,SNP,311,C,T
P0824,0,APOE,BG_P0824_APOE_SNP1,background,SNP,430,C,G
P0825,0,APP,SYN_APP_R3,risk_hotspot,DEL,688,TCC,-
P0825,0,PSEN1,BG_P0825_PSEN1_SNP1,background,SNP,253,C,G
P0825,0,PSEN2,BG_P0825_PSEN2_SNP1,background,SNP,559,A,T
P0826,0,PSEN1,BG_P0826_PSEN1_INS,background,INS,139,-,GAA
P0827,0,APOE,BG_P0827_APOE_SNP1,background,SNP,462,A,T
P0828,1,PSEN1,SYN_PSEN1_R3,risk_hotspot,INS,611,-,GCT
P0828,1,PSEN2,SYN_PSEN2_R1,risk_hotspot,SNP,166,T,C
P0828,1,PSEN2,BG_P0828_PSEN2_DEL,background,DEL,326,AC,-
P0828,1,APOE,BG_P0828_APOE_SNP1,background,SNP,276,A,T
P0828,1,TREM2,BG_P0828_TREM2_SNP1,background,SNP,155,A,C
P0828,1,TREM2,BG_P0828_TREM2_SNP2,background,SNP,338,T,G
P0829,0,APP,BG_P0829_APP_SNP1,background,SNP,253,T,G
P0829,0,PSEN1,SYN_PSEN1_R1,risk_hotspot,SNP,133,C,A
P0829,0,PSEN1,BG_P0829_PSEN1_SNP1,background,SNP,119,A,G
P0829,0,PSEN2,BG_P0829_PSEN2_SNP1,background,SNP,298,G,C
P0829,0,PSEN2,BG_P0829_PSEN2_SNP2,background,SNP,425,C,T
P0829,0,APOE,BG_P0829_APOE_SNP1,background,SNP,392,G,C
P0829,0,APOE,BG_P0829_APOE_SNP2,background,SNP,522,T,G
P0829,0,TREM2,BG_P0829_TREM2_SNP1,background,SNP,580,A,T
P0830,0,APP,SYN_APP_R1,risk_hotspot,SNP,217,G,C
P0830,0,APP,BG_P0830_APP_SNP1,background,SNP,356,G,A
P0830,0,PSEN1,BG_P0830_PSEN1_SNP1,background,SNP,216,A,C
P0830,0,APOE,BG_P0830_APOE_SNP1,background,SNP,24,A,T
P0830,0,TREM2,BG_P0830_TREM2_SNP1,background,SNP,265,C,G
P0831,0,APP,BG_P0831_APP_SNP1,background,SNP,644,C,G
P0831,0,APOE,BG_P0831_APOE_SNP1,background,SNP,216,G,C
P0831,0,APOE,BG_P0831_APOE_SNP2,background,SNP,451,C,G
P0831,0,APOE,BG_P0831_APOE_DEL,background,DEL,341,CTC,-
P0831,0,TREM2,BG_P0831_TREM2_SNP1,background,SNP,642,G,A
P0832,0,PSEN1,BG_P0832_PSEN1_SNP1,background,SNP,249,A,G
P0832,0,APOE,BG_P0832_APOE_SNP1,background,SNP,345,G,A
P0832,0,TREM2,BG_P0832_TREM2_SNP1,background,SNP,229,C,G
P0833,0,APP,SYN_APP_R2,risk_hotspot,SNP,452,C,G
P0833,0,PSEN1,BG_P0833_PSEN1_SNP1,background,SNP,392,C,G
P0833,0,PSEN1,BG_P0833_PSEN1_SNP2,background,SNP,643,T,A
P0833,0,APOE,BG_P0833_APOE_SNP1,background,SNP,263,T,C
P0833,0,APOE,BG_P0833_APOE_DEL,background,DEL,323,CC,-
P0834,1,PSEN1,BG_P0834_PSEN1_SNP1,background,SNP,452,T,C
P0834,1,PSEN2,BG_P0834_PSEN2_SNP1,background,SNP,112,T,C
P0834,1,APOE,SYN_APOE_H1A,risk_hotspot,SNP,205,T,G
P0834,1,APOE,SYN_APOE_H1B,risk_hotspot,SNP,311,C,T
P0834,1,APOE,BG_P0834_APOE_SNP1,background,SNP,511,C,T
P0834,1,APOE,BG_P0834_APOE_INS,background,INS,224,-,A
P0834,1,TREM2,BG_P0834_TREM2_SNP1,background,SNP,358,A,T
P0835,0,APP,BG_P0835_APP_SNP1,background,SNP,360,A,G
P0835,0,PSEN1,BG_P0835_PSEN1_SNP1,background,SNP,351,C,G
P0835,0,PSEN2,SYN_PSEN2_R1,risk_hotspot,SNP,166,T,C
P0836,1,APP,SYN_APP_R1,risk_hotspot,SNP,217,G,C
P0836,1,PSEN1,SYN_PSEN1_R1,risk_hotspot,SNP,133,C,A
P0836,1,PSEN1,BG_P0836_PSEN1_SNP1,background,SNP,317,T,A
P0836,1,APOE,SYN_APOE_H1A,risk_hotspot,SNP,205,T,G
P0836,1,APOE,SYN_APOE_H1B,risk_hotspot,SNP,311,C,T
P0836,1,TREM2,BG_P0836_TREM2_SNP1,background,SNP,73,T,C
P0837,0,APP,BG_P0837_APP_INS,background,INS,596,-,ATC
P0837,0,PSEN1,BG_P0837_PSEN1_SNP1,background,SNP,466,A,T
P0837,0,APOE,SYN_APOE_H1A,risk_hotspot,SNP,205,T,G
P0837,0,APOE,SYN_APOE_H1B,risk_hotspot,SNP,311,C,T
P0838,1,APP,BG_P0838_APP_SNP1,background,SNP,336,G,C
P0838,1,PSEN2,BG_P0838_PSEN2_SNP1,background,SNP,67,C,G
P0838,1,PSEN2,BG_P0838_PSEN2_INS,background,INS,56,-,TGT
P0838,1,APOE,SYN_APOE_H1A,risk_hotspot,SNP,205,T,G
P0838,1,APOE,SYN_APOE_H1B,risk_hotspot,SNP,311,C,T
P0838,1,APOE,BG_P0838_APOE_SNP1,background,SNP,413,T,A
P0839,1,PSEN1,SYN_PSEN1_R1,risk_hotspot,SNP,133,C,A
P0839,1,PSEN2,BG_P0839_PSEN2_SNP1,background,SNP,514,G,A
P0839,1,APOE,SYN_APOE_H1A,risk_hotspot,SNP,205,T,G
P0839,1,APOE,SYN_APOE_H1B,risk_hotspot,SNP,311,C,T
P0839,1,APOE,BG_P0839_APOE_INS,background,INS,141,-,TTT
P0839,1,TREM2,SYN_TREM2_R3,risk_hotspot,INS,604,-,AT
P0839,1,TREM2,BG_P0839_TREM2_SNP1,background,SNP,357,A,G
P0839,1,TREM2,BG_P0839_TREM2_SNP2,background,SNP,92,A,G
P0840,1,PSEN1,BG_P0840_PSEN1_SNP1,background,SNP,158,A,T
P0840,1,APOE,BG_P0840_APOE_SNP1,background,SNP,378,C,A
P0840,1,APOE,BG_P0840_APOE_SNP2,background,SNP,56,C,T
P0841,0,PSEN1,BG_P0841_PSEN1_SNP1,background,SNP,80,G,A
P0841,0,PSEN2,BG_P0841_PSEN2_SNP1,background,SNP,638,C,A
P0841,0,APOE,SYN_APOE_H1A,risk_hotspot,SNP,205,T,G
P0841,0,APOE,SYN_APOE_H1B,risk_hotspot,SNP,311,C,T
P0841,0,TREM2,BG_P0841_TREM2_SNP1,background,SNP,124,G,C
P0842,0,APP,BG_P0842_APP_SNP1,background,SNP,338,A,G
P0842,0,APOE,BG_P0842_APOE_SNP1,background,SNP,547,T,C
P0842,0,APOE,BG_P0842_APOE_SNP2,background,SNP,158,G,A
P0843,1,PSEN2,BG_P0843_PSEN2_SNP1,background,SNP,687,A,C
P0843,1,APOE,SYN_APOE_H1A,risk_hotspot,SNP,205,T,G
P0843,1,APOE,SYN_APOE_H1B,risk_hotspot,SNP,311,C,T
P0843,1,APOE,BG_P0843_APOE_DEL,background,DEL,574,T,-
P0844,0,APP,BG_P0844_APP_SNP1,background,SNP,797,G,T
P0844,0,PSEN2,BG_P0844_PSEN2_SNP1,background,SNP,681,T,A
P0844,0,APOE,BG_P0844_APOE_SNP1,background,SNP,171,G,T
P0845,1,APP,SYN_APP_R1,risk_hotspot,SNP,217,G,C
P0845,1,APP,BG_P0845_APP_SNP1,background,SNP,461,A,T
P0845,1,APP,BG_P0845_APP_SNP2,background,SNP,425,C,A
P0845,1,PSEN1,BG_P0845_PSEN1_INS,background,INS,585,-,GCT
P0845,1,PSEN2,SYN_PSEN2_R2,risk_hotspot,DEL,407,GC,-
P0845,1,APOE,BG_P0845_APOE_SNP1,background,SNP,348,T,G
P0845,1,TREM2,SYN_TREM2_R2,risk_hotspot,SNP,529,C,A
P0846,0,APP,BG_P0846_APP_DEL,background,DEL,259,CGG,-
P0846,0,PSEN1,BG_P0846_PSEN1_SNP1,background,SNP,192,T,C
P0846,0,APOE,BG_P0846_APOE_SNP1,background,SNP,486,A,G
P0847,0,PSEN1,BG_P0847_PSEN1_INS,background,INS,139,-,AGG
P0847,0,APOE,SYN_APOE_H1A,risk_hotspot,SNP,205,T,G
P0847,0,APOE,SYN_APOE_H1B,risk_hotspot,SNP,311,C,T
P0848,0,PSEN1,BG_P0848_PSEN1_SNP1,background,SNP,552,A,G
P0848,0,PSEN2,BG_P0848_PSEN2_DEL,background,DEL,63,TGT,-
P0848,0,APOE,BG_P0848_APOE_SNP1,background,SNP,169,G,A
P0848,0,APOE,BG_P0848_APOE_SNP2,background,SNP,321,G,A
P0848,0,TREM2,BG_P0848_TREM2_SNP1,background,SNP,422,A,T
P0848,0,TREM2,BG_P0848_TREM2_SNP2,background,SNP,146,G,T
P0848,0,TREM2,BG_P0848_TREM2_SNP3,background,SNP,641,G,A
P0848,0,TREM2,BG_P0848_TREM2_SNP4,background,SNP,274,T,A
P0849,1,APP,BG_P0849_APP_SNP1,background,SNP,149,T,G
P0849,1,PSEN1,SYN_PSEN1_R1,risk_hotspot,SNP,133,C,A
P0849,1,PSEN1,BG_P0849_PSEN1_SNP1,background,SNP,275,C,A
P0849,1,PSEN2,SYN_PSEN2_R2,risk_hotspot,DEL,407,GC,-
P0849,1,TREM2,SYN_TREM2_R2,risk_hotspot,SNP,529,C,A
P0850,0,APP,SYN_APP_R1,risk_hotspot,SNP,217,G,C
P0850,0,TREM2,SYN_TREM2_R1,risk_hotspot,SNP,251,C,A
P0850,0,TREM2,BG_P0850_TREM2_SNP1,background,SNP,316,C,A
P0851,0,APP,BG_P0851_APP_SNP1,background,SNP,821,C,T
P0851,0,APP,BG_P0851_APP_SNP2,background,SNP,462,C,T
P0851,0,PSEN1,BG_P0851_PSEN1_SNP1,background,SNP,152,G,A
P0851,0,PSEN1,BG_P0851_PSEN1_SNP2,background,SNP,168,G,T
P0851,0,PSEN2,BG_P0851_PSEN2_SNP1,background,SNP,558,C,G
P0851,0,PSEN2,BG_P0851_PSEN2_SNP2,background,SNP,227,T,A
P0852,0,APP,BG_P0852_APP_SNP1,background,SNP,436,G,A
P0852,0,PSEN1,SYN_PSEN1_R2,risk_hotspot,SNP,374,C,G
P0852,0,PSEN2,SYN_PSEN2_R3,risk_hotspot,SNP,615,T,G
P0852,0,TREM2,SYN_TREM2_R2,risk_hotspot,SNP,529,C,A
P0852,0,TREM2,BG_P0852_TREM2_SNP1,background,SNP,37,T,A
P0852,0,TREM2,BG_P0852_TREM2_SNP2,background,SNP,133,G,T
P0853,0,PSEN2,BG_P0853_PSEN2_SNP1,background,SNP,61,C,T
P0853,0,APOE,BG_P0853_APOE_SNP1,background,SNP,221,A,G
P0853,0,APOE,BG_P0853_APOE_SNP2,background,SNP,342,T,A
P0854,0,PSEN1,BG_P0854_PSEN1_SNP1,background,SNP,400,T,A
P0854,0,PSEN2,SYN_PSEN2_R1,risk_hotspot,SNP,166,T,C
P0854,0,PSEN2,BG_P0854_PSEN2_SNP1,background,SNP,42,T,A
P0854,0,PSEN2,BG_P0854_PSEN2_SNP2,background,SNP,280,G,A
P0854,0,PSEN2,BG_P0854_PSEN2_SNP3,background,SNP,324,T,G
P0855,1,TREM2,BG_P0855_TREM2_SNP1,background,SNP,543,C,T
P0855,1,TREM2,BG_P0855_TREM2_SNP2,background,SNP,212,C,T
P0856,0,APP,BG_P0856_APP_SNP1,background,SNP,593,G,C
P0856,0,PSEN2,BG_P0856_PSEN2_SNP1,background,SNP,548,G,T
P0856,0,APOE,BG_P0856_APOE_SNP1,background,SNP,241,T,C
P0857,1,PSEN1,SYN_PSEN1_R2,risk_hotspot,SNP,374,C,G
P0857,1,PSEN2,BG_P0857_PSEN2_SNP1,background,SNP,378,T,A
P0857,1,PSEN2,BG_P0857_PSEN2_SNP2,background,SNP,415,G,A
P0857,1,APOE,SYN_APOE_H1A,risk_hotspot,SNP,205,T,G
P0857,1,APOE,SYN_APOE_H1B,risk_hotspot,SNP,311,C,T
P0857,1,TREM2,SYN_TREM2_R1,risk_hotspot,SNP,251,C,A
P0858,1,PSEN1,SYN_PSEN1_R3,risk_hotspot,INS,611,-,GCT
P0858,1,PSEN1,BG_P0858_PSEN1_SNP1,background,SNP,541,G,T
P0858,1,PSEN2,SYN_PSEN2_R3,risk_hotspot,SNP,615,T,G
P0858,1,PSEN2,BG_P0858_PSEN2_SNP1,background,SNP,639,A,C
P0858,1,APOE,SYN_APOE_H1A,risk_hotspot,SNP,205,T,G
P0858,1,APOE,SYN_APOE_H1B,risk_hotspot,SNP,311,C,T
P0858,1,APOE,BG_P0858_APOE_SNP1,background,SNP,415,C,A
P0859,1,APP,SYN_APP_R1,risk_hotspot,SNP,217,G,C
P0859,1,APP,SYN_APP_R3,risk_hotspot,DEL,688,TCC,-
P0859,1,APP,BG_P0859_APP_DEL,background,DEL,410,CGG,-
P0859,1,APOE,SYN_APOE_H1A,risk_hotspot,SNP,205,T,G
P0859,1,APOE,SYN_APOE_H1B,risk_hotspot,SNP,311,C,T
P0859,1,TREM2,SYN_TREM2_R1,risk_hotspot,SNP,251,C,A
P0860,0,APP,BG_P0860_APP_SNP1,background,SNP,237,C,A
P0860,0,APP,BG_P0860_APP_SNP2,background,SNP,208,C,T
P0860,0,APP,BG_P0860_APP_SNP3,background,SNP,628,A,C
P0860,0,PSEN1,BG_P0860_PSEN1_SNP1,background,SNP,313,T,A
P0860,0,PSEN2,SYN_PSEN2_R3,risk_hotspot,SNP,615,T,G
P0860,0,PSEN2,BG_P0860_PSEN2_SNP1,background,SNP,53,A,C
P0860,0,APOE,BG_P0860_APOE_SNP1,background,SNP,365,A,T
P0860,0,TREM2,SYN_TREM2_R1,risk_hotspot,SNP,251,C,A
P0861,0,PSEN1,BG_P0861_PSEN1_SNP1,background,SNP,43,C,G
P0861,0,PSEN2,BG_P0861_PSEN2_SNP1,background,SNP,586,A,T
P0861,0,TREM2,BG_P0861_TREM2_SNP1,background,SNP,119,G,T
P0862,0,APP,BG_P0862_APP_SNP1,background,SNP,57,A,G
P0862,0,PSEN1,BG_P0862_PSEN1_SNP1,background,SNP,436,T,C
P0862,0,PSEN1,BG_P0862_PSEN1_SNP2,background,SNP,717,A,G
P0862,0,PSEN1,BG_P0862_PSEN1_SNP3,background,SNP,681,G,A
P0862,0,PSEN2,BG_P0862_PSEN2_SNP1,background,SNP,109,G,T
P0862,0,TREM2,BG_P0862_TREM2_SNP1,background,SNP,631,G,C
P0863,0,PSEN2,BG_P0863_PSEN2_SNP1,background,SNP,717,G,C
P0863,0,PSEN2,BG_P0863_PSEN2_SNP2,background,SNP,567,G,C
P0863,0,APOE,BG_P0863_APOE_SNP1,background,SNP,119,A,G
P0864,0,APP,BG_P0864_APP_SNP1,background,SNP,241,C,A
P0864,0,PSEN1,BG_P0864_PSEN1_SNP1,background,SNP,357,G,A
P0864,0,APOE,BG_P0864_APOE_SNP1,background,SNP,509,C,T
P0864,0,APOE,BG_P0864_APOE_SNP2,background,SNP,241,T,A
P0865,0,PSEN1,BG_P0865_PSEN1_SNP1,background,SNP,560,G,A
P0865,0,APOE,BG_P0865_APOE_SNP1,background,SNP,171,G,T
P0865,0,APOE,BG_P0865_APOE_SNP2,background,SNP,538,A,C
P0865,0,APOE,BG_P0865_APOE_SNP3,background,SNP,22,G,A
P0866,1,APP,SYN_APP_R2,risk_hotspot,SNP,452,C,G
P0866,1,APP,BG_P0866_APP_INS,background,INS,710,-,G
P0866,1,TREM2,SYN_TREM2_R1,risk_hotspot,SNP,251,C,A
P0866,1,TREM2,BG_P0866_TREM2_SNP1,background,SNP,443,G,A
P0867,0,PSEN2,BG_P0867_PSEN2_SNP1,background,SNP,208,C,G
P0867,0,PSEN2,BG_P0867_PSEN2_DEL,background,DEL,265,G,-
P0868,0,APP,BG_P0868_APP_SNP1,background,SNP,846,A,T
P0868,0,APP,BG_P0868_APP_SNP2,background,SNP,527,G,C
P0868,0,PSEN1,BG_P0868_PSEN1_SNP1,background,SNP,468,G,A
P0868,0,TREM2,SYN_TREM2_R2,risk_hotspot,SNP,529,C,A
P0868,0,TREM2,BG_P0868_TREM2_SNP1,background,SNP,261,C,T
P0869,0,PSEN1,BG_P0869_PSEN1_SNP1,background,SNP,416,G,A
P0869,0,PSEN1,BG_P0869_PSEN1_SNP2,background,SNP,453,G,C
P0869,0,PSEN2,BG_P0869_PSEN2_SNP1,background,SNP,123,A,T
P0870,0,APP,BG_P0870_APP_SNP1,background,SNP,603,T,A
P0870,0,APOE,BG_P0870_APOE_SNP1,background,SNP,197,C,A
P0870,0,TREM2,SYN_TREM2_R3,risk_hotspot,INS,604,-,AT
P0871,1,APP,BG_P0871_APP_SNP1,background,SNP,795,G,C
P0871,1,PSEN1,SYN_PSEN1_R3,risk_hotspot,INS,611,-,GCT
P0871,1,PSEN2,SYN_PSEN2_R2,risk_hotspot,DEL,407,GC,-
P0871,1,PSEN2,BG_P0871_PSEN2_SNP1,background,SNP,286,A,G
P0871,1,APOE,SYN_APOE_H1A,risk_hotspot,SNP,205,T,G
P0871,1,APOE,SYN_APOE_H1B,risk_hotspot,SNP,311,C,T
P0872,1,APP,BG_P0872_APP_SNP1,background,SNP,427,C,A
P0872,1,APP,BG_P0872_APP_SNP2,background,SNP,176,G,A
P0872,1,PSEN1,SYN_PSEN1_R3,risk_hotspot,INS,611,-,GCT
P0872,1,PSEN2,SYN_PSEN2_R1,risk_hotspot,SNP,166,T,C
P0872,1,PSEN2,BG_P0872_PSEN2_SNP1,background,SNP,137,G,C
P0873,1,APP,SYN_APP_R1,risk_hotspot,SNP,217,G,C
P0873,1,PSEN2,BG_P0873_PSEN2_SNP1,background,SNP,143,G,C
P0873,1,APOE,BG_P0873_APOE_SNP1,background,SNP,89,A,T
P0874,0,PSEN1,BG_P0874_PSEN1_SNP1,background,SNP,203,C,T
P0874,0,PSEN1,BG_P0874_PSEN1_SNP2,background,SNP,749,T,A
P0874,0,PSEN2,BG_P0874_PSEN2_SNP1,background,SNP,250,A,T
P0874,0,TREM2,BG_P0874_TREM2_SNP1,background,SNP,39,C,G
P0875,0,PSEN2,BG_P0875_PSEN2_SNP1,background,SNP,693,A,G
P0876,0,PSEN2,BG_P0876_PSEN2_DEL,background,DEL,196,T,-
P0876,0,APOE,SYN_APOE_H1A,risk_hotspot,SNP,205,T,G
P0876,0,APOE,SYN_APOE_H1B,risk_hotspot,SNP,311,C,T
P0876,0,APOE,BG_P0876_APOE_SNP1,background,SNP,478,G,A
P0876,0,TREM2,BG_P0876_TREM2_SNP1,background,SNP,474,T,G
P0876,0,TREM2,BG_P0876_TREM2_SNP2,background,SNP,242,A,G
P0877,0,APP,BG_P0877_APP_INS,background,INS,868,-,GGA
P0877,0,PSEN2,BG_P0877_PSEN2_SNP1,background,SNP,359,C,A
P0877,0,APOE,BG_P0877_APOE_SNP1,background,SNP,231,G,C
P0878,0,APP,BG_P0878_APP_SNP1,background,SNP,55,T,G
P0878,0,PSEN1,BG_P0878_PSEN1_SNP1,background,SNP,212,T,A
P0878,0,PSEN2,BG_P0878_PSEN2_SNP1,background,SNP,674,T,G
P0879,0,APP,BG_P0879_APP_SNP1,background,SNP,651,T,G
P0879,0,PSEN1,BG_P0879_PSEN1_INS,background,INS,726,-,A
P0879,0,APOE,BG_P0879_APOE_SNP1,background,SNP,232,G,C
P0880,0,APP,BG_P0880_APP_SNP1,background,SNP,796,G,C
P0880,0,APP,BG_P0880_APP_INS,background,INS,366,-,GA
P0880,0,PSEN1,SYN_PSEN1_R1,risk_hotspot,SNP,133,C,A
P0880,0,TREM2,BG_P0880_TREM2_SNP1,background,SNP,648,T,G
P0880,0,TREM2,BG_P0880_TREM2_INS,background,INS,350,-,AGT
P0881,0,PSEN2,BG_P0881_PSEN2_SNP1,background,SNP,273,A,T
P0881,0,APOE,BG_P0881_APOE_SNP1,background,SNP,449,C,T
P0881,0,APOE,BG_P0881_APOE_SNP2,background,SNP,393,A,T
P0882,0,APP,BG_P0882_APP_SNP1,background,SNP,460,C,G
P0882,0,APP,BG_P0882_APP_SNP2,background,SNP,495,G,A
P0882,0,APP,BG_P0882_APP_SNP3,background,SNP,621,G,T
P0882,0,PSEN1,BG_P0882_PSEN1_SNP1,background,SNP,523,T,C
P0882,0,TREM2,BG_P0882_TREM2_SNP1,background,SNP,653,G,A
P0883,0,APP,BG_P0883_APP_SNP1,background,SNP,313,A,C
P0883,0,PSEN2,BG_P0883_PSEN2_SNP1,background,SNP,327,C,G
P0883,0,PSEN2,BG_P0883_PSEN2_SNP2,background,SNP,113,G,C
P0883,0,APOE,BG_P0883_APOE_SNP1,background,SNP,457,C,A
P0884,0,PSEN2,BG_P0884_PSEN2_SNP1,background,SNP,480,G,A
P0884,0,APOE,SYN_APOE_H1A,risk_hotspot,SNP,205,T,G
P0884,0,APOE,SYN_APOE_H1B,risk_hotspot,SNP,311,C,T
P0884,0,APOE,BG_P0884_APOE_SNP1,background,SNP,510,G,A
P0884,0,TREM2,BG_P0884_TREM2_SNP1,background,SNP,410,C,A
P0885,0,PSEN1,BG_P0885_PSEN1_SNP1,background,SNP,556,C,A
P0885,0,APOE,BG_P0885_APOE_SNP1,background,SNP,47,A,T
P0886,1,PSEN1,BG_P0886_PSEN1_DEL,background,DEL,497,AC,-
P0886,1,APOE,SYN_APOE_H1A,risk_hotspot,SNP,205,T,G
P0886,1,APOE,SYN_APOE_H1B,risk_hotspot,SNP,311,C,T
P0886,1,APOE,BG_P0886_APOE_SNP1,background,SNP,278,A,G
P0886,1,TREM2,SYN_TREM2_R3,risk_hotspot,INS,604,-,AT
P0886,1,TREM2,BG_P0886_TREM2_SNP1,background,SNP,654,C,A
P0887,0,APP,BG_P0887_APP_SNP1,background,SNP,623,A,C
P0887,0,PSEN1,BG_P0887_PSEN1_SNP1,background,SNP,557,T,G
P0887,0,APOE,BG_P0887_APOE_SNP1,background,SNP,452,C,A
P0888,1,APP,SYN_APP_R2,risk_hotspot,SNP,452,C,G
P0888,1,PSEN2,BG_P0888_PSEN2_SNP1,background,SNP,140,G,T
P0888,1,APOE,SYN_APOE_H1A,risk_hotspot,SNP,205,T,G
P0888,1,APOE,SYN_APOE_H1B,risk_hotspot,SNP,311,C,T
P0888,1,TREM2,SYN_TREM2_R1,risk_hotspot,SNP,251,C,A
P0888,1,TREM2,BG_P0888_TREM2_SNP1,background,SNP,260,C,A
P0889,1,PSEN1,BG_P0889_PSEN1_SNP1,background,SNP,57,G,C
P0889,1,PSEN2,BG_P0889_PSEN2_SNP1,background,SNP,339,C,T
P0889,1,PSEN2,BG_P0889_PSEN2_SNP2,background,SNP,37,C,A
P0889,1,TREM2,BG_P0889_TREM2_SNP1,background,SNP,571,C,T
P0890,0,APP,SYN_APP_R2,risk_hotspot,SNP,452,C,G
P0890,0,APOE,BG_P0890_APOE_SNP1,background,SNP,243,A,C
P0890,0,TREM2,BG_P0890_TREM2_SNP1,background,SNP,336,A,G
P0891,0,APP,BG_P0891_APP_SNP1,background,SNP,597,C,A
P0891,0,APP,BG_P0891_APP_SNP2,background,SNP,56,A,G
P0891,0,PSEN2,SYN_PSEN2_R2,risk_hotspot,DEL,407,GC,-
P0891,0,PSEN2,BG_P0891_PSEN2_SNP1,background,SNP,79,T,G
P0891,0,APOE,BG_P0891_APOE_SNP1,background,SNP,565,G,T
P0891,0,APOE,BG_P0891_APOE_INS,background,INS,471,-,C
P0891,0,TREM2,SYN_TREM2_R3,risk_hotspot,INS,604,-,AT
P0891,0,TREM2,BG_P0891_TREM2_SNP1,background,SNP,564,C,T
P0891,0,TREM2,BG_P0891_TREM2_SNP2,background,SNP,30,C,G
P0891,0,TREM2,BG_P0891_TREM2_SNP3,background,SNP,496,A,G
P0892,1,APP,SYN_APP_R1,risk_hotspot,SNP,217,G,C
P0892,1,APP,SYN_APP_R2,risk_hotspot,SNP,452,C,G
P0892,1,PSEN1,BG_P0892_PSEN1_SNP1,background,SNP,51,T,A
P0892,1,PSEN2,SYN_PSEN2_R1,risk_hotspot,SNP,166,T,C
P0892,1,PSEN2,BG_P0892_PSEN2_SNP1,background,SNP,703,C,T
P0892,1,PSEN2,BG_P0892_PSEN2_SNP2,background,SNP,137,G,T
P0892,1,APOE,BG_P0892_APOE_SNP1,background,SNP,26,C,A
P0892,1,TREM2,BG_P0892_TREM2_SNP1,background,SNP,498,T,A
P0892,1,TREM2,BG_P0892_TREM2_SNP2,background,SNP,420,C,T
P0893,1,PSEN1,SYN_PSEN1_R2,risk_hotspot,SNP,374,C,G
P0893,1,APOE,SYN_APOE_H1A,risk_hotspot,SNP,205,T,G
P0893,1,APOE,SYN_APOE_H1B,risk_hotspot,SNP,311,C,T
P0894,1,APP,SYN_APP_R1,risk_hotspot,SNP,217,G,C
P0894,1,PSEN2,BG_P0894_PSEN2_SNP1,background,SNP,398,A,C
P0894,1,APOE,BG_P0894_APOE_SNP1,background,SNP,487,C,G
P0894,1,TREM2,SYN_TREM2_R1,risk_hotspot,SNP,251,C,A
P0894,1,TREM2,BG_P0894_TREM2_SNP1,background,SNP,282,A,C
P0895,0,APP,BG_P0895_APP_SNP1,background,SNP,85,A,C
P0895,0,APOE,SYN_APOE_H1A,risk_hotspot,SNP,205,T,G
P0895,0,APOE,SYN_APOE_H1B,risk_hotspot,SNP,311,C,T
P0895,0,APOE,BG_P0895_APOE_SNP1,background,SNP,539,C,T
P0895,0,APOE,BG_P0895_APOE_SNP2,background,SNP,381,G,C
P0896,0,APP,BG_P0896_APP_DEL,background,DEL,715,A,-
P0896,0,PSEN2,BG_P0896_PSEN2_SNP1,background,SNP,81,T,A
P0897,0,PSEN2,BG_P0897_PSEN2_SNP1,background,SNP,455,T,G
P0897,0,PSEN2,BG_P0897_PSEN2_SNP2,background,SNP,280,G,T
P0897,0,APOE,SYN_APOE_H1A,risk_hotspot,SNP,205,T,G
P0897,0,APOE,SYN_APOE_H1B,risk_hotspot,SNP,311,C,T
P0898,0,PSEN1,BG_P0898_PSEN1_SNP1,background,SNP,751,T,A
P0898,0,PSEN2,BG_P0898_PSEN2_SNP1,background,SNP,560,C,T
P0898,0,APOE,SYN_APOE_H1A,risk_hotspot,SNP,205,T,G
P0898,0,APOE,SYN_APOE_H1B,risk_hotspot,SNP,311,C,T
P0898,0,TREM2,BG_P0898_TREM2_SNP1,background,SNP,61,A,T
P0899,0,APP,BG_P0899_APP_SNP1,background,SNP,672,C,T
P0899,0,TREM2,BG_P0899_TREM2_SNP1,background,SNP,125,C,A
P0899,0,TREM2,BG_P0899_TREM2_SNP2,background,SNP,664,C,A
P0900,0,PSEN1,BG_P0900_PSEN1_SNP1,background,SNP,125,G,T
P0900,0,PSEN2,BG_P0900_PSEN2_SNP1,background,SNP,548,G,T
P0900,0,APOE,BG_P0900_APOE_SNP1,background,SNP,110,C,T
P0900,0,TREM2,BG_P0900_TREM2_SNP1,background,SNP,686,A,C
P0900,0,TREM2,BG_P0900_TREM2_SNP2,background,SNP,166,C,A
P0901,1,PSEN1,SYN_PSEN1_R1,risk_hotspot,SNP,133,C,A
P0901,1,PSEN1,SYN_PSEN1_R2,risk_hotspot,SNP,374,C,G
P0901,1,APOE,SYN_APOE_H1A,risk_hotspot,SNP,205,T,G
P0901,1,APOE,SYN_APOE_H1B,risk_hotspot,SNP,311,C,T
P0901,1,APOE,BG_P0901_APOE_SNP1,background,SNP,260,C,A
P0901,1,TREM2,SYN_TREM2_R1,risk_hotspot,SNP,251,C,A
P0901,1,TREM2,BG_P0901_TREM2_SNP1,background,SNP,535,A,G
P0902,0,PSEN1,BG_P0902_PSEN1_SNP1,background,SNP,193,T,A
P0902,0,PSEN1,BG_P0902_PSEN1_SNP2,background,SNP,220,A,G
P0902,0,APOE,SYN_APOE_H1A,risk_hotspot,SNP,205,T,G
P0902,0,APOE,SYN_APOE_H1B,risk_hotspot,SNP,311,C,T
P0902,0,APOE,BG_P0902_APOE_SNP1,background,SNP,299,G,A
P0903,0,APP,BG_P0903_APP_SNP1,background,SNP,615,C,T
P0903,0,APP,BG_P0903_APP_SNP2,background,SNP,584,A,T
P0903,0,PSEN1,BG_P0903_PSEN1_SNP1,background,SNP,222,C,A
P0903,0,APOE,SYN_APOE_H1A,risk_hotspot,SNP,205,T,G
P0903,0,APOE,SYN_APOE_H1B,risk_hotspot,SNP,311,C,T
P0903,0,APOE,BG_P0903_APOE_SNP1,background,SNP,60,G,A
P0903,0,TREM2,BG_P0903_TREM2_SNP1,background,SNP,383,C,A
P0904,1,PSEN1,BG_P0904_PSEN1_SNP1,background,SNP,605,A,G
P0904,1,PSEN1,BG_P0904_PSEN1_SNP2,background,SNP,249,A,G
P0904,1,PSEN1,BG_P0904_PSEN1_SNP3,background,SNP,556,C,A
P0904,1,PSEN2,BG_P0904_PSEN2_SNP1,background,SNP,83,T,G
P0904,1,APOE,SYN_APOE_H1A,risk_hotspot,SNP,205,T,G
P0904,1,APOE,SYN_APOE_H1B,risk_hotspot,SNP,311,C,T
P0904,1,APOE,BG_P0904_APOE_SNP1,background,SNP,99,C,G
P0904,1,TREM2,SYN_TREM2_R1,risk_hotspot,SNP,251,C,A
P0905,0,APP,BG_P0905_APP_DEL,background,DEL,510,CAC,-
P0905,0,PSEN1,BG_P0905_PSEN1_SNP1,background,SNP,465,C,A
P0906,1,APP,SYN_APP_R1,risk_hotspot,SNP,217,G,C
P0906,1,PSEN1,SYN_PSEN1_R1,risk_hotspot,SNP,133,C,A
P0906,1,PSEN1,BG_P0906_PSEN1_SNP1,background,SNP,283,A,G
P0906,1,PSEN1,BG_P0906_PSEN1_SNP2,background,SNP,653,C,T
P0906,1,PSEN1,BG_P0906_PSEN1_SNP3,background,SNP,488,C,T
P0906,1,PSEN2,BG_P0906_PSEN2_SNP1,background,SNP,503,C,G
P0906,1,APOE,SYN_APOE_H1A,risk_hotspot,SNP,205,T,G
P0906,1,APOE,SYN_APOE_H1B,risk_hotspot,SNP,311,C,T
P0906,1,TREM2,SYN_TREM2_R1,risk_hotspot,SNP,251,C,A
P0906,1,TREM2,BG_P0906_TREM2_SNP1,background,SNP,143,G,A
P0907,0,APP,BG_P0907_APP_SNP1,background,SNP,362,G,C
P0907,0,PSEN1,BG_P0907_PSEN1_SNP1,background,SNP,586,G,C
P0907,0,APOE,BG_P0907_APOE_SNP1,background,SNP,168,A,G
P0907,0,TREM2,BG_P0907_TREM2_SNP1,background,SNP,265,C,T
P0908,0,PSEN2,BG_P0908_PSEN2_SNP1,background,SNP,584,G,A
P0908,0,TREM2,BG_P0908_TREM2_SNP1,background,SNP,105,C,G
P0909,1,PSEN1,BG_P0909_PSEN1_SNP1,background,SNP,728,C,G
P0909,1,PSEN2,SYN_PSEN2_R3,risk_hotspot,SNP,615,T,G
P0909,1,PSEN2,BG_P0909_PSEN2_SNP1,background,SNP,351,T,C
P0909,1,APOE,SYN_APOE_H1A,risk_hotspot,SNP,205,T,G
P0909,1,APOE,SYN_APOE_H1B,risk_hotspot,SNP,311,C,T
P0909,1,TREM2,SYN_TREM2_R2,risk_hotspot,SNP,529,C,A
P0910,0,PSEN1,BG_P0910_PSEN1_SNP1,background,SNP,752,G,C
P0910,0,APOE,SYN_APOE_H1A,risk_hotspot,SNP,205,T,G
P0910,0,APOE,SYN_APOE_H1B,risk_hotspot,SNP,311,C,T
P0910,0,TREM2,BG_P0910_TREM2_SNP1,background,SNP,325,G,A
P0911,0,APP,BG_P0911_APP_SNP1,background,SNP,329,G,A
P0911,0,PSEN1,BG_P0911_PSEN1_SNP1,background,SNP,634,A,G
P0911,0,PSEN1,BG_P0911_PSEN1_SNP2,background,SNP,124,A,C
P0911,0,TREM2,SYN_TREM2_R1,risk_hotspot,SNP,251,C,A
P0911,0,TREM2,BG_P0911_TREM2_SNP1,background,SNP,263,T,A
P0911,0,TREM2,BG_P0911_TREM2_SNP2,background,SNP,332,C,A
P0912,0,PSEN2,BG_P0912_PSEN2_SNP1,background,SNP,360,A,T
P0912,0,APOE,BG_P0912_APOE_SNP1,background,SNP,303,G,C
P0912,0,APOE,BG_P0912_APOE_SNP2,background,SNP,230,C,T
P0912,0,APOE,BG_P0912_APOE_SNP3,background,SNP,360,C,A
P0912,0,TREM2,BG_P0912_TREM2_SNP1,background,SNP,146,G,C
P0913,0,APP,BG_P0913_APP_SNP1,background,SNP,844,T,G
P0913,0,PSEN2,BG_P0913_PSEN2_SNP1,background,SNP,543,A,T
P0913,0,PSEN2,BG_P0913_PSEN2_SNP2,background,SNP,592,G,T
P0913,0,PSEN2,BG_P0913_PSEN2_SNP3,background,SNP,388,G,A
P0913,0,PSEN2,BG_P0913_PSEN2_DEL,background,DEL,339,CC,-
P0914,0,APP,BG_P0914_APP_SNP1,background,SNP,526,C,A
P0914,0,APP,BG_P0914_APP_SNP2,background,SNP,23,C,T
P0914,0,APOE,BG_P0914_APOE_SNP1,background,SNP,248,G,T
P0914,0,TREM2,BG_P0914_TREM2_SNP1,background,SNP,352,A,C
P0914,0,TREM2,BG_P0914_TREM2_SNP2,background,SNP,642,G,C
P0915,0,APP,BG_P0915_APP_SNP1,background,SNP,703,C,T
P0915,0,PSEN2,BG_P0915_PSEN2_SNP1,background,SNP,480,G,A
P0915,0,APOE,BG_P0915_APOE_SNP1,background,SNP,367,G,C
P0915,0,TREM2,BG_P0915_TREM2_SNP1,background,SNP,481,T,G
P0916,0,APP,BG_P0916_APP_SNP1,background,SNP,829,A,T
P0916,0,PSEN1,BG_P0916_PSEN1_SNP1,background,SNP,110,G,T
P0916,0,APOE,BG_P0916_APOE_INS,background,INS,180,-,TCG
P0916,0,TREM2,BG_P0916_TREM2_SNP1,background,SNP,684,G,T
P0917,1,APP,BG_P0917_APP_SNP1,background,SNP,370,C,A
P0917,1,APP,BG_P0917_APP_SNP2,background,SNP,519,G,C
P0917,1,PSEN1,BG_P0917_PSEN1_SNP1,background,SNP,486,A,G
P0917,1,APOE,SYN_APOE_H1A,risk_hotspot,SNP,205,T,G
P0917,1,APOE,SYN_APOE_H1B,risk_hotspot,SNP,311,C,T
P0917,1,TREM2,BG_P0917_TREM2_SNP1,background,SNP,625,G,C
P0918,1,PSEN1,BG_P0918_PSEN1_SNP1,background,SNP,527,G,A
P0918,1,PSEN1,BG_P0918_PSEN1_SNP2,background,SNP,743,A,G
P0918,1,PSEN2,SYN_PSEN2_R2,risk_hotspot,DEL,407,GC,-
P0918,1,PSEN2,BG_P0918_PSEN2_SNP1,background,SNP,222,A,C
P0918,1,PSEN2,BG_P0918_PSEN2_SNP2,background,SNP,260,G,T
P0918,1,APOE,SYN_APOE_H1A,risk_hotspot,SNP,205,T,G
P0918,1,APOE,SYN_APOE_H1B,risk_hotspot,SNP,311,C,T
P0918,1,APOE,BG_P0918_APOE_SNP1,background,SNP,114,G,T
P0919,0,PSEN1,BG_P0919_PSEN1_SNP1,background,SNP,493,A,T
P0919,0,PSEN2,BG_P0919_PSEN2_SNP1,background,SNP,473,T,C
P0919,0,APOE,BG_P0919_APOE_SNP1,background,SNP,55,G,C
P0920,0,APP,BG_P0920_APP_SNP1,background,SNP,660,G,C
P0920,0,APP,BG_P0920_APP_SNP2,background,SNP,87,C,T
P0920,0,APP,BG_P0920_APP_DEL,background,DEL,469,CG,-
P0920,0,PSEN2,BG_P0920_PSEN2_SNP1,background,SNP,646,A,C
P0920,0,PSEN2,BG_P0920_PSEN2_SNP2,background,SNP,259,G,T
P0920,0,APOE,BG_P0920_APOE_DEL,background,DEL,329,G,-
P0920,0,TREM2,BG_P0920_TREM2_SNP1,background,SNP,413,A,T
P0921,0,APP,BG_P0921_APP_SNP1,background,SNP,696,C,G
P0921,0,PSEN2,BG_P0921_PSEN2_INS,background,INS,644,-,TGC
P0922,0,APOE,BG_P0922_APOE_SNP1,background,SNP,154,G,T
P0922,0,TREM2,BG_P0922_TREM2_SNP1,background,SNP,79,C,T
P0923,1,PSEN1,SYN_PSEN1_R2,risk_hotspot,SNP,374,C,G
P0923,1,PSEN1,BG_P0923_PSEN1_SNP1,background,SNP,437,A,T
P0923,1,APOE,SYN_APOE_H1A,risk_hotspot,SNP,205,T,G
P0923,1,APOE,SYN_APOE_H1B,risk_hotspot,SNP,311,C,T
P0923,1,APOE,BG_P0923_APOE_SNP1,background,SNP,427,A,G
P0923,1,APOE,BG_P0923_APOE_SNP2,background,SNP,258,C,A
P0923,1,APOE,BG_P0923_APOE_SNP3,background,SNP,33,C,T
P0924,0,APOE,BG_P0924_APOE_SNP1,background,SNP,197,C,G
P0924,0,APOE,BG_P0924_APOE_SNP2,background,SNP,322,C,A
P0925,1,APP,SYN_APP_R1,risk_hotspot,SNP,217,G,C
P0925,1,APP,BG_P0925_APP_SNP1,background,SNP,273,A,G
P0925,1,APP,BG_P0925_APP_SNP2,background,SNP,847,G,A
P0925,1,PSEN2,BG_P0925_PSEN2_SNP1,background,SNP,347,G,A
P0925,1,TREM2,SYN_TREM2_R1,risk_hotspot,SNP,251,C,A
P0926,1,PSEN1,SYN_PSEN1_R1,risk_hotspot,SNP,133,C,A
P0926,1,PSEN2,SYN_PSEN2_R2,risk_hotspot,DEL,407,GC,-
P0926,1,PSEN2,BG_P0926_PSEN2_SNP1,background,SNP,701,A,C
P0926,1,APOE,SYN_APOE_H1A,risk_hotspot,SNP,205,T,G
P0926,1,APOE,SYN_APOE_H1B,risk_hotspot,SNP,311,C,T
P0926,1,TREM2,BG_P0926_TREM2_SNP1,background,SNP,326,C,A
P0926,1,TREM2,BG_P0926_TREM2_SNP2,background,SNP,574,G,C
P0926,1,TREM2,BG_P0926_TREM2_SNP3,background,SNP,296,G,C
P0927,0,APP,SYN_APP_R2,risk_hotspot,SNP,452,C,G
P0927,0,PSEN1,BG_P0927_PSEN1_SNP1,background,SNP,256,G,T
P0927,0,APOE,SYN_APOE_H1A,risk_hotspot,SNP,205,T,G
P0927,0,APOE,SYN_APOE_H1B,risk_hotspot,SNP,311,C,T
P0928,1,PSEN1,SYN_PSEN1_R1,risk_hotspot,SNP,133,C,A
P0928,1,PSEN1,SYN_PSEN1_R2,risk_hotspot,SNP,374,C,G
P0928,1,APOE,BG_P0928_APOE_SNP1,background,SNP,79,T,C
P0928,1,TREM2,BG_P0928_TREM2_SNP1,background,SNP,398,C,A
P0929,1,APP,SYN_APP_R3,risk_hotspot,DEL,688,TCC,-
P0929,1,PSEN2,BG_P0929_PSEN2_SNP1,background,SNP,392,T,C
P0929,1,APOE,SYN_APOE_H1A,risk_hotspot,SNP,205,T,G
P0929,1,APOE,SYN_APOE_H1B,risk_hotspot,SNP,311,C,T
P0930,1,APP,BG_P0930_APP_SNP1,background,SNP,296,A,T
P0930,1,PSEN2,SYN_PSEN2_R3,risk_hotspot,SNP,615,T,G
P0930,1,PSEN2,BG_P0930_PSEN2_SNP1,background,SNP,254,G,A
P0930,1,PSEN2,BG_P0930_PSEN2_SNP2,background,SNP,102,C,T
P0930,1,APOE,SYN_APOE_H1A,risk_hotspot,SNP,205,T,G
P0930,1,APOE,SYN_APOE_H1B,risk_hotspot,SNP,311,C,T
P0930,1,TREM2,SYN_TREM2_R1,risk_hotspot,SNP,251,C,A
P0930,1,TREM2,SYN_TREM2_R3,risk_hotspot,INS,604,-,AT
P0930,1,TREM2,BG_P0930_TREM2_SNP1,background,SNP,200,G,A
P0930,1,TREM2,BG_P0930_TREM2_INS,background,INS,198,-,TAG
P0931,0,APP,BG_P0931_APP_SNP1,background,SNP,797,G,A
P0931,0,PSEN2,BG_P0931_PSEN2_SNP1,background,SNP,466,T,A
P0931,0,TREM2,SYN_TREM2_R1,risk_hotspot,SNP,251,C,A
P0931,0,TREM2,BG_P0931_TREM2_SNP1,background,SNP,23,T,C
P0932,0,APP,BG_P0932_APP_SNP1,background,SNP,871,C,A
P0932,0,APP,BG_P0932_APP_SNP2,background,SNP,837,T,C
P0932,0,PSEN1,BG_P0932_PSEN1_SNP1,background,SNP,727,C,G
P0932,0,PSEN1,BG_P0932_PSEN1_DEL,background,DEL,237,TTG,-
P0932,0,PSEN2,BG_P0932_PSEN2_SNP1,background,SNP,144,T,G
P0933,1,APP,SYN_APP_R1,risk_hotspot,SNP,217,G,C
P0933,1,APP,BG_P0933_APP_SNP1,background,SNP,616,T,C
P0933,1,APP,BG_P0933_APP_SNP2,background,SNP,561,T,G
P0933,1,APP,BG_P0933_APP_SNP3,background,SNP,238,T,C
P0933,1,PSEN1,SYN_PSEN1_R1,risk_hotspot,SNP,133,C,A
P0933,1,PSEN2,SYN_PSEN2_R1,risk_hotspot,SNP,166,T,C
P0933,1,PSEN2,SYN_PSEN2_R3,risk_hotspot,SNP,615,T,G
P0933,1,APOE,SYN_APOE_H1A,risk_hotspot,SNP,205,T,G
P0933,1,APOE,SYN_APOE_H1B,risk_hotspot,SNP,311,C,T
P0933,1,APOE,BG_P0933_APOE_SNP1,background,SNP,226,T,G
P0934,1,APP,BG_P0934_APP_SNP1,background,SNP,793,A,T
P0934,1,PSEN1,SYN_PSEN1_R1,risk_hotspot,SNP,133,C,A
P0934,1,PSEN1,SYN_PSEN1_R2,risk_hotspot,SNP,374,C,G
P0934,1,PSEN1,BG_P0934_PSEN1_SNP1,background,SNP,676,T,A
P0934,1,APOE,SYN_APOE_H1A,risk_hotspot,SNP,205,T,G
P0934,1,APOE,SYN_APOE_H1B,risk_hotspot,SNP,311,C,T
P0934,1,TREM2,SYN_TREM2_R1,risk_hotspot,SNP,251,C,A
P0934,1,TREM2,BG_P0934_TREM2_SNP1,background,SNP,292,C,G
P0935,1,APP,SYN_APP_R2,risk_hotspot,SNP,452,C,G
P0935,1,PSEN1,SYN_PSEN1_R2,risk_hotspot,SNP,374,C,G
P0935,1,PSEN2,BG_P0935_PSEN2_SNP1,background,SNP,107,A,G
P0935,1,APOE,SYN_APOE_H1A,risk_hotspot,SNP,205,T,G
P0935,1,APOE,SYN_APOE_H1B,risk_hotspot,SNP,311,C,T
P0935,1,TREM2,SYN_TREM2_R1,risk_hotspot,SNP,251,C,A
P0935,1,TREM2,BG_P0935_TREM2_SNP1,background,SNP,570,T,C
P0936,0,APP,BG_P0936_APP_SNP1,background,SNP,864,G,T
P0936,0,PSEN1,BG_P0936_PSEN1_SNP1,background,SNP,591,A,G
P0936,0,PSEN2,BG_P0936_PSEN2_SNP1,background,SNP,557,C,T
P0936,0,APOE,BG_P0936_APOE_SNP1,background,SNP,85,C,A
P0936,0,APOE,BG_P0936_APOE_SNP2,background,SNP,102,C,G
P0936,0,TREM2,BG_P0936_TREM2_SNP1,background,SNP,127,G,T
P0937,1,APP,BG_P0937_APP_SNP1,background,SNP,375,C,T
P0937,1,APP,BG_P0937_APP_SNP2,background,SNP,484,A,C
P0937,1,PSEN1,BG_P0937_PSEN1_DEL,background,DEL,153,A,-
P0937,1,PSEN2,BG_P0937_PSEN2_SNP1,background,SNP,680,C,A
P0937,1,APOE,SYN_APOE_H1A,risk_hotspot,SNP,205,T,G
P0937,1,APOE,SYN_APOE_H1B,risk_hotspot,SNP,311,C,T
P0937,1,APOE,BG_P0937_APOE_SNP1,background,SNP,176,A,C
P0938,0,APP,SYN_APP_R1,risk_hotspot,SNP,217,G,C
P0938,0,PSEN1,BG_P0938_PSEN1_SNP1,background,SNP,593,C,G
P0938,0,PSEN2,BG_P0938_PSEN2_SNP1,background,SNP,344,G,C
P0938,0,APOE,SYN_APOE_H1A,risk_hotspot,SNP,205,T,G
P0938,0,APOE,SYN_APOE_H1B,risk_hotspot,SNP,311,C,T
P0938,0,APOE,BG_P0938_APOE_SNP1,background,SNP,132,C,A
P0939,1,PSEN2,BG_P0939_PSEN2_SNP1,background,SNP,265,G,T
P0939,1,APOE,SYN_APOE_H1A,risk_hotspot,SNP,205,T,G
P0939,1,APOE,SYN_APOE_H1B,risk_hotspot,SNP,311,C,T
P0939,1,APOE,BG_P0939_APOE_SNP1,background,SNP,512,G,A
P0939,1,TREM2,SYN_TREM2_R3,risk_hotspot,INS,604,-,AT
P0939,1,TREM2,BG_P0939_TREM2_SNP1,background,SNP,658,C,A
P0940,0,PSEN1,BG_P0940_PSEN1_SNP1,background,SNP,121,G,T
P0940,0,APOE,BG_P0940_APOE_SNP1,background,SNP,266,G,A
P0940,0,TREM2,BG_P0940_TREM2_SNP1,background,SNP,209,C,A
P0940,0,TREM2,BG_P0940_TREM2_SNP2,background,SNP,368,G,A
P0941,1,PSEN1,SYN_PSEN1_R2,risk_hotspot,SNP,374,C,G
P0941,1,PSEN1,BG_P0941_PSEN1_SNP1,background,SNP,395,A,T
P0941,1,PSEN1,BG_P0941_PSEN1_SNP2,background,SNP,750,G,T
P0941,1,PSEN2,BG_P0941_PSEN2_SNP1,background,SNP,26,G,C
P0941,1,APOE,SYN_APOE_H1A,risk_hotspot,SNP,205,T,G
P0941,1,APOE,SYN_APOE_H1B,risk_hotspot,SNP,311,C,T
P0941,1,APOE,BG_P0941_APOE_SNP1,background,SNP,325,C,A
P0941,1,APOE,BG_P0941_APOE_SNP2,background,SNP,482,C,G
P0941,1,TREM2,SYN_TREM2_R2,risk_hotspot,SNP,529,C,A
P0941,1,TREM2,BG_P0941_TREM2_SNP1,background,SNP,119,G,C
P0942,1,APP,SYN_APP_R1,risk_hotspot,SNP,217,G,C
P0942,1,APP,BG_P0942_APP_SNP1,background,SNP,236,T,G
P0942,1,APP,BG_P0942_APP_SNP2,background,SNP,650,A,T
P0942,1,APP,BG_P0942_APP_SNP3,background,SNP,726,T,C
P0942,1,APP,BG_P0942_APP_SNP4,background,SNP,294,C,G
P0942,1,TREM2,SYN_TREM2_R1,risk_hotspot,SNP,251,C,A
P0943,1,APP,SYN_APP_R2,risk_hotspot,SNP,452,C,G
P0943,1,PSEN1,BG_P0943_PSEN1_DEL,background,DEL,312,AT,-
P0943,1,APOE,SYN_APOE_H1A,risk_hotspot,SNP,205,T,G
P0943,1,APOE,SYN_APOE_H1B,risk_hotspot,SNP,311,C,T
P0943,1,APOE,BG_P0943_APOE_SNP1,background,SNP,63,G,T
P0943,1,APOE,BG_P0943_APOE_SNP2,background,SNP,228,T,C
P0943,1,TREM2,SYN_TREM2_R2,risk_hotspot,SNP,529,C,A
P0943,1,TREM2,BG_P0943_TREM2_SNP1,background,SNP,171,C,T
P0943,1,TREM2,BG_P0943_TREM2_SNP2,background,SNP,174,C,A
P0943,1,TREM2,BG_P0943_TREM2_SNP3,background,SNP,469,C,A
P0943,1,TREM2,BG_P0943_TREM2_SNP4,background,SNP,214,T,G
P0944,0,PSEN1,SYN_PSEN1_R2,risk_hotspot,SNP,374,C,G
P0944,0,PSEN2,BG_P0944_PSEN2_SNP1,background,SNP,282,C,T
P0944,0,TREM2,SYN_TREM2_R1,risk_hotspot,SNP,251,C,A
P0945,0,APP,SYN_APP_R1,risk_hotspot,SNP,217,G,C
P0945,0,PSEN1,BG_P0945_PSEN1_SNP1,background,SNP,206,C,A
P0945,0,PSEN1,BG_P0945_PSEN1_DEL,background,DEL,701,T,-
P0945,0,PSEN2,BG_P0945_PSEN2_SNP1,background,SNP,280,G,A
P0945,0,APOE,BG_P0945_APOE_SNP1,background,SNP,194,G,C
P0946,1,APP,BG_P0946_APP_SNP1,background,SNP,842,T,A
P0946,1,PSEN1,SYN_PSEN1_R1,risk_hotspot,SNP,133,C,A
P0946,1,PSEN1,BG_P0946_PSEN1_SNP1,background,SNP,389,C,G
P0946,1,PSEN1,BG_P0946_PSEN1_SNP2,background,SNP,363,A,T
P0946,1,PSEN2,SYN_PSEN2_R1,risk_hotspot,SNP,166,T,C
P0946,1,PSEN2,BG_P0946_PSEN2_INS,background,INS,575,-,ACT
P0946,1,APOE,BG_P0946_APOE_SNP1,background,SNP,30,G,A
P0946,1,TREM2,SYN_TREM2_R3,risk_hotspot,INS,604,-,AT
P0946,1,TREM2,BG_P0946_TREM2_SNP1,background,SNP,621,T,G
P0947,0,APOE,BG_P0947_APOE_SNP1,background,SNP,563,G,A
P0949,1,APP,BG_P0949_APP_SNP1,background,SNP,850,A,C
P0949,1,APP,BG_P0949_APP_SNP2,background,SNP,816,A,G
P0949,1,PSEN1,SYN_PSEN1_R1,risk_hotspot,SNP,133,C,A
P0949,1,PSEN1,BG_P0949_PSEN1_SNP1,background,SNP,488,C,T
P0949,1,APOE,BG_P0949_APOE_SNP1,background,SNP,139,T,G
P0949,1,TREM2,SYN_TREM2_R1,risk_hotspot,SNP,251,C,A
P0950,0,APP,BG_P0950_APP_SNP1,background,SNP,646,G,C
P0950,0,APOE,BG_P0950_APOE_SNP1,background,SNP,74,C,T
P0950,0,APOE,BG_P0950_APOE_SNP2,background,SNP,33,C,A
P0951,0,PSEN1,SYN_PSEN1_R1,risk_hotspot,SNP,133,C,A
P0951,0,APOE,BG_P0951_APOE_SNP1,background,SNP,173,A,C
P0951,0,TREM2,BG_P0951_TREM2_SNP1,background,SNP,30,C,A
P0951,0,TREM2,BG_P0951_TREM2_SNP2,background,SNP,366,G,C
P0951,0,TREM2,BG_P0951_TREM2_DEL,background,DEL,340,CA,-
P0952,1,APP,SYN_APP_R1,risk_hotspot,SNP,217,G,C
P0952,1,APP,BG_P0952_APP_DEL,background,DEL,746,GCT,-
P0952,1,PSEN2,SYN_PSEN2_R1,risk_hotspot,SNP,166,T,C
P0952,1,APOE,SYN_APOE_H1A,risk_hotspot,SNP,205,T,G
P0952,1,APOE,SYN_APOE_H1B,risk_hotspot,SNP,311,C,T
P0953,0,APP,BG_P0953_APP_SNP1,background,SNP,709,T,G
P0953,0,APP,BG_P0953_APP_DEL,background,DEL,459,CC,-
P0953,0,PSEN2,BG_P0953_PSEN2_SNP1,background,SNP,380,G,A
P0953,0,PSEN2,BG_P0953_PSEN2_SNP2,background,SNP,456,C,A
P0953,0,TREM2,BG_P0953_TREM2_SNP1,background,SNP,613,T,A
P0954,1,APP,SYN_APP_R1,risk_hotspot,SNP,217,G,C
P0954,1,PSEN1,SYN_PSEN1_R2,risk_hotspot,SNP,374,C,G
P0954,1,PSEN1,BG_P0954_PSEN1_SNP1,background,SNP,199,C,T
P0954,1,PSEN1,BG_P0954_PSEN1_SNP2,background,SNP,509,T,G
P0954,1,PSEN2,SYN_PSEN2_R3,risk_hotspot,SNP,615,T,G
P0954,1,PSEN2,BG_P0954_PSEN2_SNP1,background,SNP,244,T,A
P0954,1,APOE,SYN_APOE_H1A,risk_hotspot,SNP,205,T,G
P0954,1,APOE,SYN_APOE_H1B,risk_hotspot,SNP,311,C,T
P0954,1,APOE,BG_P0954_APOE_SNP1,background,SNP,432,C,A
P0954,1,APOE,BG_P0954_APOE_SNP2,background,SNP,82,C,A
P0954,1,TREM2,BG_P0954_TREM2_SNP1,background,SNP,523,A,G
P0955,1,PSEN1,BG_P0955_PSEN1_SNP1,background,SNP,155,A,T
P0955,1,PSEN2,BG_P0955_PSEN2_SNP1,background,SNP,357,G,C
P0955,1,APOE,SYN_APOE_H1A,risk_hotspot,SNP,205,T,G
P0955,1,APOE,SYN_APOE_H1B,risk_hotspot,SNP,311,C,T
P0956,0,APP,BG_P0956_APP_INS,background,INS,102,-,C
P0956,0,PSEN1,BG_P0956_PSEN1_SNP1,background,SNP,316,G,T
P0956,0,PSEN1,BG_P0956_PSEN1_SNP2,background,SNP,28,A,C
P0956,0,APOE,BG_P0956_APOE_SNP1,background,SNP,165,C,A
P0956,0,TREM2,BG_P0956_TREM2_SNP1,background,SNP,187,A,G
P0957,1,APP,BG_P0957_APP_SNP1,background,SNP,198,C,A
P0957,1,APP,BG_P0957_APP_SNP2,background,SNP,550,C,T
P0957,1,PSEN1,SYN_PSEN1_R2,risk_hotspot,SNP,374,C,G
P0957,1,APOE,SYN_APOE_H1A,risk_hotspot,SNP,205,T,G
P0957,1,APOE,SYN_APOE_H1B,risk_hotspot,SNP,311,C,T
P0957,1,TREM2,SYN_TREM2_R2,risk_hotspot,SNP,529,C,A
P0957,1,TREM2,BG_P0957_TREM2_SNP1,background,SNP,504,T,A
P0958,0,APP,BG_P0958_APP_SNP1,background,SNP,615,C,G
P0958,0,APP,BG_P0958_APP_SNP2,background,SNP,656,T,G
P0958,0,APP,BG_P0958_APP_SNP3,background,SNP,788,G,T
P0958,0,PSEN1,BG_P0958_PSEN1_SNP1,background,SNP,298,C,T
P0959,1,APP,BG_P0959_APP_SNP1,background,SNP,528,C,T
P0959,1,APP,BG_P0959_APP_DEL,background,DEL,856,CC,-
P0959,1,PSEN1,BG_P0959_PSEN1_SNP1,background,SNP,426,G,T
P0959,1,PSEN1,BG_P0959_PSEN1_SNP2,background,SNP,251,C,A
P0959,1,TREM2,BG_P0959_TREM2_SNP1,background,SNP,653,G,C
P0960,0,APP,BG_P0960_APP_SNP1,background,SNP,440,C,G
P0960,0,APP,BG_P0960_APP_SNP2,background,SNP,525,G,A
P0960,0,APP,BG_P0960_APP_SNP3,background,SNP,291,T,A
P0960,0,PSEN2,BG_P0960_PSEN2_SNP1,background,SNP,706,C,A
P0960,0,TREM2,BG_P0960_TREM2_SNP1,background,SNP,463,G,A
P0961,1,APP,BG_P0961_APP_SNP1,background,SNP,650,A,T
P0961,1,PSEN1,BG_P0961_PSEN1_SNP1,background,SNP,29,G,C
P0961,1,PSEN2,SYN_PSEN2_R3,risk_hotspot,SNP,615,T,G
P0961,1,PSEN2,BG_P0961_PSEN2_INS,background,INS,562,-,T
P0961,1,APOE,BG_P0961_APOE_SNP1,background,SNP,27,A,G
P0961,1,TREM2,BG_P0961_TREM2_SNP1,background,SNP,79,C,T
P0961,1,TREM2,BG_P0961_TREM2_SNP2,background,SNP,466,G,C
P0961,1,TREM2,BG_P0961_TREM2_SNP3,background,SNP,229,C,T
P0961,1,TREM2,BG_P0961_TREM2_SNP4,background,SNP,611,T,G
P0962,1,APP,BG_P0962_APP_SNP1,background,SNP,259,C,A
P0962,1,APP,BG_P0962_APP_SNP2,background,SNP,578,C,A
P0962,1,PSEN1,BG_P0962_PSEN1_SNP1,background,SNP,346,C,T
P0962,1,PSEN2,BG_P0962_PSEN2_SNP1,background,SNP,325,A,C
P0962,1,APOE,SYN_APOE_H1A,risk_hotspot,SNP,205,T,G
P0962,1,APOE,SYN_APOE_H1B,risk_hotspot,SNP,311,C,T
P0962,1,APOE,BG_P0962_APOE_SNP1,background,SNP,330,G,T
P0962,1,TREM2,BG_P0962_TREM2_SNP1,background,SNP,492,A,T
P0962,1,TREM2,BG_P0962_TREM2_SNP2,background,SNP,63,T,G
P0962,1,TREM2,BG_P0962_TREM2_INS,background,INS,55,-,AAT
P0963,0,APP,BG_P0963_APP_SNP1,background,SNP,36,G,C
P0963,0,PSEN2,BG_P0963_PSEN2_INS,background,INS,448,-,TG
P0963,0,TREM2,BG_P0963_TREM2_SNP1,background,SNP,486,T,C
P0964,0,PSEN1,BG_P0964_PSEN1_SNP1,background,SNP,48,G,T
P0964,0,PSEN1,BG_P0964_PSEN1_SNP2,background,SNP,490,T,G
P0964,0,PSEN2,BG_P0964_PSEN2_SNP1,background,SNP,324,T,C
P0964,0,APOE,BG_P0964_APOE_SNP1,background,SNP,430,C,T
P0964,0,TREM2,BG_P0964_TREM2_SNP1,background,SNP,450,G,T
P0964,0,TREM2,BG_P0964_TREM2_SNP2,background,SNP,367,T,G
P0964,0,TREM2,BG_P0964_TREM2_SNP3,background,SNP,592,T,C
P0965,0,APP,SYN_APP_R1,risk_hotspot,SNP,217,G,C
P0965,0,APP,BG_P0965_APP_SNP1,background,SNP,737,T,A
P0965,0,APP,BG_P0965_APP_SNP2,background,SNP,801,T,A
P0965,0,TREM2,SYN_TREM2_R2,risk_hotspot,SNP,529,C,A
P0966,0,APP,BG_P0966_APP_SNP1,background,SNP,429,T,G
P0966,0,PSEN1,BG_P0966_PSEN1_SNP1,background,SNP,482,C,A
P0966,0,PSEN1,BG_P0966_PSEN1_SNP2,background,SNP,692,G,C
P0966,0,PSEN1,BG_P0966_PSEN1_SNP3,background,SNP,594,G,T
P0966,0,PSEN2,BG_P0966_PSEN2_SNP1,background,SNP,133,T,G
P0966,0,TREM2,BG_P0966_TREM2_SNP1,background,SNP,393,C,T
P0966,0,TREM2,BG_P0966_TREM2_SNP2,background,SNP,551,C,A
P0967,0,APP,BG_P0967_APP_SNP1,background,SNP,469,C,G
P0967,0,PSEN1,BG_P0967_PSEN1_SNP1,background,SNP,176,T,A
P0967,0,PSEN2,BG_P0967_PSEN2_SNP1,background,SNP,560,C,A
P0968,0,APP,BG_P0968_APP_SNP1,background,SNP,619,A,C
P0968,0,APP,BG_P0968_APP_SNP2,background,SNP,57,A,G
P0968,0,APP,BG_P0968_APP_SNP3,background,SNP,150,C,A
P0968,0,PSEN1,SYN_PSEN1_R1,risk_hotspot,SNP,133,C,A
P0968,0,PSEN1,BG_P0968_PSEN1_SNP1,background,SNP,257,T,A
P0968,0,PSEN1,BG_P0968_PSEN1_SNP2,background,SNP,627,G,C
P0968,0,APOE,BG_P0968_APOE_SNP1,background,SNP,355,G,A
P0969,1,PSEN1,SYN_PSEN1_R1,risk_hotspot,SNP,133,C,A
P0969,1,PSEN1,SYN_PSEN1_R2,risk_hotspot,SNP,374,C,G
P0969,1,PSEN2,SYN_PSEN2_R2,risk_hotspot,DEL,407,GC,-
P0969,1,PSEN2,BG_P0969_PSEN2_SNP1,background,SNP,519,C,A
P0969,1,APOE,BG_P0969_APOE_SNP1,background,SNP,400,C,T
P0969,1,TREM2,BG_P0969_TREM2_SNP1,background,SNP,318,A,G
P0970,0,PSEN1,BG_P0970_PSEN1_SNP1,background,SNP,620,A,G
P0970,0,PSEN1,BG_P0970_PSEN1_SNP2,background,SNP,142,T,C
P0970,0,PSEN2,BG_P0970_PSEN2_SNP1,background,SNP,512,C,G
P0970,0,APOE,SYN_APOE_H1A,risk_hotspot,SNP,205,T,G
P0970,0,APOE,SYN_APOE_H1B,risk_hotspot,SNP,311,C,T
P0971,0,APP,BG_P0971_APP_SNP1,background,SNP,774,A,C
P0971,0,APP,BG_P0971_APP_SNP2,background,SNP,577,C,T
P0971,0,APP,BG_P0971_APP_SNP3,background,SNP,26,T,A
P0971,0,PSEN1,BG_P0971_PSEN1_SNP1,background,SNP,69,G,T
P0971,0,PSEN2,BG_P0971_PSEN2_SNP1,background,SNP,639,A,C
P0972,0,PSEN1,BG_P0972_PSEN1_SNP1,background,SNP,645,A,T
P0972,0,TREM2,BG_P0972_TREM2_SNP1,background,SNP,309,G,T
P0973,0,APP,BG_P0973_APP_SNP1,background,SNP,83,C,T
P0973,0,PSEN1,BG_P0973_PSEN1_SNP1,background,SNP,200,C,A
P0973,0,PSEN1,BG_P0973_PSEN1_INS,background,INS,358,-,G
P0973,0,PSEN2,BG_P0973_PSEN2_SNP1,background,SNP,587,T,C
P0973,0,APOE,SYN_APOE_H1A,risk_hotspot,SNP,205,T,G
P0973,0,APOE,SYN_APOE_H1B,risk_hotspot,SNP,311,C,T
P0973,0,APOE,BG_P0973_APOE_SNP1,background,SNP,275,G,T
P0974,0,APP,BG_P0974_APP_SNP1,background,SNP,359,G,C
P0974,0,PSEN2,BG_P0974_PSEN2_SNP1,background,SNP,509,C,G
P0975,0,APP,BG_P0975_APP_SNP1,background,SNP,648,C,T
P0975,0,APP,BG_P0975_APP_SNP2,background,SNP,402,A,T
P0975,0,APOE,BG_P0975_APOE_SNP1,background,SNP,122,G,T
P0975,0,TREM2,BG_P0975_TREM2_SNP1,background,SNP,204,C,T
P0976,0,APP,BG_P0976_APP_SNP1,background,SNP,651,T,C
P0976,0,APP,BG_P0976_APP_SNP2,background,SNP,70,A,T
P0976,0,PSEN1,BG_P0976_PSEN1_SNP1,background,SNP,706,G,T
P0976,0,APOE,SYN_APOE_H1A,risk_hotspot,SNP,205,T,G
P0976,0,APOE,SYN_APOE_H1B,risk_hotspot,SNP,311,C,T
P0977,1,APP,SYN_APP_R2,risk_hotspot,SNP,452,C,G
P0977,1,APP,BG_P0977_APP_SNP1,background,SNP,790,T,A
P0977,1,APP,BG_P0977_APP_SNP2,background,SNP,640,C,T
P0977,1,APP,BG_P0977_APP_SNP3,background,SNP,534,C,A
P0977,1,PSEN1,SYN_PSEN1_R1,risk_hotspot,SNP,133,C,A
P0977,1,APOE,SYN_APOE_H1A,risk_hotspot,SNP,205,T,G
P0977,1,APOE,SYN_APOE_H1B,risk_hotspot,SNP,311,C,T
P0978,0,PSEN1,BG_P0978_PSEN1_SNP1,background,SNP,483,G,C
P0978,0,PSEN1,BG_P0978_PSEN1_SNP2,background,SNP,125,G,T
P0979,0,APOE,BG_P0979_APOE_SNP1,background,SNP,378,C,A
P0980,0,PSEN1,BG_P0980_PSEN1_SNP1,background,SNP,665,T,G
P0980,0,PSEN2,BG_P0980_PSEN2_SNP1,background,SNP,341,T,G
P0981,0,PSEN2,BG_P0981_PSEN2_INS,background,INS,590,-,TGC
P0981,0,APOE,BG_P0981_APOE_SNP1,background,SNP,111,C,T
P0982,0,PSEN1,BG_P0982_PSEN1_SNP1,background,SNP,346,C,G
P0982,0,APOE,BG_P0982_APOE_SNP1,background,SNP,232,G,C
P0982,0,APOE,BG_P0982_APOE_SNP2,background,SNP,230,C,T
P0983,0,APP,BG_P0983_APP_SNP1,background,SNP,870,T,C
P0983,0,PSEN1,BG_P0983_PSEN1_SNP1,background,SNP,408,C,A
P0983,0,PSEN1,BG_P0983_PSEN1_SNP2,background,SNP,627,G,A
P0984,0,APP,SYN_APP_R1,risk_hotspot,SNP,217,G,C
P0984,0,APP,BG_P0984_APP_SNP1,background,SNP,165,G,A
P0984,0,PSEN1,BG_P0984_PSEN1_SNP1,background,SNP,64,A,T
P0984,0,PSEN2,BG_P0984_PSEN2_DEL,background,DEL,300,A,-
P0984,0,APOE,SYN_APOE_H1A,risk_hotspot,SNP,205,T,G
P0984,0,APOE,SYN_APOE_H1B,risk_hotspot,SNP,311,C,T
P0985,0,APP,SYN_APP_R2,risk_hotspot,SNP,452,C,G
P0985,0,PSEN1,BG_P0985_PSEN1_SNP1,background,SNP,504,G,A
P0986,1,APP,SYN_APP_R2,risk_hotspot,SNP,452,C,G
P0986,1,PSEN1,SYN_PSEN1_R1,risk_hotspot,SNP,133,C,A
P0986,1,PSEN1,SYN_PSEN1_R2,risk_hotspot,SNP,374,C,G
P0986,1,PSEN1,SYN_PSEN1_R3,risk_hotspot,INS,611,-,GCT
P0986,1,PSEN2,SYN_PSEN2_R3,risk_hotspot,SNP,615,T,G
P0986,1,APOE,SYN_APOE_H1A,risk_hotspot,SNP,205,T,G
P0986,1,APOE,SYN_APOE_H1B,risk_hotspot,SNP,311,C,T
P0986,1,APOE,BG_P0986_APOE_SNP1,background,SNP,115,G,A
P0987,1,APP,SYN_APP_R1,risk_hotspot,SNP,217,G,C
P0987,1,PSEN2,BG_P0987_PSEN2_SNP1,background,SNP,450,G,A
P0987,1,APOE,SYN_APOE_H1A,risk_hotspot,SNP,205,T,G
P0987,1,APOE,SYN_APOE_H1B,risk_hotspot,SNP,311,C,T
P0987,1,TREM2,SYN_TREM2_R1,risk_hotspot,SNP,251,C,A
P0987,1,TREM2,BG_P0987_TREM2_SNP1,background,SNP,166,C,T
P0988,0,PSEN2,BG_P0988_PSEN2_SNP1,background,SNP,322,C,A
P0988,0,APOE,SYN_APOE_H1A,risk_hotspot,SNP,205,T,G
P0988,0,APOE,SYN_APOE_H1B,risk_hotspot,SNP,311,C,T
P0988,0,TREM2,BG_P0988_TREM2_SNP1,background,SNP,239,C,T
P0989,1,APP,SYN_APP_R3,risk_hotspot,DEL,688,TCC,-
P0989,1,APP,BG_P0989_APP_SNP1,background,SNP,393,C,A
P0989,1,PSEN1,SYN_PSEN1_R1,risk_hotspot,SNP,133,C,A
P0989,1,PSEN1,SYN_PSEN1_R2,risk_hotspot,SNP,374,C,G
P0989,1,PSEN1,BG_P0989_PSEN1_SNP1,background,SNP,124,A,C
P0989,1,PSEN1,BG_P0989_PSEN1_SNP2,background,SNP,279,C,G
P0989,1,APOE,BG_P0989_APOE_INS,background,INS,501,-,TG
P0989,1,TREM2,SYN_TREM2_R1,risk_hotspot,SNP,251,C,A
P0990,0,PSEN2,SYN_PSEN2_R1,risk_hotspot,SNP,166,T,C
P0990,0,APOE,BG_P0990_APOE_SNP1,background,SNP,506,C,T
P0990,0,TREM2,BG_P0990_TREM2_SNP1,background,SNP,630,G,A
P0991,0,PSEN1,BG_P0991_PSEN1_SNP1,background,SNP,155,A,G
P0991,0,PSEN2,BG_P0991_PSEN2_SNP1,background,SNP,40,C,G
P0991,0,PSEN2,BG_P0991_PSEN2_SNP2,background,SNP,353,C,G
P0992,1,APP,BG_P0992_APP_SNP1,background,SNP,518,A,G
P0992,1,PSEN1,SYN_PSEN1_R1,risk_hotspot,SNP,133,C,A
P0992,1,PSEN2,BG_P0992_PSEN2_SNP1,background,SNP,725,T,C
P0992,1,APOE,SYN_APOE_H1A,risk_hotspot,SNP,205,T,G
P0992,1,APOE,SYN_APOE_H1B,risk_hotspot,SNP,311,C,T
P0992,1,APOE,BG_P0992_APOE_SNP1,background,SNP,198,C,G
P0992,1,TREM2,SYN_TREM2_R2,risk_hotspot,SNP,529,C,A
P0993,1,APP,BG_P0993_APP_SNP1,background,SNP,728,C,T
P0993,1,APP,BG_P0993_APP_SNP2,background,SNP,246,G,A
P0993,1,APP,BG_P0993_APP_DEL,background,DEL,552,GG,-
P0993,1,PSEN1,SYN_PSEN1_R1,risk_hotspot,SNP,133,C,A
P0993,1,PSEN1,BG_P0993_PSEN1_SNP1,background,SNP,235,C,A
P0993,1,PSEN2,SYN_PSEN2_R1,risk_hotspot,SNP,166,T,C
P0993,1,PSEN2,BG_P0993_PSEN2_SNP1,background,SNP,481,G,A
P0993,1,PSEN2,BG_P0993_PSEN2_SNP2,background,SNP,530,C,A
P0993,1,TREM2,BG_P0993_TREM2_SNP1,background,SNP,433,T,G
P0994,0,APP,BG_P0994_APP_SNP1,background,SNP,679,C,A
P0994,0,APP,BG_P0994_APP_SNP2,background,SNP,698,T,G
P0994,0,PSEN2,BG_P0994_PSEN2_SNP1,background,SNP,199,C,T
P0994,0,APOE,SYN_APOE_H1A,risk_hotspot,SNP,205,T,G
P0994,0,APOE,SYN_APOE_H1B,risk_hotspot,SNP,311,C,T
P0994,0,APOE,BG_P0994_APOE_SNP1,background,SNP,545,C,T
P0994,0,TREM2,BG_P0994_TREM2_SNP1,background,SNP,40,C,G
P0995,0,PSEN1,BG_P0995_PSEN1_SNP1,background,SNP,655,T,G
P0995,0,PSEN2,SYN_PSEN2_R1,risk_hotspot,SNP,166,T,C
P0995,0,PSEN2,BG_P0995_PSEN2_SNP1,background,SNP,199,C,T
P0995,0,APOE,BG_P0995_APOE_DEL,background,DEL,528,GG,-
P0996,1,PSEN1,SYN_PSEN1_R1,risk_hotspot,SNP,133,C,A
P0996,1,PSEN1,BG_P0996_PSEN1_SNP1,background,SNP,477,A,T
P0996,1,PSEN1,BG_P0996_PSEN1_SNP2,background,SNP,250,C,T
P0996,1,PSEN2,BG_P0996_PSEN2_SNP1,background,SNP,466,T,G
P0996,1,TREM2,SYN_TREM2_R1,risk_hotspot,SNP,251,C,A
P0997,1,APP,SYN_APP_R1,risk_hotspot,SNP,217,G,C
P0997,1,APP,SYN_APP_R2,risk_hotspot,SNP,452,C,G
P0997,1,APP,BG_P0997_APP_SNP1,background,SNP,516,A,T
P0997,1,PSEN1,BG_P0997_PSEN1_SNP1,background,SNP,605,A,T
P0997,1,PSEN2,BG_P0997_PSEN2_SNP1,background,SNP,102,C,A
P0997,1,PSEN2,BG_P0997_PSEN2_SNP2,background,SNP,99,G,T
P0997,1,APOE,SYN_APOE_H1A,risk_hotspot,SNP,205,T,G
P0997,1,APOE,SYN_APOE_H1B,risk_hotspot,SNP,311,C,T
P0998,0,PSEN1,BG_P0998_PSEN1_SNP1,background,SNP,174,T,C
P0998,0,PSEN2,BG_P0998_PSEN2_SNP1,background,SNP,120,C,T
P0998,0,PSEN2,BG_P0998_PSEN2_SNP2,background,SNP,242,G,A
P0998,0,TREM2,BG_P0998_TREM2_SNP1,background,SNP,67,T,A
P0998,0,TREM2,BG_P0998_TREM2_SNP2,background,SNP,313,G,T
P0999,0,APP,BG_P0999_APP_SNP1,background,SNP,405,A,G
P0999,0,APP,BG_P0999_APP_SNP2,background,SNP,463,A,T
P0999,0,PSEN2,BG_P0999_PSEN2_SNP1,background,SNP,622,G,A
P0999,0,PSEN2,BG_P0999_PSEN2_SNP2,background,SNP,190,A,C
P0999,0,APOE,BG_P0999_APOE_SNP1,background,SNP,503,C,A
P0999,0,TREM2,BG_P0999_TREM2_SNP1,background,SNP,259,T,A
P0999,0,TREM2,BG_P0999_TREM2_SNP2,background,SNP,652,T,C
P1000,1,PSEN2,BG_P1000_PSEN2_SNP1,background,SNP,555,A,T
P1000,1,APOE,SYN_APOE_H1A,risk_hotspot,SNP,205,T,G
P1000,1,APOE,SYN_APOE_H1B,risk_hotspot,SNP,311,C,T
P1000,1,TREM2,SYN_TREM2_R2,risk_hotspot,SNP,529,C,A
